Project_ID,Project_Name,Region,Province,Month,Budget,Actual_Spend,KPI_Target,KPI_Actual,Participants,Satisfaction
P00001,Community Health,North,Chiang Mai,Jan,956362,920076,100,77,352,4.11
P00002,Elderly Care,North,Chiang Mai,Jan,1350306,1040121,100,66,1358,4.36
P00003,Mental Health,North,Chiang Mai,Jan,1173689,847281,100,67,1719,4.49
P00004,Healthy School,North,Chiang Mai,Jan,552378,516830,100,94,2456,4.88
P00005,Food Safety,North,Chiang Mai,Jan,1164653,1007517,100,71,2684,4.53
P00006,NCD Prevention,North,Chiang Mai,Jan,1795828,1684093,100,61,523,4.47
P00007,Health Data,North,Chiang Mai,Jan,1270183,1230020,100,84,1246,4.5
P00008,Health Promotion,North,Chiang Mai,Jan,1049115,978691,100,78,356,3.81
P00009,Policy Development,North,Chiang Mai,Jan,1878286,1477041,100,83,2570,4.91
P00010,Network Strengthening,North,Chiang Mai,Jan,611954,494798,100,96,2033,4.22
P00011,Community Health,North,Chiang Mai,Feb,1390514,1298307,100,60,735,3.58
P00012,Elderly Care,North,Chiang Mai,Feb,1936727,1465254,100,92,1387,3.69
P00013,Mental Health,North,Chiang Mai,Feb,1644132,1473708,100,88,1766,4.43
P00014,Healthy School,North,Chiang Mai,Feb,930461,779748,100,77,175,3.98
P00015,Food Safety,North,Chiang Mai,Feb,1651417,1615887,100,96,1538,4.61
P00016,NCD Prevention,North,Chiang Mai,Feb,1592706,1540414,100,98,1150,3.81
P00017,Health Data,North,Chiang Mai,Feb,784187,643730,100,95,2949,4.74
P00018,Health Promotion,North,Chiang Mai,Feb,1240016,1195673,100,79,2643,4.26
P00019,Policy Development,North,Chiang Mai,Feb,806441,674612,100,67,2924,4.22
P00020,Network Strengthening,North,Chiang Mai,Feb,788636,782192,100,68,1168,4.36
P00021,Community Health,North,Chiang Mai,Mar,1986790,1404247,100,87,216,3.5
P00022,Elderly Care,North,Chiang Mai,Mar,1606786,1323317,100,78,1693,3.55
P00023,Mental Health,North,Chiang Mai,Mar,876641,636306,100,93,2349,4.73
P00024,Healthy School,North,Chiang Mai,Mar,1843715,1351705,100,87,150,4.41
P00025,Food Safety,North,Chiang Mai,Mar,1793444,1657443,100,94,1142,4.19
P00026,NCD Prevention,North,Chiang Mai,Mar,1247220,1116064,100,100,2057,4.19
P00027,Health Data,North,Chiang Mai,Mar,1186603,1084000,100,64,1506,3.59
P00028,Health Promotion,North,Chiang Mai,Mar,543647,500973,100,74,1108,3.64
P00029,Policy Development,North,Chiang Mai,Mar,1978796,1880383,100,97,2650,3.92
P00030,Network Strengthening,North,Chiang Mai,Mar,1790829,1286194,100,63,1714,4.16
P00031,Community Health,North,Chiang Mai,Apr,1054714,774552,100,75,1077,3.83
P00032,Elderly Care,North,Chiang Mai,Apr,953017,776642,100,60,2702,4.79
P00033,Mental Health,North,Chiang Mai,Apr,716939,649586,100,62,2953,4.41
P00034,Healthy School,North,Chiang Mai,Apr,1307925,1218916,100,94,252,4.5
P00035,Food Safety,North,Chiang Mai,Apr,1073211,883373,100,70,801,4.33
P00036,NCD Prevention,North,Chiang Mai,Apr,511148,411094,100,78,1846,3.51
P00037,Health Data,North,Chiang Mai,Apr,770283,579063,100,85,2604,4.41
P00038,Health Promotion,North,Chiang Mai,Apr,714145,644450,100,96,2857,4.31
P00039,Policy Development,North,Chiang Mai,Apr,1928211,1672809,100,63,1608,3.67
P00040,Network Strengthening,North,Chiang Mai,Apr,1109471,915059,100,73,2426,3.96
P00041,Community Health,North,Chiang Mai,May,669763,596205,100,92,2247,4.74
P00042,Elderly Care,North,Chiang Mai,May,1197448,1147225,100,86,767,3.77
P00043,Mental Health,North,Chiang Mai,May,1196382,868599,100,75,1146,4.14
P00044,Healthy School,North,Chiang Mai,May,1202763,992868,100,86,231,4.27
P00045,Food Safety,North,Chiang Mai,May,816806,780824,100,72,1307,4.69
P00046,NCD Prevention,North,Chiang Mai,May,1877083,1697119,100,68,1328,4.87
P00047,Health Data,North,Chiang Mai,May,1329977,1161770,100,61,1345,3.79
P00048,Health Promotion,North,Chiang Mai,May,1767861,1603940,100,91,2236,4.36
P00049,Policy Development,North,Chiang Mai,May,1437989,1076609,100,69,2305,4.65
P00050,Network Strengthening,North,Chiang Mai,May,1127266,817081,100,68,2422,4.78
P00051,Community Health,North,Chiang Mai,Jun,1885105,1475689,100,76,2697,3.93
P00052,Elderly Care,North,Chiang Mai,Jun,717072,695983,100,82,2004,4.16
P00053,Mental Health,North,Chiang Mai,Jun,517583,503937,100,81,1614,4.93
P00054,Healthy School,North,Chiang Mai,Jun,726907,606854,100,74,2149,3.84
P00055,Food Safety,North,Chiang Mai,Jun,640545,560817,100,74,955,4.91
P00056,NCD Prevention,North,Chiang Mai,Jun,929698,787436,100,91,2863,3.88
P00057,Health Data,North,Chiang Mai,Jun,891856,790151,100,89,488,4.11
P00058,Health Promotion,North,Chiang Mai,Jun,1467012,1176534,100,98,1533,4.54
P00059,Policy Development,North,Chiang Mai,Jun,713417,632592,100,83,1796,4.7
P00060,Network Strengthening,North,Chiang Mai,Jun,1439085,1318369,100,70,1054,3.64
P00061,Community Health,North,Chiang Mai,Jul,953668,903550,100,81,2824,4.99
P00062,Elderly Care,North,Chiang Mai,Jul,1962796,1876953,100,100,1529,4.92
P00063,Mental Health,North,Chiang Mai,Jul,1347209,1323079,100,73,2182,4.09
P00064,Healthy School,North,Chiang Mai,Jul,673756,511372,100,89,2001,3.52
P00065,Food Safety,North,Chiang Mai,Jul,509683,384960,100,64,1776,4.81
P00066,NCD Prevention,North,Chiang Mai,Jul,569427,435131,100,87,1770,4.18
P00067,Health Data,North,Chiang Mai,Jul,1716261,1378823,100,80,1797,4.31
P00068,Health Promotion,North,Chiang Mai,Jul,1828191,1565095,100,69,2303,3.89
P00069,Policy Development,North,Chiang Mai,Jul,1667674,1332221,100,91,2708,4.5
P00070,Network Strengthening,North,Chiang Mai,Jul,1810850,1756343,100,95,637,4.11
P00071,Community Health,North,Chiang Mai,Aug,1141711,818331,100,96,919,3.85
P00072,Elderly Care,North,Chiang Mai,Aug,1803466,1585051,100,99,2043,4.68
P00073,Mental Health,North,Chiang Mai,Aug,1018552,771344,100,75,1696,4.91
P00074,Healthy School,North,Chiang Mai,Aug,1587890,1138368,100,93,893,4.9
P00075,Food Safety,North,Chiang Mai,Aug,1869564,1385612,100,68,2873,3.63
P00076,NCD Prevention,North,Chiang Mai,Aug,989409,798777,100,86,1517,4.14
P00077,Health Data,North,Chiang Mai,Aug,1016008,724497,100,82,982,3.61
P00078,Health Promotion,North,Chiang Mai,Aug,1493064,1222131,100,69,1587,4.78
P00079,Policy Development,North,Chiang Mai,Aug,1062441,857514,100,86,1765,4.0
P00080,Network Strengthening,North,Chiang Mai,Aug,1241247,871928,100,98,2589,4.61
P00081,Community Health,North,Chiang Mai,Sep,1115481,817302,100,91,1589,3.59
P00082,Elderly Care,North,Chiang Mai,Sep,1286998,1111477,100,66,1435,3.71
P00083,Mental Health,North,Chiang Mai,Sep,1452561,1043905,100,99,1426,3.81
P00084,Healthy School,North,Chiang Mai,Sep,1787539,1371193,100,72,2059,3.67
P00085,Food Safety,North,Chiang Mai,Sep,635683,569743,100,64,2372,4.74
P00086,NCD Prevention,North,Chiang Mai,Sep,1078700,796890,100,66,1522,4.41
P00087,Health Data,North,Chiang Mai,Sep,982383,822903,100,71,2890,3.89
P00088,Health Promotion,North,Chiang Mai,Sep,894245,833558,100,99,1720,4.48
P00089,Policy Development,North,Chiang Mai,Sep,538922,444664,100,83,1609,4.8
P00090,Network Strengthening,North,Chiang Mai,Sep,537289,376707,100,82,1236,3.69
P00091,Community Health,North,Chiang Mai,Oct,1377472,1111366,100,93,1174,4.8
P00092,Elderly Care,North,Chiang Mai,Oct,782616,678470,100,96,2163,4.51
P00093,Mental Health,North,Chiang Mai,Oct,1838423,1743340,100,99,1087,3.79
P00094,Healthy School,North,Chiang Mai,Oct,550442,492899,100,78,995,4.21
P00095,Food Safety,North,Chiang Mai,Oct,1392919,985654,100,99,2399,4.54
P00096,NCD Prevention,North,Chiang Mai,Oct,1277771,1035829,100,77,2342,4.22
P00097,Health Data,North,Chiang Mai,Oct,826011,762984,100,96,1700,4.29
P00098,Health Promotion,North,Chiang Mai,Oct,1491177,1357692,100,65,421,4.24
P00099,Policy Development,North,Chiang Mai,Oct,518012,485400,100,61,2119,4.91
P00100,Network Strengthening,North,Chiang Mai,Oct,1362019,1271424,100,99,994,4.05
P00101,Community Health,North,Chiang Mai,Nov,563276,519987,100,69,1647,4.33
P00102,Elderly Care,North,Chiang Mai,Nov,1399355,1132729,100,77,363,3.85
P00103,Mental Health,North,Chiang Mai,Nov,1148491,1013087,100,90,1494,3.62
P00104,Healthy School,North,Chiang Mai,Nov,1829572,1680484,100,74,741,4.14
P00105,Food Safety,North,Chiang Mai,Nov,1403786,995998,100,81,2898,4.87
P00106,NCD Prevention,North,Chiang Mai,Nov,1736300,1278027,100,95,960,4.86
P00107,Health Data,North,Chiang Mai,Nov,1993140,1645422,100,97,1124,4.08
P00108,Health Promotion,North,Chiang Mai,Nov,1116935,897860,100,83,1238,4.65
P00109,Policy Development,North,Chiang Mai,Nov,1973525,1411974,100,67,2039,3.86
P00110,Network Strengthening,North,Chiang Mai,Nov,542164,451660,100,71,2024,4.43
P00111,Community Health,North,Chiang Mai,Dec,961768,903244,100,72,2411,4.99
P00112,Elderly Care,North,Chiang Mai,Dec,909591,837338,100,89,720,3.53
P00113,Mental Health,North,Chiang Mai,Dec,709505,512007,100,79,391,4.84
P00114,Healthy School,North,Chiang Mai,Dec,1656346,1511146,100,87,1796,4.53
P00115,Food Safety,North,Chiang Mai,Dec,1947007,1576537,100,72,994,4.68
P00116,NCD Prevention,North,Chiang Mai,Dec,670568,538610,100,80,487,3.77
P00117,Health Data,North,Chiang Mai,Dec,540234,520393,100,97,724,4.14
P00118,Health Promotion,North,Chiang Mai,Dec,1682436,1574607,100,72,270,4.18
P00119,Policy Development,North,Chiang Mai,Dec,1417574,1249549,100,71,1288,3.74
P00120,Network Strengthening,North,Chiang Mai,Dec,1994163,1953400,100,98,2026,3.89
P00121,Community Health,North,Chiang Rai,Jan,642066,492027,100,99,925,4.06
P00122,Elderly Care,North,Chiang Rai,Jan,1079664,839596,100,97,2437,3.88
P00123,Mental Health,North,Chiang Rai,Jan,692938,677169,100,94,1657,4.15
P00124,Healthy School,North,Chiang Rai,Jan,1780124,1631828,100,85,2344,4.81
P00125,Food Safety,North,Chiang Rai,Jan,849071,774112,100,100,2751,4.82
P00126,NCD Prevention,North,Chiang Rai,Jan,1154685,1013930,100,96,1332,3.54
P00127,Health Data,North,Chiang Rai,Jan,1126570,806884,100,98,2128,3.74
P00128,Health Promotion,North,Chiang Rai,Jan,951229,873622,100,75,360,3.75
P00129,Policy Development,North,Chiang Rai,Jan,656580,559896,100,95,1449,4.04
P00130,Network Strengthening,North,Chiang Rai,Jan,977478,813241,100,79,635,4.25
P00131,Community Health,North,Chiang Rai,Feb,1616473,1442457,100,87,1510,4.72
P00132,Elderly Care,North,Chiang Rai,Feb,867051,647377,100,80,575,3.51
P00133,Mental Health,North,Chiang Rai,Feb,709971,633162,100,88,729,4.74
P00134,Healthy School,North,Chiang Rai,Feb,1137561,920037,100,70,421,4.69
P00135,Food Safety,North,Chiang Rai,Feb,1626215,1622631,100,84,1630,3.62
P00136,NCD Prevention,North,Chiang Rai,Feb,965076,920473,100,88,2633,3.79
P00137,Health Data,North,Chiang Rai,Feb,1938104,1774030,100,74,176,4.58
P00138,Health Promotion,North,Chiang Rai,Feb,1019366,909965,100,95,540,4.3
P00139,Policy Development,North,Chiang Rai,Feb,1981371,1778031,100,90,2326,4.97
P00140,Network Strengthening,North,Chiang Rai,Feb,1274469,954883,100,86,2253,4.21
P00141,Community Health,North,Chiang Rai,Mar,581373,567098,100,86,1412,4.09
P00142,Elderly Care,North,Chiang Rai,Mar,966748,851123,100,91,331,4.07
P00143,Mental Health,North,Chiang Rai,Mar,1103225,947824,100,87,722,4.68
P00144,Healthy School,North,Chiang Rai,Mar,1840491,1702723,100,91,2947,4.96
P00145,Food Safety,North,Chiang Rai,Mar,1905938,1461281,100,62,2005,4.33
P00146,NCD Prevention,North,Chiang Rai,Mar,1653954,1263831,100,96,1501,4.93
P00147,Health Data,North,Chiang Rai,Mar,695821,632580,100,87,1127,4.84
P00148,Health Promotion,North,Chiang Rai,Mar,1619775,1506319,100,96,1560,4.51
P00149,Policy Development,North,Chiang Rai,Mar,554823,487525,100,60,2066,3.65
P00150,Network Strengthening,North,Chiang Rai,Mar,1215246,998087,100,98,1358,4.13
P00151,Community Health,North,Chiang Rai,Apr,1865537,1801512,100,85,2701,3.73
P00152,Elderly Care,North,Chiang Rai,Apr,1387496,1076328,100,81,1746,3.51
P00153,Mental Health,North,Chiang Rai,Apr,593301,531792,100,64,1167,4.33
P00154,Healthy School,North,Chiang Rai,Apr,1239807,1048585,100,91,1841,3.9
P00155,Food Safety,North,Chiang Rai,Apr,786237,634450,100,75,1164,4.48
P00156,NCD Prevention,North,Chiang Rai,Apr,514918,472441,100,86,1744,3.65
P00157,Health Data,North,Chiang Rai,Apr,554972,497814,100,73,158,4.87
P00158,Health Promotion,North,Chiang Rai,Apr,1345146,1252022,100,99,2647,3.97
P00159,Policy Development,North,Chiang Rai,Apr,862002,654597,100,80,975,4.01
P00160,Network Strengthening,North,Chiang Rai,Apr,1339082,1024202,100,72,1981,4.4
P00161,Community Health,North,Chiang Rai,May,1859968,1672387,100,67,390,4.11
P00162,Elderly Care,North,Chiang Rai,May,640850,501984,100,93,1865,4.78
P00163,Mental Health,North,Chiang Rai,May,1614829,1303985,100,84,557,4.0
P00164,Healthy School,North,Chiang Rai,May,1167609,1063642,100,70,250,4.03
P00165,Food Safety,North,Chiang Rai,May,935736,676494,100,70,1940,3.78
P00166,NCD Prevention,North,Chiang Rai,May,1100841,1100770,100,61,1195,3.92
P00167,Health Data,North,Chiang Rai,May,1954803,1787880,100,100,1507,3.67
P00168,Health Promotion,North,Chiang Rai,May,1860678,1683730,100,61,344,4.96
P00169,Policy Development,North,Chiang Rai,May,1002942,782050,100,80,2616,4.21
P00170,Network Strengthening,North,Chiang Rai,May,836879,801379,100,95,2843,3.86
P00171,Community Health,North,Chiang Rai,Jun,630284,607979,100,67,777,4.43
P00172,Elderly Care,North,Chiang Rai,Jun,1817836,1521818,100,93,925,3.51
P00173,Mental Health,North,Chiang Rai,Jun,1088143,962442,100,61,517,4.71
P00174,Healthy School,North,Chiang Rai,Jun,1301261,1022616,100,69,808,4.2
P00175,Food Safety,North,Chiang Rai,Jun,791558,557674,100,84,2658,4.34
P00176,NCD Prevention,North,Chiang Rai,Jun,1678434,1257776,100,72,1751,3.78
P00177,Health Data,North,Chiang Rai,Jun,919995,822790,100,93,698,3.79
P00178,Health Promotion,North,Chiang Rai,Jun,1289614,1268664,100,85,700,4.97
P00179,Policy Development,North,Chiang Rai,Jun,766631,629555,100,89,1572,4.37
P00180,Network Strengthening,North,Chiang Rai,Jun,1793715,1424365,100,62,2921,3.61
P00181,Community Health,North,Chiang Rai,Jul,1760598,1758444,100,80,1033,4.29
P00182,Elderly Care,North,Chiang Rai,Jul,512164,452578,100,83,2839,4.27
P00183,Mental Health,North,Chiang Rai,Jul,1727400,1622424,100,98,340,4.06
P00184,Healthy School,North,Chiang Rai,Jul,1058368,860751,100,65,662,4.58
P00185,Food Safety,North,Chiang Rai,Jul,1487177,1075211,100,63,487,4.9
P00186,NCD Prevention,North,Chiang Rai,Jul,1369867,1164979,100,82,2882,4.16
P00187,Health Data,North,Chiang Rai,Jul,1233075,917291,100,93,1542,4.53
P00188,Health Promotion,North,Chiang Rai,Jul,1594494,1141025,100,93,2346,4.21
P00189,Policy Development,North,Chiang Rai,Jul,1470962,1149669,100,71,325,4.66
P00190,Network Strengthening,North,Chiang Rai,Jul,1061406,1051120,100,95,1544,3.81
P00191,Community Health,North,Chiang Rai,Aug,604102,571749,100,95,1451,4.69
P00192,Elderly Care,North,Chiang Rai,Aug,1714932,1245687,100,66,2906,4.5
P00193,Mental Health,North,Chiang Rai,Aug,1506850,1091113,100,67,2879,4.33
P00194,Healthy School,North,Chiang Rai,Aug,1598294,1234206,100,82,2415,3.67
P00195,Food Safety,North,Chiang Rai,Aug,1204331,1145917,100,62,1565,3.75
P00196,NCD Prevention,North,Chiang Rai,Aug,1731942,1393028,100,91,729,4.11
P00197,Health Data,North,Chiang Rai,Aug,1258198,966468,100,100,2775,4.53
P00198,Health Promotion,North,Chiang Rai,Aug,1481930,1226423,100,61,2835,4.66
P00199,Policy Development,North,Chiang Rai,Aug,1065458,988584,100,93,2017,4.28
P00200,Network Strengthening,North,Chiang Rai,Aug,1174253,837239,100,63,2076,4.77
P00201,Community Health,North,Chiang Rai,Sep,584419,504926,100,81,366,4.62
P00202,Elderly Care,North,Chiang Rai,Sep,1977516,1928413,100,86,851,4.63
P00203,Mental Health,North,Chiang Rai,Sep,596799,525840,100,75,2459,3.51
P00204,Healthy School,North,Chiang Rai,Sep,1858275,1778280,100,66,1918,4.51
P00205,Food Safety,North,Chiang Rai,Sep,1366899,1116292,100,68,385,4.19
P00206,NCD Prevention,North,Chiang Rai,Sep,531366,389846,100,93,2081,3.93
P00207,Health Data,North,Chiang Rai,Sep,649173,510911,100,88,1218,3.77
P00208,Health Promotion,North,Chiang Rai,Sep,1545455,1122865,100,66,1389,4.45
P00209,Policy Development,North,Chiang Rai,Sep,1282872,1131466,100,64,1817,4.79
P00210,Network Strengthening,North,Chiang Rai,Sep,1516674,1419787,100,96,1740,3.82
P00211,Community Health,North,Chiang Rai,Oct,1393862,1052053,100,84,836,4.96
P00212,Elderly Care,North,Chiang Rai,Oct,848343,670043,100,72,280,3.61
P00213,Mental Health,North,Chiang Rai,Oct,1244759,1030320,100,81,2412,4.06
P00214,Healthy School,North,Chiang Rai,Oct,1481427,1143589,100,84,2426,4.32
P00215,Food Safety,North,Chiang Rai,Oct,1027040,790311,100,82,2473,4.53
P00216,NCD Prevention,North,Chiang Rai,Oct,510383,429238,100,91,2304,4.28
P00217,Health Data,North,Chiang Rai,Oct,820921,691869,100,92,153,4.6
P00218,Health Promotion,North,Chiang Rai,Oct,550581,428859,100,92,410,3.9
P00219,Policy Development,North,Chiang Rai,Oct,1017902,788918,100,89,2064,3.99
P00220,Network Strengthening,North,Chiang Rai,Oct,1570995,1338956,100,66,161,3.59
P00221,Community Health,North,Chiang Rai,Nov,1813958,1405000,100,71,531,4.84
P00222,Elderly Care,North,Chiang Rai,Nov,1365986,1184258,100,99,1656,4.26
P00223,Mental Health,North,Chiang Rai,Nov,760182,615340,100,82,751,4.02
P00224,Healthy School,North,Chiang Rai,Nov,678265,487182,100,87,1292,4.08
P00225,Food Safety,North,Chiang Rai,Nov,893431,650932,100,66,1613,4.2
P00226,NCD Prevention,North,Chiang Rai,Nov,1756240,1366823,100,76,858,4.92
P00227,Health Data,North,Chiang Rai,Nov,597827,539571,100,79,2018,3.97
P00228,Health Promotion,North,Chiang Rai,Nov,1536524,1359630,100,77,1352,4.85
P00229,Policy Development,North,Chiang Rai,Nov,904244,755482,100,66,2576,3.8
P00230,Network Strengthening,North,Chiang Rai,Nov,1980782,1626198,100,77,2807,4.72
P00231,Community Health,North,Chiang Rai,Dec,1228074,943180,100,86,2686,3.77
P00232,Elderly Care,North,Chiang Rai,Dec,931057,770619,100,88,1726,4.61
P00233,Mental Health,North,Chiang Rai,Dec,519363,493739,100,95,1301,4.89
P00234,Healthy School,North,Chiang Rai,Dec,1857155,1561865,100,98,2608,4.35
P00235,Food Safety,North,Chiang Rai,Dec,1062785,891305,100,88,2698,4.64
P00236,NCD Prevention,North,Chiang Rai,Dec,1888487,1660663,100,76,2354,4.62
P00237,Health Data,North,Chiang Rai,Dec,1298018,974053,100,60,411,4.74
P00238,Health Promotion,North,Chiang Rai,Dec,1107420,948293,100,67,1774,4.38
P00239,Policy Development,North,Chiang Rai,Dec,1256165,1085897,100,60,2174,3.58
P00240,Network Strengthening,North,Chiang Rai,Dec,1407144,1287697,100,82,2539,3.91
P00241,Community Health,North,Lampang,Jan,996283,969478,100,64,1871,4.72
P00242,Elderly Care,North,Lampang,Jan,830316,659777,100,85,225,3.52
P00243,Mental Health,North,Lampang,Jan,922532,729586,100,78,2403,4.19
P00244,Healthy School,North,Lampang,Jan,686488,563942,100,71,2704,4.12
P00245,Food Safety,North,Lampang,Jan,1448133,1225000,100,88,718,3.93
P00246,NCD Prevention,North,Lampang,Jan,1866316,1319810,100,65,2219,3.69
P00247,Health Data,North,Lampang,Jan,867777,813620,100,72,2991,4.91
P00248,Health Promotion,North,Lampang,Jan,525767,373071,100,77,2155,3.97
P00249,Policy Development,North,Lampang,Jan,1029061,726939,100,100,1269,4.0
P00250,Network Strengthening,North,Lampang,Jan,1791271,1742233,100,86,2191,3.94
P00251,Community Health,North,Lampang,Feb,1903048,1539794,100,80,368,4.95
P00252,Elderly Care,North,Lampang,Feb,676218,589732,100,77,2451,3.6
P00253,Mental Health,North,Lampang,Feb,1605374,1272691,100,60,2429,4.99
P00254,Healthy School,North,Lampang,Feb,1880318,1812247,100,100,2350,3.97
P00255,Food Safety,North,Lampang,Feb,512367,509633,100,80,1825,4.08
P00256,NCD Prevention,North,Lampang,Feb,1414338,1171747,100,88,1198,4.98
P00257,Health Data,North,Lampang,Feb,742650,707319,100,61,2889,3.54
P00258,Health Promotion,North,Lampang,Feb,1382059,1006809,100,69,253,4.66
P00259,Policy Development,North,Lampang,Feb,632116,502880,100,100,1340,3.97
P00260,Network Strengthening,North,Lampang,Feb,1204222,1083900,100,63,2172,4.56
P00261,Community Health,North,Lampang,Mar,653165,617118,100,63,287,4.12
P00262,Elderly Care,North,Lampang,Mar,1040672,832059,100,78,1855,4.43
P00263,Mental Health,North,Lampang,Mar,1451704,1251818,100,79,1830,4.81
P00264,Healthy School,North,Lampang,Mar,1164595,834869,100,64,1780,3.55
P00265,Food Safety,North,Lampang,Mar,1733043,1657667,100,83,2460,4.39
P00266,NCD Prevention,North,Lampang,Mar,622663,569940,100,86,2725,4.85
P00267,Health Data,North,Lampang,Mar,1473778,1410343,100,99,2037,4.61
P00268,Health Promotion,North,Lampang,Mar,1149012,928790,100,78,1496,4.16
P00269,Policy Development,North,Lampang,Mar,1525580,1485810,100,60,1766,4.32
P00270,Network Strengthening,North,Lampang,Mar,677931,621789,100,92,2778,4.56
P00271,Community Health,North,Lampang,Apr,1174266,987051,100,73,748,4.12
P00272,Elderly Care,North,Lampang,Apr,1372033,1162038,100,91,2310,4.79
P00273,Mental Health,North,Lampang,Apr,1504555,1337818,100,75,604,4.8
P00274,Healthy School,North,Lampang,Apr,1852786,1752558,100,99,1775,4.85
P00275,Food Safety,North,Lampang,Apr,1655986,1513114,100,78,791,4.22
P00276,NCD Prevention,North,Lampang,Apr,860448,646565,100,100,2027,3.6
P00277,Health Data,North,Lampang,Apr,1959312,1953301,100,85,1655,4.99
P00278,Health Promotion,North,Lampang,Apr,1861618,1470637,100,72,961,4.2
P00279,Policy Development,North,Lampang,Apr,1641712,1251016,100,94,2885,3.5
P00280,Network Strengthening,North,Lampang,Apr,1154671,896131,100,98,313,4.61
P00281,Community Health,North,Lampang,May,1669334,1326219,100,87,2630,4.54
P00282,Elderly Care,North,Lampang,May,1620559,1343001,100,60,805,4.57
P00283,Mental Health,North,Lampang,May,1562800,1128156,100,91,2533,4.39
P00284,Healthy School,North,Lampang,May,1831966,1712431,100,71,1376,4.45
P00285,Food Safety,North,Lampang,May,1166475,1063968,100,70,719,3.72
P00286,NCD Prevention,North,Lampang,May,1811635,1656230,100,74,2605,4.12
P00287,Health Data,North,Lampang,May,1067448,883173,100,63,2284,4.37
P00288,Health Promotion,North,Lampang,May,1886039,1884459,100,85,2764,4.57
P00289,Policy Development,North,Lampang,May,1449120,1231324,100,81,2340,4.16
P00290,Network Strengthening,North,Lampang,May,773056,568575,100,100,481,4.21
P00291,Community Health,North,Lampang,Jun,997895,989798,100,93,1637,4.3
P00292,Elderly Care,North,Lampang,Jun,765885,611421,100,95,337,4.99
P00293,Mental Health,North,Lampang,Jun,1761645,1272259,100,63,1510,4.57
P00294,Healthy School,North,Lampang,Jun,1695695,1555834,100,88,910,4.62
P00295,Food Safety,North,Lampang,Jun,995315,708257,100,71,2211,4.06
P00296,NCD Prevention,North,Lampang,Jun,529797,506751,100,71,1099,3.53
P00297,Health Data,North,Lampang,Jun,1038225,815716,100,63,2089,4.65
P00298,Health Promotion,North,Lampang,Jun,1868529,1609627,100,88,2078,4.63
P00299,Policy Development,North,Lampang,Jun,1132301,944504,100,98,1469,4.5
P00300,Network Strengthening,North,Lampang,Jun,1107146,935757,100,71,2361,3.86
P00301,Community Health,North,Lampang,Jul,602531,537080,100,86,2061,3.86
P00302,Elderly Care,North,Lampang,Jul,1524211,1286201,100,68,231,4.23
P00303,Mental Health,North,Lampang,Jul,1243949,1091354,100,72,242,4.15
P00304,Healthy School,North,Lampang,Jul,1370867,1041378,100,95,287,3.81
P00305,Food Safety,North,Lampang,Jul,1956440,1794922,100,94,2712,3.67
P00306,NCD Prevention,North,Lampang,Jul,1064099,826415,100,87,2088,4.9
P00307,Health Data,North,Lampang,Jul,1689965,1186667,100,91,1309,4.66
P00308,Health Promotion,North,Lampang,Jul,526532,479304,100,71,207,4.84
P00309,Policy Development,North,Lampang,Jul,833940,620656,100,81,1003,4.17
P00310,Network Strengthening,North,Lampang,Jul,759900,618443,100,86,1639,4.0
P00311,Community Health,North,Lampang,Aug,1130918,1013024,100,83,2161,4.88
P00312,Elderly Care,North,Lampang,Aug,1447871,1036960,100,90,490,4.48
P00313,Mental Health,North,Lampang,Aug,1754491,1291641,100,98,1753,3.7
P00314,Healthy School,North,Lampang,Aug,1396587,1189665,100,66,395,3.67
P00315,Food Safety,North,Lampang,Aug,1567758,1514866,100,81,1670,3.74
P00316,NCD Prevention,North,Lampang,Aug,1078234,915477,100,75,2846,4.09
P00317,Health Data,North,Lampang,Aug,1869301,1391794,100,79,1856,3.59
P00318,Health Promotion,North,Lampang,Aug,1403411,1205503,100,76,1340,4.12
P00319,Policy Development,North,Lampang,Aug,1353837,1052994,100,97,1519,4.4
P00320,Network Strengthening,North,Lampang,Aug,1654350,1563686,100,85,1251,4.99
P00321,Community Health,North,Lampang,Sep,1418500,1320386,100,61,1788,4.74
P00322,Elderly Care,North,Lampang,Sep,1957314,1833654,100,62,443,4.25
P00323,Mental Health,North,Lampang,Sep,1327478,1169660,100,80,1738,4.85
P00324,Healthy School,North,Lampang,Sep,1821898,1637939,100,89,1595,3.97
P00325,Food Safety,North,Lampang,Sep,1317767,1311250,100,80,2665,4.46
P00326,NCD Prevention,North,Lampang,Sep,1682254,1434131,100,83,2076,4.48
P00327,Health Data,North,Lampang,Sep,1890773,1675946,100,66,1032,3.69
P00328,Health Promotion,North,Lampang,Sep,710686,500784,100,90,684,3.95
P00329,Policy Development,North,Lampang,Sep,1657214,1628870,100,99,1107,4.14
P00330,Network Strengthening,North,Lampang,Sep,1521954,1176955,100,72,2158,4.91
P00331,Community Health,North,Lampang,Oct,1263359,989096,100,74,2964,4.99
P00332,Elderly Care,North,Lampang,Oct,936879,662748,100,66,2952,4.53
P00333,Mental Health,North,Lampang,Oct,1106385,1095731,100,82,950,3.66
P00334,Healthy School,North,Lampang,Oct,1818861,1380545,100,69,2462,4.33
P00335,Food Safety,North,Lampang,Oct,519483,470808,100,67,1945,4.05
P00336,NCD Prevention,North,Lampang,Oct,1133232,855624,100,68,235,4.22
P00337,Health Data,North,Lampang,Oct,1061997,832183,100,75,1761,3.9
P00338,Health Promotion,North,Lampang,Oct,1726747,1364271,100,63,2783,4.78
P00339,Policy Development,North,Lampang,Oct,1019821,899980,100,78,1757,3.88
P00340,Network Strengthening,North,Lampang,Oct,1552280,1309712,100,76,1864,4.44
P00341,Community Health,North,Lampang,Nov,1282799,970206,100,77,371,3.76
P00342,Elderly Care,North,Lampang,Nov,640834,487136,100,81,1565,4.21
P00343,Mental Health,North,Lampang,Nov,1054981,955475,100,82,2022,4.13
P00344,Healthy School,North,Lampang,Nov,647186,591149,100,76,354,3.56
P00345,Food Safety,North,Lampang,Nov,618373,537119,100,67,1582,4.99
P00346,NCD Prevention,North,Lampang,Nov,512310,459016,100,97,2744,3.72
P00347,Health Data,North,Lampang,Nov,1419720,1168847,100,68,2022,4.13
P00348,Health Promotion,North,Lampang,Nov,1781022,1527092,100,78,2839,4.29
P00349,Policy Development,North,Lampang,Nov,1334540,1174122,100,89,1822,4.36
P00350,Network Strengthening,North,Lampang,Nov,714129,519990,100,75,2851,3.99
P00351,Community Health,North,Lampang,Dec,821594,662119,100,75,1479,4.54
P00352,Elderly Care,North,Lampang,Dec,1685392,1569409,100,80,2563,4.78
P00353,Mental Health,North,Lampang,Dec,1352266,1286826,100,72,2919,3.57
P00354,Healthy School,North,Lampang,Dec,727021,638147,100,95,2680,3.88
P00355,Food Safety,North,Lampang,Dec,802377,725146,100,67,2770,4.42
P00356,NCD Prevention,North,Lampang,Dec,719529,601107,100,86,1229,4.47
P00357,Health Data,North,Lampang,Dec,1918900,1517816,100,67,661,3.64
P00358,Health Promotion,North,Lampang,Dec,1009800,841221,100,90,655,3.56
P00359,Policy Development,North,Lampang,Dec,965631,886032,100,74,453,4.7
P00360,Network Strengthening,North,Lampang,Dec,1508847,1211478,100,96,942,3.76
P00361,Community Health,North,Lamphun,Jan,1529687,1178474,100,84,2590,3.53
P00362,Elderly Care,North,Lamphun,Jan,894505,693026,100,91,458,4.68
P00363,Mental Health,North,Lamphun,Jan,1545177,1332486,100,76,1322,3.96
P00364,Healthy School,North,Lamphun,Jan,1114170,945392,100,83,738,3.62
P00365,Food Safety,North,Lamphun,Jan,1123883,1088652,100,75,2547,4.81
P00366,NCD Prevention,North,Lamphun,Jan,1313095,1142814,100,68,841,4.46
P00367,Health Data,North,Lamphun,Jan,1765169,1687900,100,75,1160,4.38
P00368,Health Promotion,North,Lamphun,Jan,1905074,1650464,100,74,2962,3.98
P00369,Policy Development,North,Lamphun,Jan,1011666,709779,100,91,2061,4.34
P00370,Network Strengthening,North,Lamphun,Jan,1940537,1679081,100,60,2906,4.82
P00371,Community Health,North,Lamphun,Feb,1248714,1111814,100,89,1711,4.87
P00372,Elderly Care,North,Lamphun,Feb,1608952,1191125,100,88,353,3.61
P00373,Mental Health,North,Lamphun,Feb,1932570,1700819,100,90,1014,3.89
P00374,Healthy School,North,Lamphun,Feb,972444,728694,100,98,749,3.85
P00375,Food Safety,North,Lamphun,Feb,880412,713658,100,75,414,4.49
P00376,NCD Prevention,North,Lamphun,Feb,1746402,1665165,100,78,407,4.67
P00377,Health Data,North,Lamphun,Feb,727485,701247,100,62,2637,3.81
P00378,Health Promotion,North,Lamphun,Feb,1978722,1455557,100,81,447,4.59
P00379,Policy Development,North,Lamphun,Feb,888789,840549,100,61,2563,4.36
P00380,Network Strengthening,North,Lamphun,Feb,1697090,1357160,100,86,2872,3.54
P00381,Community Health,North,Lamphun,Mar,886409,862335,100,73,2921,4.92
P00382,Elderly Care,North,Lamphun,Mar,1152081,1058423,100,81,958,4.99
P00383,Mental Health,North,Lamphun,Mar,1859360,1367163,100,77,1672,4.61
P00384,Healthy School,North,Lamphun,Mar,655186,461237,100,75,1101,3.93
P00385,Food Safety,North,Lamphun,Mar,1703420,1530650,100,81,1693,4.14
P00386,NCD Prevention,North,Lamphun,Mar,1409147,1220718,100,67,1539,4.83
P00387,Health Data,North,Lamphun,Mar,648271,519480,100,88,1512,3.52
P00388,Health Promotion,North,Lamphun,Mar,1638282,1591544,100,69,1072,4.8
P00389,Policy Development,North,Lamphun,Mar,791802,733553,100,94,973,4.84
P00390,Network Strengthening,North,Lamphun,Mar,1479010,1355302,100,84,2542,4.9
P00391,Community Health,North,Lamphun,Apr,1054837,764500,100,83,2570,4.46
P00392,Elderly Care,North,Lamphun,Apr,626867,549743,100,61,856,3.62
P00393,Mental Health,North,Lamphun,Apr,1355510,1079988,100,94,2760,4.58
P00394,Healthy School,North,Lamphun,Apr,1164705,848195,100,84,642,4.98
P00395,Food Safety,North,Lamphun,Apr,720941,521342,100,96,651,4.34
P00396,NCD Prevention,North,Lamphun,Apr,607656,443451,100,64,2731,4.17
P00397,Health Data,North,Lamphun,Apr,1424724,1388240,100,86,1618,4.23
P00398,Health Promotion,North,Lamphun,Apr,1793598,1442247,100,99,1587,4.15
P00399,Policy Development,North,Lamphun,Apr,1317638,980338,100,65,1630,4.92
P00400,Network Strengthening,North,Lamphun,Apr,1142935,833776,100,75,2398,4.49
P00401,Community Health,North,Lamphun,May,821528,623748,100,94,2621,3.94
P00402,Elderly Care,North,Lamphun,May,1534600,1518048,100,95,465,4.14
P00403,Mental Health,North,Lamphun,May,919378,753204,100,89,2169,4.07
P00404,Healthy School,North,Lamphun,May,690159,557753,100,81,2393,4.51
P00405,Food Safety,North,Lamphun,May,1464706,1196213,100,78,490,4.26
P00406,NCD Prevention,North,Lamphun,May,1112095,1053830,100,82,2154,3.5
P00407,Health Data,North,Lamphun,May,779636,686401,100,68,574,4.36
P00408,Health Promotion,North,Lamphun,May,1190000,870768,100,66,1744,4.65
P00409,Policy Development,North,Lamphun,May,1163413,824275,100,79,1259,4.22
P00410,Network Strengthening,North,Lamphun,May,1605039,1171670,100,88,1844,3.9
P00411,Community Health,North,Lamphun,Jun,1625513,1314622,100,72,1175,4.26
P00412,Elderly Care,North,Lamphun,Jun,1530963,1359253,100,65,881,4.19
P00413,Mental Health,North,Lamphun,Jun,1387944,1010436,100,98,682,3.97
P00414,Healthy School,North,Lamphun,Jun,1665650,1175578,100,68,2976,4.37
P00415,Food Safety,North,Lamphun,Jun,1309324,1205042,100,84,692,3.71
P00416,NCD Prevention,North,Lamphun,Jun,735606,669240,100,88,1104,4.17
P00417,Health Data,North,Lamphun,Jun,1642283,1236287,100,80,2172,3.71
P00418,Health Promotion,North,Lamphun,Jun,1719734,1248749,100,64,1735,4.41
P00419,Policy Development,North,Lamphun,Jun,564938,561527,100,96,816,4.33
P00420,Network Strengthening,North,Lamphun,Jun,1101040,890158,100,86,2284,4.5
P00421,Community Health,North,Lamphun,Jul,1599178,1580421,100,71,1719,4.74
P00422,Elderly Care,North,Lamphun,Jul,1242257,1224228,100,78,2276,4.25
P00423,Mental Health,North,Lamphun,Jul,1231868,1223906,100,95,640,3.67
P00424,Healthy School,North,Lamphun,Jul,1749186,1379739,100,60,1991,4.68
P00425,Food Safety,North,Lamphun,Jul,736066,659239,100,90,1275,4.83
P00426,NCD Prevention,North,Lamphun,Jul,921174,686601,100,74,204,4.2
P00427,Health Data,North,Lamphun,Jul,1215675,1187327,100,60,418,4.24
P00428,Health Promotion,North,Lamphun,Jul,1639958,1335984,100,93,2245,3.83
P00429,Policy Development,North,Lamphun,Jul,1726187,1616471,100,78,603,4.65
P00430,Network Strengthening,North,Lamphun,Jul,1306223,1219410,100,97,2780,4.54
P00431,Community Health,North,Lamphun,Aug,1128912,1120146,100,65,2610,4.29
P00432,Elderly Care,North,Lamphun,Aug,1881142,1862851,100,60,1458,4.43
P00433,Mental Health,North,Lamphun,Aug,600388,462368,100,98,1678,4.73
P00434,Healthy School,North,Lamphun,Aug,1349877,1265752,100,67,381,3.67
P00435,Food Safety,North,Lamphun,Aug,694427,507808,100,63,2012,4.19
P00436,NCD Prevention,North,Lamphun,Aug,1296302,1179765,100,73,2964,3.7
P00437,Health Data,North,Lamphun,Aug,903434,694386,100,60,1162,4.89
P00438,Health Promotion,North,Lamphun,Aug,1161755,1000723,100,67,2223,4.04
P00439,Policy Development,North,Lamphun,Aug,948325,671984,100,100,2422,3.58
P00440,Network Strengthening,North,Lamphun,Aug,1393968,1212715,100,86,2067,4.44
P00441,Community Health,North,Lamphun,Sep,1277193,1265660,100,73,2923,3.58
P00442,Elderly Care,North,Lamphun,Sep,608962,507785,100,63,2183,4.81
P00443,Mental Health,North,Lamphun,Sep,1495755,1054165,100,78,2422,3.94
P00444,Healthy School,North,Lamphun,Sep,1600050,1351315,100,86,2477,4.27
P00445,Food Safety,North,Lamphun,Sep,874801,684765,100,80,1705,4.71
P00446,NCD Prevention,North,Lamphun,Sep,1154027,1076024,100,91,2195,4.92
P00447,Health Data,North,Lamphun,Sep,531634,389094,100,94,710,3.55
P00448,Health Promotion,North,Lamphun,Sep,1277553,1236072,100,91,1885,4.43
P00449,Policy Development,North,Lamphun,Sep,1695765,1623127,100,75,2610,3.73
P00450,Network Strengthening,North,Lamphun,Sep,1903044,1392245,100,96,2001,4.51
P00451,Community Health,North,Lamphun,Oct,657332,558608,100,76,1020,4.27
P00452,Elderly Care,North,Lamphun,Oct,1817361,1326675,100,60,2847,4.44
P00453,Mental Health,North,Lamphun,Oct,500240,499987,100,61,398,4.85
P00454,Healthy School,North,Lamphun,Oct,1875684,1614716,100,90,1045,4.27
P00455,Food Safety,North,Lamphun,Oct,531427,496101,100,100,1360,3.98
P00456,NCD Prevention,North,Lamphun,Oct,1775714,1753494,100,63,1489,3.84
P00457,Health Data,North,Lamphun,Oct,630353,525484,100,68,1909,3.92
P00458,Health Promotion,North,Lamphun,Oct,1321770,1118160,100,100,2356,4.95
P00459,Policy Development,North,Lamphun,Oct,513071,404647,100,60,1295,4.73
P00460,Network Strengthening,North,Lamphun,Oct,503655,427996,100,69,2014,4.26
P00461,Community Health,North,Lamphun,Nov,1584642,1109684,100,86,1914,3.78
P00462,Elderly Care,North,Lamphun,Nov,1263971,1047281,100,81,976,4.69
P00463,Mental Health,North,Lamphun,Nov,1385084,1094197,100,97,2667,4.1
P00464,Healthy School,North,Lamphun,Nov,1384085,1160680,100,60,819,4.92
P00465,Food Safety,North,Lamphun,Nov,1306811,1034657,100,60,1733,3.52
P00466,NCD Prevention,North,Lamphun,Nov,838776,826372,100,71,1446,4.56
P00467,Health Data,North,Lamphun,Nov,634267,515470,100,84,1969,4.96
P00468,Health Promotion,North,Lamphun,Nov,678866,594107,100,97,2701,3.59
P00469,Policy Development,North,Lamphun,Nov,1735088,1665043,100,76,2165,4.3
P00470,Network Strengthening,North,Lamphun,Nov,1060566,830148,100,62,1192,4.33
P00471,Community Health,North,Lamphun,Dec,956789,926232,100,68,1558,3.84
P00472,Elderly Care,North,Lamphun,Dec,1637633,1193411,100,71,2524,4.87
P00473,Mental Health,North,Lamphun,Dec,1502655,1253681,100,80,212,4.03
P00474,Healthy School,North,Lamphun,Dec,1186348,832543,100,79,2897,4.96
P00475,Food Safety,North,Lamphun,Dec,1283661,1259749,100,60,1534,4.39
P00476,NCD Prevention,North,Lamphun,Dec,527672,453431,100,100,430,3.59
P00477,Health Data,North,Lamphun,Dec,1309735,1304090,100,100,1754,3.63
P00478,Health Promotion,North,Lamphun,Dec,1841334,1552525,100,64,321,4.76
P00479,Policy Development,North,Lamphun,Dec,1523582,1077328,100,77,2284,4.01
P00480,Network Strengthening,North,Lamphun,Dec,714607,536334,100,96,2695,4.0
P00481,Community Health,North,Mae Hong Son,Jan,1536691,1327429,100,91,1495,4.12
P00482,Elderly Care,North,Mae Hong Son,Jan,1977617,1502972,100,73,1957,4.74
P00483,Mental Health,North,Mae Hong Son,Jan,689124,612512,100,76,1851,4.88
P00484,Healthy School,North,Mae Hong Son,Jan,559449,497529,100,98,169,4.72
P00485,Food Safety,North,Mae Hong Son,Jan,1413211,1291012,100,79,2441,4.6
P00486,NCD Prevention,North,Mae Hong Son,Jan,1854653,1344601,100,98,1384,4.65
P00487,Health Data,North,Mae Hong Son,Jan,948971,755337,100,93,2480,4.04
P00488,Health Promotion,North,Mae Hong Son,Jan,759153,553435,100,70,436,3.83
P00489,Policy Development,North,Mae Hong Son,Jan,879872,792330,100,69,1175,3.6
P00490,Network Strengthening,North,Mae Hong Son,Jan,1759501,1527670,100,73,1035,3.79
P00491,Community Health,North,Mae Hong Son,Feb,571019,475533,100,72,1296,4.78
P00492,Elderly Care,North,Mae Hong Son,Feb,594034,456359,100,87,350,4.66
P00493,Mental Health,North,Mae Hong Son,Feb,1810086,1395215,100,95,1629,4.22
P00494,Healthy School,North,Mae Hong Son,Feb,960647,830724,100,62,782,4.16
P00495,Food Safety,North,Mae Hong Son,Feb,887001,861971,100,64,2254,4.84
P00496,NCD Prevention,North,Mae Hong Son,Feb,1211405,1084460,100,82,1810,4.86
P00497,Health Data,North,Mae Hong Son,Feb,693344,613263,100,73,2452,4.63
P00498,Health Promotion,North,Mae Hong Son,Feb,576393,528924,100,67,600,4.39
P00499,Policy Development,North,Mae Hong Son,Feb,717470,610293,100,72,903,4.86
P00500,Network Strengthening,North,Mae Hong Son,Feb,940431,714013,100,97,374,4.28
P00501,Community Health,North,Mae Hong Son,Mar,1020677,867502,100,72,2819,4.55
P00502,Elderly Care,North,Mae Hong Son,Mar,1278052,1120675,100,95,2306,4.94
P00503,Mental Health,North,Mae Hong Son,Mar,1622312,1461636,100,75,2982,3.63
P00504,Healthy School,North,Mae Hong Son,Mar,1953238,1674032,100,91,166,4.56
P00505,Food Safety,North,Mae Hong Son,Mar,1551480,1132073,100,91,2043,3.75
P00506,NCD Prevention,North,Mae Hong Son,Mar,776800,691799,100,72,2361,4.99
P00507,Health Data,North,Mae Hong Son,Mar,1351159,1183945,100,79,2712,3.97
P00508,Health Promotion,North,Mae Hong Son,Mar,1130147,896089,100,81,1471,4.92
P00509,Policy Development,North,Mae Hong Son,Mar,1669843,1284829,100,62,1644,4.48
P00510,Network Strengthening,North,Mae Hong Son,Mar,1302550,1097653,100,90,1913,4.62
P00511,Community Health,North,Mae Hong Son,Apr,1281797,1045781,100,81,2024,4.05
P00512,Elderly Care,North,Mae Hong Son,Apr,1381926,989152,100,90,178,4.3
P00513,Mental Health,North,Mae Hong Son,Apr,746219,588119,100,95,1664,4.47
P00514,Healthy School,North,Mae Hong Son,Apr,1148207,848894,100,78,2683,3.97
P00515,Food Safety,North,Mae Hong Son,Apr,1162612,1088202,100,84,2022,4.49
P00516,NCD Prevention,North,Mae Hong Son,Apr,1797192,1553059,100,89,1589,3.72
P00517,Health Data,North,Mae Hong Son,Apr,1387481,1241792,100,87,1050,4.35
P00518,Health Promotion,North,Mae Hong Son,Apr,828428,817869,100,97,2749,3.79
P00519,Policy Development,North,Mae Hong Son,Apr,871194,767746,100,78,1974,4.61
P00520,Network Strengthening,North,Mae Hong Son,Apr,1382198,1064915,100,100,1821,4.64
P00521,Community Health,North,Mae Hong Son,May,1201379,1069096,100,83,907,4.97
P00522,Elderly Care,North,Mae Hong Son,May,1078280,891795,100,62,326,4.2
P00523,Mental Health,North,Mae Hong Son,May,1592572,1346813,100,80,2320,3.56
P00524,Healthy School,North,Mae Hong Son,May,1954790,1424660,100,78,2856,4.54
P00525,Food Safety,North,Mae Hong Son,May,1167972,856792,100,82,1121,4.64
P00526,NCD Prevention,North,Mae Hong Son,May,1526368,1201630,100,85,774,4.52
P00527,Health Data,North,Mae Hong Son,May,1167679,878211,100,74,2651,3.87
P00528,Health Promotion,North,Mae Hong Son,May,730598,727412,100,72,2262,4.59
P00529,Policy Development,North,Mae Hong Son,May,785184,755374,100,61,562,3.71
P00530,Network Strengthening,North,Mae Hong Son,May,1606347,1230744,100,70,1883,3.84
P00531,Community Health,North,Mae Hong Son,Jun,1650776,1200977,100,83,2041,4.88
P00532,Elderly Care,North,Mae Hong Son,Jun,957404,775439,100,79,1389,4.88
P00533,Mental Health,North,Mae Hong Son,Jun,1629957,1491163,100,76,1305,4.35
P00534,Healthy School,North,Mae Hong Son,Jun,1094733,1008326,100,99,1473,3.85
P00535,Food Safety,North,Mae Hong Son,Jun,1628815,1150919,100,78,2604,4.08
P00536,NCD Prevention,North,Mae Hong Son,Jun,1457484,1058460,100,63,1548,3.69
P00537,Health Data,North,Mae Hong Son,Jun,695164,631009,100,76,709,4.35
P00538,Health Promotion,North,Mae Hong Son,Jun,1485096,1086445,100,96,1015,3.87
P00539,Policy Development,North,Mae Hong Son,Jun,1022039,972905,100,90,805,3.77
P00540,Network Strengthening,North,Mae Hong Son,Jun,1304936,1042376,100,66,590,4.22
P00541,Community Health,North,Mae Hong Son,Jul,973758,766631,100,92,1725,4.57
P00542,Elderly Care,North,Mae Hong Son,Jul,561540,468827,100,82,786,3.93
P00543,Mental Health,North,Mae Hong Son,Jul,740673,592206,100,70,2444,3.73
P00544,Healthy School,North,Mae Hong Son,Jul,538380,386267,100,64,2229,4.95
P00545,Food Safety,North,Mae Hong Son,Jul,1149776,943914,100,63,2909,4.49
P00546,NCD Prevention,North,Mae Hong Son,Jul,1542544,1418994,100,71,1764,4.22
P00547,Health Data,North,Mae Hong Son,Jul,793179,766174,100,69,2483,4.82
P00548,Health Promotion,North,Mae Hong Son,Jul,1820574,1645987,100,89,1611,4.54
P00549,Policy Development,North,Mae Hong Son,Jul,585632,559875,100,74,699,4.79
P00550,Network Strengthening,North,Mae Hong Son,Jul,1352308,1092491,100,69,1743,3.62
P00551,Community Health,North,Mae Hong Son,Aug,568047,425529,100,89,1245,4.45
P00552,Elderly Care,North,Mae Hong Son,Aug,1140418,941854,100,98,2929,4.35
P00553,Mental Health,North,Mae Hong Son,Aug,652405,576164,100,76,656,3.76
P00554,Healthy School,North,Mae Hong Son,Aug,717494,616419,100,82,2838,4.83
P00555,Food Safety,North,Mae Hong Son,Aug,1521918,1346619,100,60,961,3.99
P00556,NCD Prevention,North,Mae Hong Son,Aug,706254,630099,100,64,243,3.86
P00557,Health Data,North,Mae Hong Son,Aug,1044146,794865,100,93,2630,4.87
P00558,Health Promotion,North,Mae Hong Son,Aug,1538113,1400013,100,65,1319,4.76
P00559,Policy Development,North,Mae Hong Son,Aug,1198319,1108398,100,76,1840,3.95
P00560,Network Strengthening,North,Mae Hong Son,Aug,887424,744836,100,79,1667,3.89
P00561,Community Health,North,Mae Hong Son,Sep,1047304,977321,100,70,2105,4.31
P00562,Elderly Care,North,Mae Hong Son,Sep,557251,468075,100,96,512,4.55
P00563,Mental Health,North,Mae Hong Son,Sep,1268647,930541,100,87,185,4.42
P00564,Healthy School,North,Mae Hong Son,Sep,1546643,1164332,100,83,2118,3.6
P00565,Food Safety,North,Mae Hong Son,Sep,1763403,1440032,100,93,161,4.83
P00566,NCD Prevention,North,Mae Hong Son,Sep,1708076,1563808,100,89,2370,4.52
P00567,Health Data,North,Mae Hong Son,Sep,814529,618110,100,71,393,4.32
P00568,Health Promotion,North,Mae Hong Son,Sep,874479,850066,100,86,1824,3.93
P00569,Policy Development,North,Mae Hong Son,Sep,844824,808940,100,84,567,4.98
P00570,Network Strengthening,North,Mae Hong Son,Sep,907712,647719,100,98,1497,4.31
P00571,Community Health,North,Mae Hong Son,Oct,1544733,1294389,100,66,1722,4.56
P00572,Elderly Care,North,Mae Hong Son,Oct,863369,734233,100,69,1662,4.39
P00573,Mental Health,North,Mae Hong Son,Oct,1009496,802351,100,74,1208,4.85
P00574,Healthy School,North,Mae Hong Son,Oct,544409,421657,100,71,1836,3.93
P00575,Food Safety,North,Mae Hong Son,Oct,1414798,1262668,100,66,2146,4.05
P00576,NCD Prevention,North,Mae Hong Son,Oct,899036,792788,100,77,412,4.67
P00577,Health Data,North,Mae Hong Son,Oct,1845723,1330700,100,61,898,3.72
P00578,Health Promotion,North,Mae Hong Son,Oct,1182033,981046,100,97,555,4.33
P00579,Policy Development,North,Mae Hong Son,Oct,1926956,1359868,100,90,2422,4.54
P00580,Network Strengthening,North,Mae Hong Son,Oct,1840725,1837882,100,60,2468,4.02
P00581,Community Health,North,Mae Hong Son,Nov,1197798,1027101,100,97,814,3.69
P00582,Elderly Care,North,Mae Hong Son,Nov,1123646,921519,100,76,2932,4.14
P00583,Mental Health,North,Mae Hong Son,Nov,685167,503279,100,90,250,4.73
P00584,Healthy School,North,Mae Hong Son,Nov,1610351,1469096,100,61,472,3.64
P00585,Food Safety,North,Mae Hong Son,Nov,610848,463560,100,98,578,3.57
P00586,NCD Prevention,North,Mae Hong Son,Nov,1575264,1322029,100,61,1573,3.69
P00587,Health Data,North,Mae Hong Son,Nov,1242003,1026296,100,79,340,4.04
P00588,Health Promotion,North,Mae Hong Son,Nov,1597417,1399794,100,100,1290,4.6
P00589,Policy Development,North,Mae Hong Son,Nov,1506606,1303387,100,94,1643,3.78
P00590,Network Strengthening,North,Mae Hong Son,Nov,833020,678369,100,88,1371,4.07
P00591,Community Health,North,Mae Hong Son,Dec,618170,493475,100,66,2907,4.82
P00592,Elderly Care,North,Mae Hong Son,Dec,695250,595561,100,94,2467,4.12
P00593,Mental Health,North,Mae Hong Son,Dec,1328629,1000452,100,61,1581,4.77
P00594,Healthy School,North,Mae Hong Son,Dec,1123907,816729,100,61,2408,4.08
P00595,Food Safety,North,Mae Hong Son,Dec,1068428,774228,100,65,2514,4.49
P00596,NCD Prevention,North,Mae Hong Son,Dec,1631023,1549884,100,72,551,3.7
P00597,Health Data,North,Mae Hong Son,Dec,981949,932148,100,88,1184,3.51
P00598,Health Promotion,North,Mae Hong Son,Dec,580474,494552,100,96,692,4.92
P00599,Policy Development,North,Mae Hong Son,Dec,1222516,922606,100,73,2842,4.37
P00600,Network Strengthening,North,Mae Hong Son,Dec,1822414,1799247,100,83,2694,4.16
P00601,Community Health,North,Nan,Jan,772522,666687,100,85,1094,3.72
P00602,Elderly Care,North,Nan,Jan,1700908,1414994,100,60,2305,4.4
P00603,Mental Health,North,Nan,Jan,1651334,1405077,100,100,2582,3.68
P00604,Healthy School,North,Nan,Jan,671870,485314,100,79,332,3.93
P00605,Food Safety,North,Nan,Jan,1811747,1671704,100,82,309,3.88
P00606,NCD Prevention,North,Nan,Jan,986499,914739,100,96,936,4.75
P00607,Health Data,North,Nan,Jan,929081,718622,100,62,2695,3.58
P00608,Health Promotion,North,Nan,Jan,806889,642243,100,91,475,4.12
P00609,Policy Development,North,Nan,Jan,1495530,1088711,100,76,478,3.74
P00610,Network Strengthening,North,Nan,Jan,927448,766331,100,72,1007,4.16
P00611,Community Health,North,Nan,Feb,1547276,1272952,100,61,410,4.58
P00612,Elderly Care,North,Nan,Feb,517191,462032,100,77,554,4.9
P00613,Mental Health,North,Nan,Feb,1427836,1421696,100,93,1043,3.9
P00614,Healthy School,North,Nan,Feb,1618345,1420443,100,94,810,4.71
P00615,Food Safety,North,Nan,Feb,611404,537872,100,78,1780,4.88
P00616,NCD Prevention,North,Nan,Feb,1003825,974705,100,79,166,4.24
P00617,Health Data,North,Nan,Feb,1962684,1718446,100,61,1562,4.66
P00618,Health Promotion,North,Nan,Feb,1090045,822435,100,93,383,4.51
P00619,Policy Development,North,Nan,Feb,526352,370969,100,90,2438,4.76
P00620,Network Strengthening,North,Nan,Feb,726828,647331,100,92,1592,3.58
P00621,Community Health,North,Nan,Mar,741589,611057,100,77,1259,3.53
P00622,Elderly Care,North,Nan,Mar,1311654,1278183,100,71,449,4.67
P00623,Mental Health,North,Nan,Mar,900488,788982,100,86,1411,4.91
P00624,Healthy School,North,Nan,Mar,803190,586230,100,98,2005,4.05
P00625,Food Safety,North,Nan,Mar,1024556,794992,100,92,270,4.82
P00626,NCD Prevention,North,Nan,Mar,1430665,1383911,100,69,2253,4.08
P00627,Health Data,North,Nan,Mar,1041970,783508,100,61,2043,4.93
P00628,Health Promotion,North,Nan,Mar,1417354,1078172,100,78,1206,4.69
P00629,Policy Development,North,Nan,Mar,1281457,989586,100,71,2503,4.97
P00630,Network Strengthening,North,Nan,Mar,933176,662043,100,73,2878,3.79
P00631,Community Health,North,Nan,Apr,750491,749741,100,65,2225,4.9
P00632,Elderly Care,North,Nan,Apr,1026629,956720,100,80,417,3.77
P00633,Mental Health,North,Nan,Apr,1592719,1379105,100,84,1112,3.88
P00634,Healthy School,North,Nan,Apr,1337811,1084087,100,87,914,3.67
P00635,Food Safety,North,Nan,Apr,923035,726655,100,72,2576,4.27
P00636,NCD Prevention,North,Nan,Apr,1930316,1381192,100,80,806,3.55
P00637,Health Data,North,Nan,Apr,873470,809739,100,78,583,4.31
P00638,Health Promotion,North,Nan,Apr,1389782,1346479,100,88,338,4.26
P00639,Policy Development,North,Nan,Apr,1457739,1049167,100,80,386,4.81
P00640,Network Strengthening,North,Nan,Apr,1294939,1119241,100,84,2777,4.99
P00641,Community Health,North,Nan,May,1485707,1349192,100,75,425,3.51
P00642,Elderly Care,North,Nan,May,1502211,1205911,100,96,2355,4.65
P00643,Mental Health,North,Nan,May,1891332,1353059,100,92,1600,4.45
P00644,Healthy School,North,Nan,May,1851972,1811857,100,67,2543,4.19
P00645,Food Safety,North,Nan,May,1523291,1223864,100,71,1625,4.93
P00646,NCD Prevention,North,Nan,May,1827412,1638577,100,89,1411,4.74
P00647,Health Data,North,Nan,May,1467701,1364837,100,97,555,4.76
P00648,Health Promotion,North,Nan,May,555463,550952,100,85,240,3.67
P00649,Policy Development,North,Nan,May,1792026,1688977,100,69,1311,4.12
P00650,Network Strengthening,North,Nan,May,1243287,945157,100,93,1430,3.71
P00651,Community Health,North,Nan,Jun,1687394,1593337,100,91,2957,4.94
P00652,Elderly Care,North,Nan,Jun,705804,516726,100,68,278,4.33
P00653,Mental Health,North,Nan,Jun,586934,432667,100,61,1113,4.45
P00654,Healthy School,North,Nan,Jun,564999,560481,100,97,758,4.06
P00655,Food Safety,North,Nan,Jun,1726508,1212227,100,96,1942,4.06
P00656,NCD Prevention,North,Nan,Jun,1383310,1325240,100,80,735,3.76
P00657,Health Data,North,Nan,Jun,1789408,1399989,100,84,705,4.33
P00658,Health Promotion,North,Nan,Jun,1820912,1421885,100,66,598,3.78
P00659,Policy Development,North,Nan,Jun,1807994,1502983,100,74,725,3.69
P00660,Network Strengthening,North,Nan,Jun,897735,662232,100,62,1792,3.87
P00661,Community Health,North,Nan,Jul,1496327,1422294,100,82,1461,3.87
P00662,Elderly Care,North,Nan,Jul,1434905,1033019,100,73,392,3.57
P00663,Mental Health,North,Nan,Jul,655462,483057,100,69,955,4.19
P00664,Healthy School,North,Nan,Jul,1073473,810535,100,100,2539,3.85
P00665,Food Safety,North,Nan,Jul,720281,568646,100,60,788,4.32
P00666,NCD Prevention,North,Nan,Jul,1167318,1060806,100,95,1522,4.21
P00667,Health Data,North,Nan,Jul,1148502,945384,100,93,2084,3.87
P00668,Health Promotion,North,Nan,Jul,1848082,1297458,100,66,2032,4.88
P00669,Policy Development,North,Nan,Jul,1838431,1467484,100,70,977,3.93
P00670,Network Strengthening,North,Nan,Jul,733859,692825,100,70,2597,4.92
P00671,Community Health,North,Nan,Aug,1537940,1080196,100,83,772,4.35
P00672,Elderly Care,North,Nan,Aug,1702904,1581597,100,66,1751,4.89
P00673,Mental Health,North,Nan,Aug,575080,547382,100,68,404,4.24
P00674,Healthy School,North,Nan,Aug,620725,594084,100,82,1727,4.28
P00675,Food Safety,North,Nan,Aug,1325912,1180461,100,95,295,4.35
P00676,NCD Prevention,North,Nan,Aug,1794217,1360475,100,95,1514,3.71
P00677,Health Data,North,Nan,Aug,1052096,907938,100,76,2536,3.75
P00678,Health Promotion,North,Nan,Aug,1149615,932951,100,80,1500,4.55
P00679,Policy Development,North,Nan,Aug,822219,621071,100,68,1625,3.74
P00680,Network Strengthening,North,Nan,Aug,758277,545609,100,65,1347,3.6
P00681,Community Health,North,Nan,Sep,1302318,1103272,100,89,2809,4.73
P00682,Elderly Care,North,Nan,Sep,1601409,1481962,100,80,692,4.22
P00683,Mental Health,North,Nan,Sep,959932,868105,100,82,2837,4.34
P00684,Healthy School,North,Nan,Sep,1838151,1405746,100,100,1699,4.86
P00685,Food Safety,North,Nan,Sep,1324545,1222147,100,84,2575,4.38
P00686,NCD Prevention,North,Nan,Sep,773535,669517,100,88,1981,4.0
P00687,Health Data,North,Nan,Sep,1018006,981524,100,74,2725,4.05
P00688,Health Promotion,North,Nan,Sep,1743448,1626082,100,65,2853,4.43
P00689,Policy Development,North,Nan,Sep,694084,523706,100,68,619,3.8
P00690,Network Strengthening,North,Nan,Sep,510529,408323,100,80,2648,3.99
P00691,Community Health,North,Nan,Oct,1620671,1571526,100,90,422,4.39
P00692,Elderly Care,North,Nan,Oct,1775311,1616628,100,62,2908,4.88
P00693,Mental Health,North,Nan,Oct,1694667,1305690,100,95,2441,4.79
P00694,Healthy School,North,Nan,Oct,607116,551709,100,97,2238,3.98
P00695,Food Safety,North,Nan,Oct,1046987,956823,100,66,662,4.15
P00696,NCD Prevention,North,Nan,Oct,1812043,1671983,100,86,2057,4.03
P00697,Health Data,North,Nan,Oct,1361185,1005543,100,60,758,3.95
P00698,Health Promotion,North,Nan,Oct,1328343,935494,100,90,1173,4.62
P00699,Policy Development,North,Nan,Oct,1435883,1354470,100,86,186,3.94
P00700,Network Strengthening,North,Nan,Oct,626653,506860,100,91,1975,4.9
P00701,Community Health,North,Nan,Nov,890966,670830,100,78,900,4.3
P00702,Elderly Care,North,Nan,Nov,625120,553823,100,74,1614,4.42
P00703,Mental Health,North,Nan,Nov,779960,692487,100,65,1209,4.75
P00704,Healthy School,North,Nan,Nov,1854449,1426798,100,62,222,3.67
P00705,Food Safety,North,Nan,Nov,638004,565408,100,80,2153,3.79
P00706,NCD Prevention,North,Nan,Nov,1712815,1330402,100,94,868,4.71
P00707,Health Data,North,Nan,Nov,553722,475617,100,64,2475,4.43
P00708,Health Promotion,North,Nan,Nov,1340348,1326533,100,69,2619,3.88
P00709,Policy Development,North,Nan,Nov,786278,763648,100,74,2793,4.42
P00710,Network Strengthening,North,Nan,Nov,981645,712301,100,97,394,4.51
P00711,Community Health,North,Nan,Dec,716785,518165,100,75,1988,4.56
P00712,Elderly Care,North,Nan,Dec,1014387,985085,100,82,1722,4.75
P00713,Mental Health,North,Nan,Dec,711621,600415,100,80,2383,4.91
P00714,Healthy School,North,Nan,Dec,531264,412415,100,90,687,4.41
P00715,Food Safety,North,Nan,Dec,882280,838741,100,73,2762,4.51
P00716,NCD Prevention,North,Nan,Dec,887639,638685,100,69,1606,4.91
P00717,Health Data,North,Nan,Dec,1574889,1529109,100,73,1950,3.72
P00718,Health Promotion,North,Nan,Dec,1427567,1039256,100,72,2770,4.67
P00719,Policy Development,North,Nan,Dec,1967245,1488915,100,80,1032,3.88
P00720,Network Strengthening,North,Nan,Dec,924451,740244,100,91,1774,4.33
P00721,Community Health,North,Phayao,Jan,1710376,1536318,100,61,593,3.92
P00722,Elderly Care,North,Phayao,Jan,1287325,1013302,100,85,2633,4.81
P00723,Mental Health,North,Phayao,Jan,1217300,895195,100,81,1810,4.22
P00724,Healthy School,North,Phayao,Jan,959505,708658,100,73,2143,4.79
P00725,Food Safety,North,Phayao,Jan,997776,744274,100,79,1473,3.55
P00726,NCD Prevention,North,Phayao,Jan,515083,393760,100,89,1980,3.89
P00727,Health Data,North,Phayao,Jan,1066033,972612,100,92,2812,4.85
P00728,Health Promotion,North,Phayao,Jan,637310,456394,100,94,1751,3.61
P00729,Policy Development,North,Phayao,Jan,1826432,1497137,100,85,2698,4.75
P00730,Network Strengthening,North,Phayao,Jan,669384,541890,100,60,1871,4.78
P00731,Community Health,North,Phayao,Feb,780929,619811,100,98,1003,4.08
P00732,Elderly Care,North,Phayao,Feb,967774,825805,100,71,633,4.88
P00733,Mental Health,North,Phayao,Feb,673151,571764,100,69,316,4.76
P00734,Healthy School,North,Phayao,Feb,1182285,1175021,100,66,600,4.69
P00735,Food Safety,North,Phayao,Feb,785729,564604,100,90,1394,3.96
P00736,NCD Prevention,North,Phayao,Feb,1061218,790772,100,74,1458,4.07
P00737,Health Data,North,Phayao,Feb,1207946,1098737,100,62,939,3.58
P00738,Health Promotion,North,Phayao,Feb,1270301,956687,100,79,1154,4.76
P00739,Policy Development,North,Phayao,Feb,1545391,1181828,100,63,2478,3.94
P00740,Network Strengthening,North,Phayao,Feb,1448933,1340668,100,92,1423,3.67
P00741,Community Health,North,Phayao,Mar,650518,551197,100,98,2086,4.87
P00742,Elderly Care,North,Phayao,Mar,1846805,1523085,100,99,186,4.59
P00743,Mental Health,North,Phayao,Mar,1112446,1003421,100,61,1407,4.26
P00744,Healthy School,North,Phayao,Mar,715606,679993,100,88,758,3.9
P00745,Food Safety,North,Phayao,Mar,1949050,1946709,100,72,1419,4.49
P00746,NCD Prevention,North,Phayao,Mar,920687,886860,100,87,408,4.96
P00747,Health Data,North,Phayao,Mar,558602,491639,100,61,313,3.83
P00748,Health Promotion,North,Phayao,Mar,554142,430349,100,65,1618,4.87
P00749,Policy Development,North,Phayao,Mar,1376700,1005991,100,84,900,4.8
P00750,Network Strengthening,North,Phayao,Mar,750243,658911,100,88,2924,3.69
P00751,Community Health,North,Phayao,Apr,1132438,1125678,100,99,1584,4.95
P00752,Elderly Care,North,Phayao,Apr,1626077,1380066,100,61,1016,4.48
P00753,Mental Health,North,Phayao,Apr,1921290,1408093,100,70,2857,4.48
P00754,Healthy School,North,Phayao,Apr,1050313,862432,100,93,1186,3.65
P00755,Food Safety,North,Phayao,Apr,1997041,1487882,100,91,1530,4.23
P00756,NCD Prevention,North,Phayao,Apr,1496022,1211875,100,70,1764,3.79
P00757,Health Data,North,Phayao,Apr,1691091,1192290,100,69,1101,4.79
P00758,Health Promotion,North,Phayao,Apr,606792,447017,100,90,387,4.55
P00759,Policy Development,North,Phayao,Apr,842895,806189,100,93,2640,4.02
P00760,Network Strengthening,North,Phayao,Apr,1385088,1116915,100,67,1753,3.9
P00761,Community Health,North,Phayao,May,1213491,1010831,100,95,2482,4.45
P00762,Elderly Care,North,Phayao,May,1873802,1750193,100,70,434,4.22
P00763,Mental Health,North,Phayao,May,1193732,1151953,100,84,808,4.06
P00764,Healthy School,North,Phayao,May,1334657,1103168,100,67,2365,3.75
P00765,Food Safety,North,Phayao,May,503920,390402,100,74,2168,3.76
P00766,NCD Prevention,North,Phayao,May,1687507,1610596,100,69,1949,4.97
P00767,Health Data,North,Phayao,May,1324042,1026811,100,83,1853,3.79
P00768,Health Promotion,North,Phayao,May,1497627,1422716,100,89,1235,4.09
P00769,Policy Development,North,Phayao,May,1874536,1598980,100,94,2821,3.69
P00770,Network Strengthening,North,Phayao,May,1748257,1517265,100,83,422,4.03
P00771,Community Health,North,Phayao,Jun,559696,554755,100,97,2711,3.57
P00772,Elderly Care,North,Phayao,Jun,552621,446610,100,72,1023,3.74
P00773,Mental Health,North,Phayao,Jun,1831832,1561877,100,68,893,4.11
P00774,Healthy School,North,Phayao,Jun,831460,749238,100,99,2360,4.77
P00775,Food Safety,North,Phayao,Jun,1210725,1131407,100,92,323,3.74
P00776,NCD Prevention,North,Phayao,Jun,1874897,1755324,100,88,1906,4.06
P00777,Health Data,North,Phayao,Jun,543152,414507,100,95,2286,3.89
P00778,Health Promotion,North,Phayao,Jun,588780,553029,100,95,743,3.52
P00779,Policy Development,North,Phayao,Jun,868158,824797,100,77,2142,3.86
P00780,Network Strengthening,North,Phayao,Jun,615558,487455,100,64,527,4.05
P00781,Community Health,North,Phayao,Jul,1663742,1565886,100,78,2824,4.37
P00782,Elderly Care,North,Phayao,Jul,1608841,1412490,100,95,2205,4.91
P00783,Mental Health,North,Phayao,Jul,624159,452671,100,86,1175,4.71
P00784,Healthy School,North,Phayao,Jul,1410562,1045107,100,75,1682,4.77
P00785,Food Safety,North,Phayao,Jul,1456434,1103493,100,99,1552,3.97
P00786,NCD Prevention,North,Phayao,Jul,1553836,1437515,100,95,2120,4.41
P00787,Health Data,North,Phayao,Jul,831004,716303,100,66,2759,4.06
P00788,Health Promotion,North,Phayao,Jul,1153810,1118905,100,92,1000,4.56
P00789,Policy Development,North,Phayao,Jul,1019853,785989,100,64,1873,4.41
P00790,Network Strengthening,North,Phayao,Jul,944646,696590,100,92,752,4.67
P00791,Community Health,North,Phayao,Aug,895611,681548,100,89,2701,4.8
P00792,Elderly Care,North,Phayao,Aug,788920,669165,100,86,1396,3.76
P00793,Mental Health,North,Phayao,Aug,1936572,1710652,100,69,2766,3.98
P00794,Healthy School,North,Phayao,Aug,1893030,1702611,100,91,2154,3.83
P00795,Food Safety,North,Phayao,Aug,1563460,1513279,100,77,1991,4.99
P00796,NCD Prevention,North,Phayao,Aug,793375,685626,100,62,2086,4.53
P00797,Health Data,North,Phayao,Aug,1564215,1173201,100,95,1720,4.77
P00798,Health Promotion,North,Phayao,Aug,697435,668444,100,90,519,4.15
P00799,Policy Development,North,Phayao,Aug,1768471,1646922,100,91,1139,4.77
P00800,Network Strengthening,North,Phayao,Aug,1089153,890906,100,67,254,3.63
P00801,Community Health,North,Phayao,Sep,918669,886899,100,71,1125,4.27
P00802,Elderly Care,North,Phayao,Sep,1115565,1059395,100,60,595,3.91
P00803,Mental Health,North,Phayao,Sep,543101,461802,100,78,2141,4.86
P00804,Healthy School,North,Phayao,Sep,1649597,1609516,100,64,2772,4.29
P00805,Food Safety,North,Phayao,Sep,800211,578348,100,80,643,4.83
P00806,NCD Prevention,North,Phayao,Sep,514250,473601,100,98,1170,3.5
P00807,Health Data,North,Phayao,Sep,629606,610520,100,76,2962,4.15
P00808,Health Promotion,North,Phayao,Sep,561314,517751,100,79,2271,4.54
P00809,Policy Development,North,Phayao,Sep,736820,686286,100,90,229,3.87
P00810,Network Strengthening,North,Phayao,Sep,709907,515131,100,98,1624,3.7
P00811,Community Health,North,Phayao,Oct,902643,758385,100,90,357,4.49
P00812,Elderly Care,North,Phayao,Oct,815811,679696,100,67,389,3.95
P00813,Mental Health,North,Phayao,Oct,546091,491809,100,79,1201,3.93
P00814,Healthy School,North,Phayao,Oct,1698462,1380669,100,77,2148,4.74
P00815,Food Safety,North,Phayao,Oct,910749,727530,100,63,2205,3.55
P00816,NCD Prevention,North,Phayao,Oct,948527,686748,100,93,2364,4.34
P00817,Health Data,North,Phayao,Oct,1071168,764736,100,72,1097,4.25
P00818,Health Promotion,North,Phayao,Oct,1315992,1086979,100,83,2081,4.29
P00819,Policy Development,North,Phayao,Oct,1141659,920204,100,63,2946,4.72
P00820,Network Strengthening,North,Phayao,Oct,901394,647625,100,70,2321,4.5
P00821,Community Health,North,Phayao,Nov,653215,521212,100,99,2716,3.89
P00822,Elderly Care,North,Phayao,Nov,1299873,923229,100,99,1198,3.69
P00823,Mental Health,North,Phayao,Nov,1890236,1687872,100,90,772,4.37
P00824,Healthy School,North,Phayao,Nov,1405454,1375402,100,78,2354,4.22
P00825,Food Safety,North,Phayao,Nov,1823904,1537850,100,87,180,4.57
P00826,NCD Prevention,North,Phayao,Nov,1618049,1592942,100,77,2417,3.57
P00827,Health Data,North,Phayao,Nov,1363399,1291662,100,84,367,3.54
P00828,Health Promotion,North,Phayao,Nov,1971802,1707276,100,60,563,3.66
P00829,Policy Development,North,Phayao,Nov,918541,916292,100,62,2809,4.7
P00830,Network Strengthening,North,Phayao,Nov,1853296,1561413,100,89,2646,3.76
P00831,Community Health,North,Phayao,Dec,920049,840815,100,100,793,3.9
P00832,Elderly Care,North,Phayao,Dec,1349424,1306282,100,86,1720,4.8
P00833,Mental Health,North,Phayao,Dec,1425431,1243475,100,69,2070,4.36
P00834,Healthy School,North,Phayao,Dec,1123231,848853,100,63,595,3.97
P00835,Food Safety,North,Phayao,Dec,705069,522103,100,76,532,4.5
P00836,NCD Prevention,North,Phayao,Dec,1370354,1311625,100,84,2914,4.92
P00837,Health Data,North,Phayao,Dec,1890658,1593316,100,82,1175,4.72
P00838,Health Promotion,North,Phayao,Dec,1411439,997489,100,100,168,4.54
P00839,Policy Development,North,Phayao,Dec,1264981,1130009,100,72,2565,4.42
P00840,Network Strengthening,North,Phayao,Dec,792958,564667,100,88,2823,4.17
P00841,Community Health,North,Phrae,Jan,776385,718949,100,76,2061,4.07
P00842,Elderly Care,North,Phrae,Jan,1272426,1044145,100,87,2159,4.84
P00843,Mental Health,North,Phrae,Jan,1478419,1437653,100,98,2226,4.7
P00844,Healthy School,North,Phrae,Jan,513497,392843,100,65,2825,4.93
P00845,Food Safety,North,Phrae,Jan,1706434,1204590,100,65,1920,4.78
P00846,NCD Prevention,North,Phrae,Jan,659266,512763,100,65,231,3.78
P00847,Health Data,North,Phrae,Jan,856410,627668,100,62,2511,4.95
P00848,Health Promotion,North,Phrae,Jan,1593308,1331352,100,95,1152,3.51
P00849,Policy Development,North,Phrae,Jan,624434,560260,100,90,2201,4.57
P00850,Network Strengthening,North,Phrae,Jan,1347389,1208680,100,96,2106,4.71
P00851,Community Health,North,Phrae,Feb,606569,437601,100,87,366,4.66
P00852,Elderly Care,North,Phrae,Feb,1704218,1479518,100,68,626,4.63
P00853,Mental Health,North,Phrae,Feb,849501,710256,100,74,1941,4.24
P00854,Healthy School,North,Phrae,Feb,1174040,1110361,100,89,2030,3.73
P00855,Food Safety,North,Phrae,Feb,1230949,1209913,100,69,2894,3.56
P00856,NCD Prevention,North,Phrae,Feb,909289,896527,100,86,188,4.36
P00857,Health Data,North,Phrae,Feb,548595,420875,100,94,2047,3.75
P00858,Health Promotion,North,Phrae,Feb,734828,576979,100,94,513,4.44
P00859,Policy Development,North,Phrae,Feb,1270843,1139437,100,93,786,3.87
P00860,Network Strengthening,North,Phrae,Feb,1120231,839723,100,99,2169,4.2
P00861,Community Health,North,Phrae,Mar,909704,772948,100,81,1093,4.32
P00862,Elderly Care,North,Phrae,Mar,1674672,1232802,100,63,2138,4.21
P00863,Mental Health,North,Phrae,Mar,1460226,1231093,100,71,1478,4.18
P00864,Healthy School,North,Phrae,Mar,990433,752769,100,60,1507,4.96
P00865,Food Safety,North,Phrae,Mar,618819,568138,100,71,2273,3.58
P00866,NCD Prevention,North,Phrae,Mar,1539075,1220998,100,67,1987,4.02
P00867,Health Data,North,Phrae,Mar,1714191,1505406,100,67,517,3.8
P00868,Health Promotion,North,Phrae,Mar,1628099,1344591,100,64,1298,3.85
P00869,Policy Development,North,Phrae,Mar,1517514,1259325,100,94,1342,4.11
P00870,Network Strengthening,North,Phrae,Mar,1743219,1569383,100,84,2249,4.28
P00871,Community Health,North,Phrae,Apr,1228802,1058689,100,81,933,3.51
P00872,Elderly Care,North,Phrae,Apr,1368088,1003524,100,96,2016,4.29
P00873,Mental Health,North,Phrae,Apr,1508793,1409109,100,96,580,4.74
P00874,Healthy School,North,Phrae,Apr,1382454,1004332,100,78,1622,3.52
P00875,Food Safety,North,Phrae,Apr,774683,639134,100,83,2818,4.53
P00876,NCD Prevention,North,Phrae,Apr,1429353,1370231,100,66,1392,4.14
P00877,Health Data,North,Phrae,Apr,750636,579980,100,84,562,4.27
P00878,Health Promotion,North,Phrae,Apr,1342119,1327529,100,90,213,3.75
P00879,Policy Development,North,Phrae,Apr,1264384,1132269,100,76,1848,4.22
P00880,Network Strengthening,North,Phrae,Apr,1942191,1756653,100,99,470,4.44
P00881,Community Health,North,Phrae,May,1343079,1300980,100,71,2945,4.06
P00882,Elderly Care,North,Phrae,May,1555258,1400962,100,80,1886,3.52
P00883,Mental Health,North,Phrae,May,1001590,928221,100,96,2510,3.97
P00884,Healthy School,North,Phrae,May,768915,560548,100,67,200,4.58
P00885,Food Safety,North,Phrae,May,1832955,1560192,100,64,1797,4.7
P00886,NCD Prevention,North,Phrae,May,1138817,983147,100,75,1730,4.35
P00887,Health Data,North,Phrae,May,937275,748913,100,95,1133,3.85
P00888,Health Promotion,North,Phrae,May,1700610,1445898,100,71,371,4.24
P00889,Policy Development,North,Phrae,May,1398930,1073649,100,83,1932,4.53
P00890,Network Strengthening,North,Phrae,May,1816339,1741221,100,71,2126,3.9
P00891,Community Health,North,Phrae,Jun,810979,628006,100,83,2135,4.76
P00892,Elderly Care,North,Phrae,Jun,698074,516884,100,85,618,4.71
P00893,Mental Health,North,Phrae,Jun,1486031,1062216,100,79,1434,4.12
P00894,Healthy School,North,Phrae,Jun,1614323,1560216,100,93,1612,4.6
P00895,Food Safety,North,Phrae,Jun,693010,662540,100,61,2392,4.5
P00896,NCD Prevention,North,Phrae,Jun,1901214,1629567,100,95,2720,4.61
P00897,Health Data,North,Phrae,Jun,1343850,1123044,100,79,452,4.13
P00898,Health Promotion,North,Phrae,Jun,1596968,1466293,100,79,2428,4.53
P00899,Policy Development,North,Phrae,Jun,1282419,914573,100,85,928,4.16
P00900,Network Strengthening,North,Phrae,Jun,652919,537736,100,61,434,3.99
P00901,Community Health,North,Phrae,Jul,1770589,1467360,100,92,1367,4.21
P00902,Elderly Care,North,Phrae,Jul,1896349,1529029,100,69,417,4.13
P00903,Mental Health,North,Phrae,Jul,702346,541410,100,72,506,4.75
P00904,Healthy School,North,Phrae,Jul,1354162,959329,100,98,2056,3.57
P00905,Food Safety,North,Phrae,Jul,1991670,1924976,100,92,2589,3.94
P00906,NCD Prevention,North,Phrae,Jul,1845620,1425552,100,89,316,4.81
P00907,Health Data,North,Phrae,Jul,745550,657983,100,82,1247,4.84
P00908,Health Promotion,North,Phrae,Jul,512900,472863,100,83,192,3.62
P00909,Policy Development,North,Phrae,Jul,1284837,1171166,100,96,791,4.53
P00910,Network Strengthening,North,Phrae,Jul,739477,555237,100,79,310,3.79
P00911,Community Health,North,Phrae,Aug,1082348,772388,100,63,1334,4.58
P00912,Elderly Care,North,Phrae,Aug,1749258,1293861,100,89,2825,4.86
P00913,Mental Health,North,Phrae,Aug,1572959,1299195,100,67,1071,3.67
P00914,Healthy School,North,Phrae,Aug,1246558,947917,100,76,692,4.35
P00915,Food Safety,North,Phrae,Aug,612365,430714,100,81,1109,3.9
P00916,NCD Prevention,North,Phrae,Aug,1275228,923502,100,76,1506,4.12
P00917,Health Data,North,Phrae,Aug,1012566,1009355,100,78,1186,3.72
P00918,Health Promotion,North,Phrae,Aug,1860650,1790540,100,66,2610,4.82
P00919,Policy Development,North,Phrae,Aug,742471,673295,100,91,1354,4.46
P00920,Network Strengthening,North,Phrae,Aug,624699,452465,100,83,2777,3.98
P00921,Community Health,North,Phrae,Sep,694748,541652,100,75,1174,3.63
P00922,Elderly Care,North,Phrae,Sep,839264,782313,100,95,1203,3.7
P00923,Mental Health,North,Phrae,Sep,1965115,1415654,100,94,2284,4.07
P00924,Healthy School,North,Phrae,Sep,1023398,758054,100,69,2980,4.53
P00925,Food Safety,North,Phrae,Sep,513339,500341,100,81,2974,4.61
P00926,NCD Prevention,North,Phrae,Sep,1544958,1107806,100,82,2314,4.69
P00927,Health Data,North,Phrae,Sep,1337906,1256801,100,97,1397,4.27
P00928,Health Promotion,North,Phrae,Sep,1011530,901632,100,62,383,4.58
P00929,Policy Development,North,Phrae,Sep,596714,483414,100,60,2232,3.53
P00930,Network Strengthening,North,Phrae,Sep,684460,491597,100,82,761,4.75
P00931,Community Health,North,Phrae,Oct,1920531,1589504,100,100,1989,4.52
P00932,Elderly Care,North,Phrae,Oct,1765897,1734389,100,87,2326,4.34
P00933,Mental Health,North,Phrae,Oct,657692,525295,100,75,2535,3.69
P00934,Healthy School,North,Phrae,Oct,905402,692679,100,83,874,4.83
P00935,Food Safety,North,Phrae,Oct,591054,579689,100,95,1057,3.73
P00936,NCD Prevention,North,Phrae,Oct,818972,648971,100,73,1042,3.92
P00937,Health Data,North,Phrae,Oct,1526799,1328710,100,89,1097,4.07
P00938,Health Promotion,North,Phrae,Oct,1121870,1115122,100,82,2017,4.97
P00939,Policy Development,North,Phrae,Oct,570711,446338,100,62,711,4.32
P00940,Network Strengthening,North,Phrae,Oct,893511,818168,100,70,2845,3.57
P00941,Community Health,North,Phrae,Nov,1890788,1528360,100,91,2946,4.67
P00942,Elderly Care,North,Phrae,Nov,1302669,1044015,100,99,1094,3.53
P00943,Mental Health,North,Phrae,Nov,1546212,1298881,100,64,1002,4.8
P00944,Healthy School,North,Phrae,Nov,965982,879060,100,86,532,4.19
P00945,Food Safety,North,Phrae,Nov,1031104,774114,100,70,1353,3.89
P00946,NCD Prevention,North,Phrae,Nov,985446,858397,100,65,2348,4.7
P00947,Health Data,North,Phrae,Nov,1730989,1229085,100,96,1374,3.5
P00948,Health Promotion,North,Phrae,Nov,950656,864274,100,90,181,4.36
P00949,Policy Development,North,Phrae,Nov,933544,747575,100,76,1305,3.88
P00950,Network Strengthening,North,Phrae,Nov,729719,720238,100,100,564,4.37
P00951,Community Health,North,Phrae,Dec,741834,676720,100,75,2306,4.16
P00952,Elderly Care,North,Phrae,Dec,1808268,1407802,100,60,1205,4.68
P00953,Mental Health,North,Phrae,Dec,1761413,1701520,100,84,1730,3.9
P00954,Healthy School,North,Phrae,Dec,656501,607569,100,95,1227,4.57
P00955,Food Safety,North,Phrae,Dec,1007315,932366,100,97,169,3.52
P00956,NCD Prevention,North,Phrae,Dec,1802205,1545673,100,69,271,4.74
P00957,Health Data,North,Phrae,Dec,1789372,1579950,100,68,1183,3.77
P00958,Health Promotion,North,Phrae,Dec,1426538,1154684,100,69,1818,4.82
P00959,Policy Development,North,Phrae,Dec,963494,917812,100,81,2787,3.82
P00960,Network Strengthening,North,Phrae,Dec,1177845,951407,100,89,2489,4.13
P00961,Community Health,North,Uttaradit,Jan,853117,771221,100,92,413,4.11
P00962,Elderly Care,North,Uttaradit,Jan,1393400,1268440,100,92,2282,3.77
P00963,Mental Health,North,Uttaradit,Jan,1393710,1335926,100,85,247,4.91
P00964,Healthy School,North,Uttaradit,Jan,1066597,837505,100,76,2714,3.96
P00965,Food Safety,North,Uttaradit,Jan,1319442,1003297,100,96,2639,4.45
P00966,NCD Prevention,North,Uttaradit,Jan,1394816,1371473,100,76,2419,4.06
P00967,Health Data,North,Uttaradit,Jan,1693869,1252852,100,92,254,4.1
P00968,Health Promotion,North,Uttaradit,Jan,718065,606649,100,79,2596,3.54
P00969,Policy Development,North,Uttaradit,Jan,983332,948986,100,95,1887,3.75
P00970,Network Strengthening,North,Uttaradit,Jan,1502142,1435452,100,80,295,4.05
P00971,Community Health,North,Uttaradit,Feb,1598991,1334881,100,69,2524,4.77
P00972,Elderly Care,North,Uttaradit,Feb,1174769,1134326,100,87,480,4.22
P00973,Mental Health,North,Uttaradit,Feb,751472,535400,100,87,1313,3.8
P00974,Healthy School,North,Uttaradit,Feb,613983,447728,100,86,1013,4.17
P00975,Food Safety,North,Uttaradit,Feb,857430,838302,100,62,1463,3.67
P00976,NCD Prevention,North,Uttaradit,Feb,1397103,1318254,100,81,1642,3.58
P00977,Health Data,North,Uttaradit,Feb,1195003,1024860,100,100,2545,4.01
P00978,Health Promotion,North,Uttaradit,Feb,1143124,1102369,100,63,730,4.0
P00979,Policy Development,North,Uttaradit,Feb,1860150,1823368,100,67,1949,3.94
P00980,Network Strengthening,North,Uttaradit,Feb,999523,821877,100,82,836,4.01
P00981,Community Health,North,Uttaradit,Mar,917413,871023,100,99,783,4.71
P00982,Elderly Care,North,Uttaradit,Mar,1768688,1359588,100,88,796,4.43
P00983,Mental Health,North,Uttaradit,Mar,1582525,1411978,100,77,569,3.54
P00984,Healthy School,North,Uttaradit,Mar,1983154,1773586,100,68,800,4.06
P00985,Food Safety,North,Uttaradit,Mar,1000610,986679,100,80,1540,3.56
P00986,NCD Prevention,North,Uttaradit,Mar,910773,659235,100,80,824,4.25
P00987,Health Data,North,Uttaradit,Mar,1051122,961830,100,100,2201,3.9
P00988,Health Promotion,North,Uttaradit,Mar,1048389,830911,100,82,1349,4.81
P00989,Policy Development,North,Uttaradit,Mar,1925669,1391446,100,99,436,4.78
P00990,Network Strengthening,North,Uttaradit,Mar,1306226,1028228,100,82,912,4.39
P00991,Community Health,North,Uttaradit,Apr,1971186,1593524,100,63,1153,3.63
P00992,Elderly Care,North,Uttaradit,Apr,1575609,1228074,100,64,1794,4.24
P00993,Mental Health,North,Uttaradit,Apr,1750963,1715649,100,69,2277,4.06
P00994,Healthy School,North,Uttaradit,Apr,1256119,1146947,100,76,262,4.59
P00995,Food Safety,North,Uttaradit,Apr,1734669,1372943,100,97,913,4.33
P00996,NCD Prevention,North,Uttaradit,Apr,857504,635600,100,98,1726,3.65
P00997,Health Data,North,Uttaradit,Apr,941410,686359,100,65,1891,4.25
P00998,Health Promotion,North,Uttaradit,Apr,1360846,992114,100,66,1439,4.05
P00999,Policy Development,North,Uttaradit,Apr,1704765,1348129,100,100,1104,4.69
P01000,Network Strengthening,North,Uttaradit,Apr,1993782,1934618,100,97,2612,4.12
P01001,Community Health,North,Uttaradit,May,1764330,1652750,100,91,352,3.74
P01002,Elderly Care,North,Uttaradit,May,1620360,1417623,100,60,438,3.99
P01003,Mental Health,North,Uttaradit,May,815094,709703,100,87,461,4.91
P01004,Healthy School,North,Uttaradit,May,733513,699495,100,62,1929,4.51
P01005,Food Safety,North,Uttaradit,May,1124681,1095485,100,78,2684,4.57
P01006,NCD Prevention,North,Uttaradit,May,1813803,1458354,100,86,764,4.03
P01007,Health Data,North,Uttaradit,May,953462,773200,100,68,1943,3.98
P01008,Health Promotion,North,Uttaradit,May,1542487,1166128,100,97,2621,4.58
P01009,Policy Development,North,Uttaradit,May,680701,675338,100,100,1052,4.61
P01010,Network Strengthening,North,Uttaradit,May,1558856,1278264,100,77,2279,4.54
P01011,Community Health,North,Uttaradit,Jun,1880634,1761681,100,83,1049,4.74
P01012,Elderly Care,North,Uttaradit,Jun,1174341,1052465,100,74,1551,4.36
P01013,Mental Health,North,Uttaradit,Jun,1873389,1622621,100,90,755,3.94
P01014,Healthy School,North,Uttaradit,Jun,684426,602266,100,92,1370,4.73
P01015,Food Safety,North,Uttaradit,Jun,1901214,1363143,100,76,2649,4.89
P01016,NCD Prevention,North,Uttaradit,Jun,1240260,937871,100,94,1890,4.54
P01017,Health Data,North,Uttaradit,Jun,1940445,1636858,100,76,245,3.88
P01018,Health Promotion,North,Uttaradit,Jun,1063202,1022777,100,61,610,4.97
P01019,Policy Development,North,Uttaradit,Jun,1425687,1244223,100,97,522,4.57
P01020,Network Strengthening,North,Uttaradit,Jun,702144,601307,100,60,2688,3.53
P01021,Community Health,North,Uttaradit,Jul,829078,766951,100,66,2546,3.76
P01022,Elderly Care,North,Uttaradit,Jul,1361271,1041685,100,88,757,4.54
P01023,Mental Health,North,Uttaradit,Jul,560702,412206,100,80,2035,3.76
P01024,Healthy School,North,Uttaradit,Jul,1087097,834699,100,85,1519,3.9
P01025,Food Safety,North,Uttaradit,Jul,1329827,1042619,100,96,391,4.98
P01026,NCD Prevention,North,Uttaradit,Jul,1485942,1403498,100,66,2239,4.9
P01027,Health Data,North,Uttaradit,Jul,1128337,874733,100,85,639,3.74
P01028,Health Promotion,North,Uttaradit,Jul,1619317,1236540,100,98,483,4.3
P01029,Policy Development,North,Uttaradit,Jul,1014401,987968,100,99,2245,4.72
P01030,Network Strengthening,North,Uttaradit,Jul,1552692,1515060,100,71,943,4.16
P01031,Community Health,North,Uttaradit,Aug,546047,501554,100,97,1795,3.81
P01032,Elderly Care,North,Uttaradit,Aug,1959434,1453008,100,79,1020,4.16
P01033,Mental Health,North,Uttaradit,Aug,682308,638968,100,67,1918,3.92
P01034,Healthy School,North,Uttaradit,Aug,1258998,1091916,100,95,1314,3.92
P01035,Food Safety,North,Uttaradit,Aug,1498311,1200200,100,100,2286,3.87
P01036,NCD Prevention,North,Uttaradit,Aug,1627982,1318523,100,67,1099,4.08
P01037,Health Data,North,Uttaradit,Aug,1651192,1372295,100,62,2981,4.87
P01038,Health Promotion,North,Uttaradit,Aug,1899272,1406766,100,89,2170,3.63
P01039,Policy Development,North,Uttaradit,Aug,536369,418107,100,78,2235,3.86
P01040,Network Strengthening,North,Uttaradit,Aug,1219009,996085,100,76,2059,3.85
P01041,Community Health,North,Uttaradit,Sep,515430,392656,100,71,854,3.61
P01042,Elderly Care,North,Uttaradit,Sep,1237144,1066927,100,83,2348,4.66
P01043,Mental Health,North,Uttaradit,Sep,1541490,1255037,100,97,521,4.37
P01044,Healthy School,North,Uttaradit,Sep,737953,732178,100,98,1100,4.31
P01045,Food Safety,North,Uttaradit,Sep,529006,522614,100,84,2176,3.72
P01046,NCD Prevention,North,Uttaradit,Sep,1499315,1335192,100,76,1957,3.83
P01047,Health Data,North,Uttaradit,Sep,1358099,999642,100,80,2099,3.58
P01048,Health Promotion,North,Uttaradit,Sep,911126,898567,100,79,300,3.75
P01049,Policy Development,North,Uttaradit,Sep,843600,797249,100,94,2831,4.02
P01050,Network Strengthening,North,Uttaradit,Sep,807362,732162,100,80,2199,4.07
P01051,Community Health,North,Uttaradit,Oct,1222770,1082849,100,98,2260,4.67
P01052,Elderly Care,North,Uttaradit,Oct,1419429,1354940,100,75,2289,3.67
P01053,Mental Health,North,Uttaradit,Oct,1236858,1022750,100,84,622,4.74
P01054,Healthy School,North,Uttaradit,Oct,1870094,1698149,100,86,2545,4.43
P01055,Food Safety,North,Uttaradit,Oct,689682,582602,100,74,1987,4.33
P01056,NCD Prevention,North,Uttaradit,Oct,890596,717821,100,98,1573,3.53
P01057,Health Data,North,Uttaradit,Oct,1138675,1117448,100,96,2362,4.2
P01058,Health Promotion,North,Uttaradit,Oct,985228,887284,100,62,2111,4.74
P01059,Policy Development,North,Uttaradit,Oct,766566,582366,100,81,1887,3.67
P01060,Network Strengthening,North,Uttaradit,Oct,833670,812432,100,87,758,4.01
P01061,Community Health,North,Uttaradit,Nov,1820956,1359150,100,91,2467,3.73
P01062,Elderly Care,North,Uttaradit,Nov,1840698,1317340,100,80,2616,4.7
P01063,Mental Health,North,Uttaradit,Nov,1111233,870527,100,90,234,3.9
P01064,Healthy School,North,Uttaradit,Nov,1720014,1484101,100,75,2541,3.71
P01065,Food Safety,North,Uttaradit,Nov,1335493,1044030,100,87,998,4.76
P01066,NCD Prevention,North,Uttaradit,Nov,984637,717860,100,77,2505,4.56
P01067,Health Data,North,Uttaradit,Nov,1342870,1039908,100,97,1342,4.15
P01068,Health Promotion,North,Uttaradit,Nov,1333240,1212667,100,62,1148,4.0
P01069,Policy Development,North,Uttaradit,Nov,1940809,1742373,100,81,1512,4.6
P01070,Network Strengthening,North,Uttaradit,Nov,1569878,1488555,100,91,2036,4.75
P01071,Community Health,North,Uttaradit,Dec,1657890,1475903,100,80,591,3.92
P01072,Elderly Care,North,Uttaradit,Dec,1441681,1362006,100,66,1630,3.99
P01073,Mental Health,North,Uttaradit,Dec,1587198,1513561,100,86,1731,3.56
P01074,Healthy School,North,Uttaradit,Dec,1075023,814500,100,86,2057,4.2
P01075,Food Safety,North,Uttaradit,Dec,1051115,1034771,100,62,2122,3.8
P01076,NCD Prevention,North,Uttaradit,Dec,1709365,1398798,100,93,2189,4.74
P01077,Health Data,North,Uttaradit,Dec,1669703,1337022,100,62,1004,3.55
P01078,Health Promotion,North,Uttaradit,Dec,1269946,911766,100,87,2833,4.29
P01079,Policy Development,North,Uttaradit,Dec,1812618,1425167,100,96,2147,4.18
P01080,Network Strengthening,North,Uttaradit,Dec,1142261,1057060,100,74,662,3.73
P01081,Community Health,North,Tak,Jan,1143376,895130,100,92,2248,3.62
P01082,Elderly Care,North,Tak,Jan,776400,675264,100,73,970,3.81
P01083,Mental Health,North,Tak,Jan,1355724,959607,100,77,329,4.45
P01084,Healthy School,North,Tak,Jan,1824934,1516820,100,62,1153,4.57
P01085,Food Safety,North,Tak,Jan,1268996,1017415,100,78,1369,4.88
P01086,NCD Prevention,North,Tak,Jan,1790817,1671786,100,61,452,4.61
P01087,Health Data,North,Tak,Jan,1967807,1480301,100,63,2903,3.71
P01088,Health Promotion,North,Tak,Jan,1459016,1220264,100,70,2685,3.64
P01089,Policy Development,North,Tak,Jan,1575656,1119079,100,66,2344,4.14
P01090,Network Strengthening,North,Tak,Jan,1738874,1288338,100,88,452,4.97
P01091,Community Health,North,Tak,Feb,1440330,1234212,100,82,253,4.29
P01092,Elderly Care,North,Tak,Feb,662189,602137,100,68,2892,4.09
P01093,Mental Health,North,Tak,Feb,1890367,1703905,100,79,2068,3.7
P01094,Healthy School,North,Tak,Feb,610577,473967,100,71,1472,4.71
P01095,Food Safety,North,Tak,Feb,1158884,896187,100,79,993,3.79
P01096,NCD Prevention,North,Tak,Feb,1011894,827538,100,74,1279,4.78
P01097,Health Data,North,Tak,Feb,536480,426296,100,88,1126,4.3
P01098,Health Promotion,North,Tak,Feb,1960119,1807294,100,86,981,4.5
P01099,Policy Development,North,Tak,Feb,1243176,1130337,100,88,1548,4.66
P01100,Network Strengthening,North,Tak,Feb,521897,452153,100,87,306,4.79
P01101,Community Health,North,Tak,Mar,1327735,1322597,100,88,2507,4.46
P01102,Elderly Care,North,Tak,Mar,1742001,1426270,100,81,991,4.73
P01103,Mental Health,North,Tak,Mar,519994,372375,100,65,400,4.92
P01104,Healthy School,North,Tak,Mar,692618,554869,100,97,695,4.17
P01105,Food Safety,North,Tak,Mar,1851004,1506860,100,62,1432,3.92
P01106,NCD Prevention,North,Tak,Mar,1186383,1159340,100,65,171,4.01
P01107,Health Data,North,Tak,Mar,572115,545231,100,78,2561,4.74
P01108,Health Promotion,North,Tak,Mar,688194,495968,100,91,2943,4.69
P01109,Policy Development,North,Tak,Mar,1364020,1040487,100,84,830,3.77
P01110,Network Strengthening,North,Tak,Mar,1158117,1109194,100,80,2621,3.93
P01111,Community Health,North,Tak,Apr,649359,484085,100,85,177,4.07
P01112,Elderly Care,North,Tak,Apr,927819,774521,100,87,926,3.66
P01113,Mental Health,North,Tak,Apr,640209,539262,100,99,824,4.55
P01114,Healthy School,North,Tak,Apr,1111230,933266,100,77,2237,4.16
P01115,Food Safety,North,Tak,Apr,1605623,1473944,100,91,2906,4.87
P01116,NCD Prevention,North,Tak,Apr,1308639,1253204,100,87,2373,3.64
P01117,Health Data,North,Tak,Apr,1682267,1526218,100,80,698,3.84
P01118,Health Promotion,North,Tak,Apr,856477,811271,100,70,961,4.05
P01119,Policy Development,North,Tak,Apr,1093278,1024011,100,86,2012,4.48
P01120,Network Strengthening,North,Tak,Apr,1319754,945348,100,97,2284,4.5
P01121,Community Health,North,Tak,May,902338,642524,100,61,2021,4.39
P01122,Elderly Care,North,Tak,May,1374344,1196539,100,87,1269,3.85
P01123,Mental Health,North,Tak,May,814931,611120,100,97,1306,4.3
P01124,Healthy School,North,Tak,May,593169,564092,100,60,2069,3.5
P01125,Food Safety,North,Tak,May,1495767,1057597,100,63,2458,4.96
P01126,NCD Prevention,North,Tak,May,1916966,1403589,100,66,1420,4.72
P01127,Health Data,North,Tak,May,575351,403022,100,96,1797,4.37
P01128,Health Promotion,North,Tak,May,1556127,1124638,100,76,2123,3.66
P01129,Policy Development,North,Tak,May,647639,581617,100,99,2368,3.95
P01130,Network Strengthening,North,Tak,May,1846717,1721241,100,93,2417,4.1
P01131,Community Health,North,Tak,Jun,812846,784672,100,95,2763,3.64
P01132,Elderly Care,North,Tak,Jun,1120914,1063706,100,68,543,3.86
P01133,Mental Health,North,Tak,Jun,1092449,1077170,100,84,2916,4.67
P01134,Healthy School,North,Tak,Jun,804034,630462,100,65,265,4.66
P01135,Food Safety,North,Tak,Jun,1274527,933761,100,67,890,4.2
P01136,NCD Prevention,North,Tak,Jun,1473385,1420258,100,74,180,4.39
P01137,Health Data,North,Tak,Jun,1917026,1804288,100,63,219,4.04
P01138,Health Promotion,North,Tak,Jun,856183,770893,100,70,1222,4.39
P01139,Policy Development,North,Tak,Jun,1384434,1171932,100,60,658,4.31
P01140,Network Strengthening,North,Tak,Jun,1240922,871778,100,83,925,3.6
P01141,Community Health,North,Tak,Jul,1190342,861714,100,97,646,4.65
P01142,Elderly Care,North,Tak,Jul,1672482,1574446,100,81,713,4.75
P01143,Mental Health,North,Tak,Jul,700575,625664,100,72,1716,4.19
P01144,Healthy School,North,Tak,Jul,951099,870260,100,73,1940,4.99
P01145,Food Safety,North,Tak,Jul,1870786,1797577,100,87,480,3.87
P01146,NCD Prevention,North,Tak,Jul,1635419,1564711,100,64,1784,4.64
P01147,Health Data,North,Tak,Jul,1764278,1703115,100,90,870,3.55
P01148,Health Promotion,North,Tak,Jul,1592236,1441985,100,92,440,4.54
P01149,Policy Development,North,Tak,Jul,1953063,1462588,100,86,867,3.68
P01150,Network Strengthening,North,Tak,Jul,578668,416991,100,73,2333,3.83
P01151,Community Health,North,Tak,Aug,1228599,1007576,100,70,2061,4.25
P01152,Elderly Care,North,Tak,Aug,1794446,1474744,100,81,1273,4.25
P01153,Mental Health,North,Tak,Aug,1413717,1208372,100,80,2980,4.83
P01154,Healthy School,North,Tak,Aug,1156585,980196,100,65,2765,4.17
P01155,Food Safety,North,Tak,Aug,1364792,1215228,100,66,950,4.23
P01156,NCD Prevention,North,Tak,Aug,1719227,1603184,100,93,270,3.72
P01157,Health Data,North,Tak,Aug,934671,749936,100,87,2976,4.76
P01158,Health Promotion,North,Tak,Aug,1598483,1386939,100,68,1042,3.7
P01159,Policy Development,North,Tak,Aug,871889,673583,100,98,1680,4.91
P01160,Network Strengthening,North,Tak,Aug,541124,461355,100,94,1684,3.72
P01161,Community Health,North,Tak,Sep,1374521,1334274,100,73,491,5.0
P01162,Elderly Care,North,Tak,Sep,1561975,1561765,100,90,1712,3.87
P01163,Mental Health,North,Tak,Sep,899278,655115,100,86,2701,4.64
P01164,Healthy School,North,Tak,Sep,1942096,1758052,100,95,704,3.67
P01165,Food Safety,North,Tak,Sep,869880,777317,100,79,932,4.26
P01166,NCD Prevention,North,Tak,Sep,1179618,1033429,100,61,1140,4.39
P01167,Health Data,North,Tak,Sep,1257748,1237581,100,77,2043,4.6
P01168,Health Promotion,North,Tak,Sep,1622216,1402527,100,73,2909,3.9
P01169,Policy Development,North,Tak,Sep,1534108,1195953,100,69,292,3.93
P01170,Network Strengthening,North,Tak,Sep,1675112,1233264,100,74,836,4.64
P01171,Community Health,North,Tak,Oct,1957281,1674187,100,97,2045,4.66
P01172,Elderly Care,North,Tak,Oct,1116097,853728,100,72,486,4.83
P01173,Mental Health,North,Tak,Oct,1437750,1176093,100,92,703,4.66
P01174,Healthy School,North,Tak,Oct,1983138,1490547,100,100,1089,4.89
P01175,Food Safety,North,Tak,Oct,1199412,1145728,100,66,688,3.51
P01176,NCD Prevention,North,Tak,Oct,1073165,1016619,100,84,809,4.71
P01177,Health Data,North,Tak,Oct,1027615,917938,100,67,1338,3.96
P01178,Health Promotion,North,Tak,Oct,1016620,932408,100,97,182,3.95
P01179,Policy Development,North,Tak,Oct,1443280,1282369,100,81,2236,3.93
P01180,Network Strengthening,North,Tak,Oct,1603113,1328870,100,81,982,3.75
P01181,Community Health,North,Tak,Nov,655940,650132,100,85,2982,3.78
P01182,Elderly Care,North,Tak,Nov,1565723,1418161,100,81,2320,4.72
P01183,Mental Health,North,Tak,Nov,1663156,1597976,100,94,2687,3.81
P01184,Healthy School,North,Tak,Nov,1282389,1188477,100,73,1505,3.71
P01185,Food Safety,North,Tak,Nov,772868,568668,100,83,1249,4.15
P01186,NCD Prevention,North,Tak,Nov,1411265,1312779,100,76,1081,4.22
P01187,Health Data,North,Tak,Nov,1216941,1204314,100,82,1064,4.24
P01188,Health Promotion,North,Tak,Nov,930079,883403,100,94,1431,4.66
P01189,Policy Development,North,Tak,Nov,1201911,903616,100,70,1697,4.84
P01190,Network Strengthening,North,Tak,Nov,658826,531127,100,88,2124,4.21
P01191,Community Health,North,Tak,Dec,629841,543001,100,69,1642,4.42
P01192,Elderly Care,North,Tak,Dec,1479609,1366708,100,96,697,4.26
P01193,Mental Health,North,Tak,Dec,1627819,1508135,100,98,1397,4.39
P01194,Healthy School,North,Tak,Dec,1304588,1158115,100,76,1108,4.18
P01195,Food Safety,North,Tak,Dec,1827386,1499818,100,74,1528,4.87
P01196,NCD Prevention,North,Tak,Dec,856391,674349,100,90,1880,4.67
P01197,Health Data,North,Tak,Dec,1451233,1274603,100,62,1654,4.24
P01198,Health Promotion,North,Tak,Dec,872564,810468,100,71,400,4.6
P01199,Policy Development,North,Tak,Dec,1490724,1332570,100,83,2092,4.6
P01200,Network Strengthening,North,Tak,Dec,1312593,1041045,100,87,2663,4.91
P01201,Community Health,North,Kamphaeng Phet,Jan,1396014,1261736,100,89,2410,4.55
P01202,Elderly Care,North,Kamphaeng Phet,Jan,1000077,819320,100,92,2509,4.32
P01203,Mental Health,North,Kamphaeng Phet,Jan,667490,563939,100,98,2021,4.81
P01204,Healthy School,North,Kamphaeng Phet,Jan,1999891,1914097,100,99,1726,4.26
P01205,Food Safety,North,Kamphaeng Phet,Jan,603594,499377,100,99,1046,4.55
P01206,NCD Prevention,North,Kamphaeng Phet,Jan,1598320,1429948,100,76,2063,3.9
P01207,Health Data,North,Kamphaeng Phet,Jan,1281663,1029882,100,62,383,4.61
P01208,Health Promotion,North,Kamphaeng Phet,Jan,1439943,1157463,100,97,364,4.07
P01209,Policy Development,North,Kamphaeng Phet,Jan,1145185,920058,100,91,2407,4.78
P01210,Network Strengthening,North,Kamphaeng Phet,Jan,1678052,1672591,100,64,998,3.56
P01211,Community Health,North,Kamphaeng Phet,Feb,1365549,1207893,100,97,1519,3.65
P01212,Elderly Care,North,Kamphaeng Phet,Feb,811754,660678,100,60,270,4.76
P01213,Mental Health,North,Kamphaeng Phet,Feb,1007454,751510,100,64,948,4.43
P01214,Healthy School,North,Kamphaeng Phet,Feb,706098,577671,100,80,2291,4.98
P01215,Food Safety,North,Kamphaeng Phet,Feb,683202,478859,100,60,2432,4.02
P01216,NCD Prevention,North,Kamphaeng Phet,Feb,1314645,1049816,100,88,2407,4.62
P01217,Health Data,North,Kamphaeng Phet,Feb,1657092,1252273,100,71,1451,3.75
P01218,Health Promotion,North,Kamphaeng Phet,Feb,1985619,1832638,100,73,1402,3.92
P01219,Policy Development,North,Kamphaeng Phet,Feb,1393380,1196989,100,93,2115,4.05
P01220,Network Strengthening,North,Kamphaeng Phet,Feb,970433,844265,100,100,2332,3.73
P01221,Community Health,North,Kamphaeng Phet,Mar,1659627,1499932,100,60,2349,4.24
P01222,Elderly Care,North,Kamphaeng Phet,Mar,1407958,1017648,100,89,461,4.84
P01223,Mental Health,North,Kamphaeng Phet,Mar,1384353,1360341,100,83,1793,4.86
P01224,Healthy School,North,Kamphaeng Phet,Mar,1100551,943473,100,96,2334,3.81
P01225,Food Safety,North,Kamphaeng Phet,Mar,1382491,1162518,100,85,2105,3.82
P01226,NCD Prevention,North,Kamphaeng Phet,Mar,1628933,1549094,100,98,2972,4.19
P01227,Health Data,North,Kamphaeng Phet,Mar,925230,756371,100,85,2616,4.86
P01228,Health Promotion,North,Kamphaeng Phet,Mar,1924736,1639003,100,93,1703,4.42
P01229,Policy Development,North,Kamphaeng Phet,Mar,1087217,1045573,100,75,2220,4.02
P01230,Network Strengthening,North,Kamphaeng Phet,Mar,1657328,1367311,100,86,564,4.37
P01231,Community Health,North,Kamphaeng Phet,Apr,1305884,1216174,100,94,2149,4.58
P01232,Elderly Care,North,Kamphaeng Phet,Apr,1419004,1166227,100,89,163,3.68
P01233,Mental Health,North,Kamphaeng Phet,Apr,859911,662651,100,91,854,4.99
P01234,Healthy School,North,Kamphaeng Phet,Apr,917561,863200,100,81,232,4.96
P01235,Food Safety,North,Kamphaeng Phet,Apr,524544,417089,100,98,2634,3.76
P01236,NCD Prevention,North,Kamphaeng Phet,Apr,679338,524611,100,63,1647,4.65
P01237,Health Data,North,Kamphaeng Phet,Apr,1257254,1229265,100,64,664,3.65
P01238,Health Promotion,North,Kamphaeng Phet,Apr,805663,798428,100,76,2536,4.61
P01239,Policy Development,North,Kamphaeng Phet,Apr,1457419,1446418,100,80,2122,3.65
P01240,Network Strengthening,North,Kamphaeng Phet,Apr,652408,619002,100,100,358,4.24
P01241,Community Health,North,Kamphaeng Phet,May,1283262,1057565,100,87,2516,4.35
P01242,Elderly Care,North,Kamphaeng Phet,May,1478707,1306197,100,93,284,4.08
P01243,Mental Health,North,Kamphaeng Phet,May,831644,805629,100,99,2420,3.51
P01244,Healthy School,North,Kamphaeng Phet,May,895058,772909,100,98,2950,3.88
P01245,Food Safety,North,Kamphaeng Phet,May,1333523,1104512,100,74,438,4.94
P01246,NCD Prevention,North,Kamphaeng Phet,May,713482,520697,100,66,2052,4.74
P01247,Health Data,North,Kamphaeng Phet,May,707118,652675,100,90,2241,3.88
P01248,Health Promotion,North,Kamphaeng Phet,May,1921941,1527607,100,79,687,4.28
P01249,Policy Development,North,Kamphaeng Phet,May,1486538,1268586,100,63,1700,4.94
P01250,Network Strengthening,North,Kamphaeng Phet,May,674349,629190,100,83,2941,4.16
P01251,Community Health,North,Kamphaeng Phet,Jun,1253687,943053,100,75,199,4.77
P01252,Elderly Care,North,Kamphaeng Phet,Jun,1696463,1467131,100,70,2473,4.31
P01253,Mental Health,North,Kamphaeng Phet,Jun,995894,911201,100,81,354,4.16
P01254,Healthy School,North,Kamphaeng Phet,Jun,1880817,1857603,100,96,2009,3.61
P01255,Food Safety,North,Kamphaeng Phet,Jun,1344070,1257695,100,63,743,4.6
P01256,NCD Prevention,North,Kamphaeng Phet,Jun,1116461,811734,100,73,1528,4.22
P01257,Health Data,North,Kamphaeng Phet,Jun,1382461,1063711,100,91,563,4.13
P01258,Health Promotion,North,Kamphaeng Phet,Jun,1497278,1121285,100,79,2302,4.91
P01259,Policy Development,North,Kamphaeng Phet,Jun,1750400,1319240,100,80,2552,4.74
P01260,Network Strengthening,North,Kamphaeng Phet,Jun,1892779,1437637,100,76,1235,3.79
P01261,Community Health,North,Kamphaeng Phet,Jul,987388,835874,100,81,1565,4.55
P01262,Elderly Care,North,Kamphaeng Phet,Jul,1656331,1208242,100,96,1933,4.65
P01263,Mental Health,North,Kamphaeng Phet,Jul,1718963,1465382,100,75,1050,3.8
P01264,Healthy School,North,Kamphaeng Phet,Jul,541679,401632,100,65,706,4.54
P01265,Food Safety,North,Kamphaeng Phet,Jul,1143167,1050033,100,62,2547,4.43
P01266,NCD Prevention,North,Kamphaeng Phet,Jul,1381379,1036937,100,100,2860,4.07
P01267,Health Data,North,Kamphaeng Phet,Jul,919178,748748,100,60,939,4.01
P01268,Health Promotion,North,Kamphaeng Phet,Jul,1489609,1207568,100,93,1757,4.12
P01269,Policy Development,North,Kamphaeng Phet,Jul,840272,670898,100,72,1597,4.01
P01270,Network Strengthening,North,Kamphaeng Phet,Jul,639156,459313,100,62,800,4.83
P01271,Community Health,North,Kamphaeng Phet,Aug,1734547,1644986,100,80,2705,4.82
P01272,Elderly Care,North,Kamphaeng Phet,Aug,1501982,1369144,100,87,1039,4.05
P01273,Mental Health,North,Kamphaeng Phet,Aug,1155129,816053,100,60,389,4.41
P01274,Healthy School,North,Kamphaeng Phet,Aug,1870547,1757441,100,95,1593,4.02
P01275,Food Safety,North,Kamphaeng Phet,Aug,558844,526918,100,81,2406,3.71
P01276,NCD Prevention,North,Kamphaeng Phet,Aug,1277276,1276113,100,95,2981,4.56
P01277,Health Data,North,Kamphaeng Phet,Aug,1288430,1095275,100,86,1338,4.75
P01278,Health Promotion,North,Kamphaeng Phet,Aug,1154544,851225,100,81,2211,3.61
P01279,Policy Development,North,Kamphaeng Phet,Aug,1436856,1395426,100,64,2313,3.68
P01280,Network Strengthening,North,Kamphaeng Phet,Aug,724815,719227,100,97,1900,4.99
P01281,Community Health,North,Kamphaeng Phet,Sep,1889375,1458707,100,71,1149,4.16
P01282,Elderly Care,North,Kamphaeng Phet,Sep,1963736,1691538,100,87,2783,4.56
P01283,Mental Health,North,Kamphaeng Phet,Sep,868199,785572,100,74,2927,4.55
P01284,Healthy School,North,Kamphaeng Phet,Sep,1480171,1468714,100,60,2944,3.76
P01285,Food Safety,North,Kamphaeng Phet,Sep,1906068,1519619,100,76,2009,3.86
P01286,NCD Prevention,North,Kamphaeng Phet,Sep,984905,983813,100,79,1646,4.67
P01287,Health Data,North,Kamphaeng Phet,Sep,840123,676123,100,68,2001,3.59
P01288,Health Promotion,North,Kamphaeng Phet,Sep,1112683,822094,100,93,2716,4.38
P01289,Policy Development,North,Kamphaeng Phet,Sep,1127461,1036477,100,95,379,3.73
P01290,Network Strengthening,North,Kamphaeng Phet,Sep,1006221,820180,100,64,2117,4.0
P01291,Community Health,North,Kamphaeng Phet,Oct,944736,869155,100,73,329,3.85
P01292,Elderly Care,North,Kamphaeng Phet,Oct,1057559,1029177,100,68,889,4.86
P01293,Mental Health,North,Kamphaeng Phet,Oct,1124951,886100,100,84,2163,3.69
P01294,Healthy School,North,Kamphaeng Phet,Oct,551404,454355,100,63,2134,3.85
P01295,Food Safety,North,Kamphaeng Phet,Oct,765566,642033,100,86,1418,4.74
P01296,NCD Prevention,North,Kamphaeng Phet,Oct,1385485,1271665,100,72,2679,3.81
P01297,Health Data,North,Kamphaeng Phet,Oct,527934,419841,100,91,1656,3.79
P01298,Health Promotion,North,Kamphaeng Phet,Oct,1188728,1025475,100,63,2483,4.28
P01299,Policy Development,North,Kamphaeng Phet,Oct,685729,564885,100,81,391,4.23
P01300,Network Strengthening,North,Kamphaeng Phet,Oct,524902,377334,100,90,439,4.9
P01301,Community Health,North,Kamphaeng Phet,Nov,696176,502978,100,95,1497,3.93
P01302,Elderly Care,North,Kamphaeng Phet,Nov,1116669,1036876,100,80,387,4.1
P01303,Mental Health,North,Kamphaeng Phet,Nov,1747076,1297127,100,98,1405,3.95
P01304,Healthy School,North,Kamphaeng Phet,Nov,1521256,1276990,100,66,2371,4.05
P01305,Food Safety,North,Kamphaeng Phet,Nov,841109,836616,100,91,2631,4.37
P01306,NCD Prevention,North,Kamphaeng Phet,Nov,642324,507926,100,89,663,3.51
P01307,Health Data,North,Kamphaeng Phet,Nov,699703,637434,100,68,2261,3.55
P01308,Health Promotion,North,Kamphaeng Phet,Nov,887600,707864,100,100,411,4.14
P01309,Policy Development,North,Kamphaeng Phet,Nov,887511,797077,100,63,558,3.99
P01310,Network Strengthening,North,Kamphaeng Phet,Nov,1010318,899200,100,89,768,4.03
P01311,Community Health,North,Kamphaeng Phet,Dec,1839959,1835326,100,85,1159,3.93
P01312,Elderly Care,North,Kamphaeng Phet,Dec,616337,463442,100,84,1021,3.93
P01313,Mental Health,North,Kamphaeng Phet,Dec,971765,781237,100,61,2367,4.65
P01314,Healthy School,North,Kamphaeng Phet,Dec,1922067,1773903,100,83,1914,4.73
P01315,Food Safety,North,Kamphaeng Phet,Dec,1749838,1299397,100,63,207,4.76
P01316,NCD Prevention,North,Kamphaeng Phet,Dec,1244866,1074531,100,62,1092,4.55
P01317,Health Data,North,Kamphaeng Phet,Dec,1216683,976716,100,70,282,3.55
P01318,Health Promotion,North,Kamphaeng Phet,Dec,1840367,1763195,100,76,1123,3.69
P01319,Policy Development,North,Kamphaeng Phet,Dec,1994877,1691405,100,63,1681,4.91
P01320,Network Strengthening,North,Kamphaeng Phet,Dec,528214,508072,100,96,1283,4.16
P01321,Community Health,North,Phitsanulok,Jan,1335479,1065385,100,99,2148,4.62
P01322,Elderly Care,North,Phitsanulok,Jan,870458,767024,100,93,1190,3.86
P01323,Mental Health,North,Phitsanulok,Jan,702141,494379,100,76,2659,4.73
P01324,Healthy School,North,Phitsanulok,Jan,1436809,1232585,100,97,607,3.73
P01325,Food Safety,North,Phitsanulok,Jan,770438,654082,100,69,1050,3.88
P01326,NCD Prevention,North,Phitsanulok,Jan,836206,827206,100,61,767,4.72
P01327,Health Data,North,Phitsanulok,Jan,1357748,1008029,100,92,2984,4.02
P01328,Health Promotion,North,Phitsanulok,Jan,904881,831540,100,87,1553,4.03
P01329,Policy Development,North,Phitsanulok,Jan,808565,616200,100,87,1208,4.55
P01330,Network Strengthening,North,Phitsanulok,Jan,1766326,1585197,100,84,2350,4.96
P01331,Community Health,North,Phitsanulok,Feb,1490247,1477319,100,98,2271,3.54
P01332,Elderly Care,North,Phitsanulok,Feb,921911,911789,100,76,1695,4.59
P01333,Mental Health,North,Phitsanulok,Feb,605879,542703,100,81,2120,4.38
P01334,Healthy School,North,Phitsanulok,Feb,776795,648600,100,63,313,4.76
P01335,Food Safety,North,Phitsanulok,Feb,1328368,1300890,100,87,1040,4.87
P01336,NCD Prevention,North,Phitsanulok,Feb,547929,424185,100,93,919,4.57
P01337,Health Data,North,Phitsanulok,Feb,1517146,1290768,100,61,1395,3.65
P01338,Health Promotion,North,Phitsanulok,Feb,831503,664258,100,94,720,4.89
P01339,Policy Development,North,Phitsanulok,Feb,1131446,1044579,100,84,2280,4.95
P01340,Network Strengthening,North,Phitsanulok,Feb,1950167,1842980,100,79,2087,4.66
P01341,Community Health,North,Phitsanulok,Mar,721470,618142,100,66,1704,3.86
P01342,Elderly Care,North,Phitsanulok,Mar,1950071,1543763,100,67,1574,4.99
P01343,Mental Health,North,Phitsanulok,Mar,968674,718625,100,66,1696,4.1
P01344,Healthy School,North,Phitsanulok,Mar,1782576,1422273,100,65,2299,4.18
P01345,Food Safety,North,Phitsanulok,Mar,600289,521686,100,91,656,4.65
P01346,NCD Prevention,North,Phitsanulok,Mar,614838,435546,100,62,2898,4.46
P01347,Health Data,North,Phitsanulok,Mar,1357715,1355443,100,62,507,3.88
P01348,Health Promotion,North,Phitsanulok,Mar,1372611,1312095,100,64,797,4.61
P01349,Policy Development,North,Phitsanulok,Mar,1517613,1385032,100,87,2262,4.78
P01350,Network Strengthening,North,Phitsanulok,Mar,1224908,858661,100,78,2716,4.43
P01351,Community Health,North,Phitsanulok,Apr,1501457,1258989,100,93,1328,4.49
P01352,Elderly Care,North,Phitsanulok,Apr,1538392,1356728,100,96,2416,3.72
P01353,Mental Health,North,Phitsanulok,Apr,539184,425515,100,86,176,4.1
P01354,Healthy School,North,Phitsanulok,Apr,747608,708402,100,65,1196,3.56
P01355,Food Safety,North,Phitsanulok,Apr,1323410,1296328,100,98,1874,4.3
P01356,NCD Prevention,North,Phitsanulok,Apr,1134027,1037799,100,63,2612,3.93
P01357,Health Data,North,Phitsanulok,Apr,1582988,1494934,100,85,690,4.71
P01358,Health Promotion,North,Phitsanulok,Apr,1205679,1018871,100,65,2275,4.35
P01359,Policy Development,North,Phitsanulok,Apr,1037514,981083,100,68,2503,4.39
P01360,Network Strengthening,North,Phitsanulok,Apr,1357755,1335130,100,80,2280,4.56
P01361,Community Health,North,Phitsanulok,May,1209096,1162665,100,74,807,4.94
P01362,Elderly Care,North,Phitsanulok,May,1699898,1397416,100,65,448,3.66
P01363,Mental Health,North,Phitsanulok,May,1798911,1677724,100,63,1472,3.64
P01364,Healthy School,North,Phitsanulok,May,1039658,992936,100,78,1113,4.82
P01365,Food Safety,North,Phitsanulok,May,773326,597952,100,70,2966,4.07
P01366,NCD Prevention,North,Phitsanulok,May,1675119,1453364,100,99,1776,3.61
P01367,Health Data,North,Phitsanulok,May,519714,400123,100,96,864,3.75
P01368,Health Promotion,North,Phitsanulok,May,1268439,1130311,100,86,2247,4.52
P01369,Policy Development,North,Phitsanulok,May,901938,794771,100,70,2936,3.73
P01370,Network Strengthening,North,Phitsanulok,May,1579405,1447986,100,86,2421,4.9
P01371,Community Health,North,Phitsanulok,Jun,1547478,1542469,100,65,1658,4.66
P01372,Elderly Care,North,Phitsanulok,Jun,1958118,1705778,100,100,1141,4.48
P01373,Mental Health,North,Phitsanulok,Jun,612718,490368,100,65,2763,4.84
P01374,Healthy School,North,Phitsanulok,Jun,1887942,1520688,100,87,2033,3.98
P01375,Food Safety,North,Phitsanulok,Jun,1281509,1013717,100,88,2587,3.55
P01376,NCD Prevention,North,Phitsanulok,Jun,1198091,1066586,100,82,2716,4.75
P01377,Health Data,North,Phitsanulok,Jun,983076,705808,100,78,2668,4.89
P01378,Health Promotion,North,Phitsanulok,Jun,779557,638275,100,83,1344,3.78
P01379,Policy Development,North,Phitsanulok,Jun,1832000,1782561,100,75,2255,4.42
P01380,Network Strengthening,North,Phitsanulok,Jun,1514932,1372449,100,100,1489,3.8
P01381,Community Health,North,Phitsanulok,Jul,1786396,1633864,100,91,778,4.28
P01382,Elderly Care,North,Phitsanulok,Jul,942335,745223,100,73,521,4.7
P01383,Mental Health,North,Phitsanulok,Jul,500834,363334,100,63,682,4.03
P01384,Healthy School,North,Phitsanulok,Jul,558629,461760,100,67,1043,3.92
P01385,Food Safety,North,Phitsanulok,Jul,1067146,920309,100,90,871,4.02
P01386,NCD Prevention,North,Phitsanulok,Jul,1638539,1545701,100,66,354,4.61
P01387,Health Data,North,Phitsanulok,Jul,825426,698723,100,91,162,4.62
P01388,Health Promotion,North,Phitsanulok,Jul,1298198,1081504,100,84,1804,3.53
P01389,Policy Development,North,Phitsanulok,Jul,734883,686286,100,82,1812,4.24
P01390,Network Strengthening,North,Phitsanulok,Jul,1368040,1162872,100,67,2711,4.88
P01391,Community Health,North,Phitsanulok,Aug,1054139,1003849,100,72,1747,4.39
P01392,Elderly Care,North,Phitsanulok,Aug,889541,806004,100,96,2394,4.74
P01393,Mental Health,North,Phitsanulok,Aug,1627633,1519076,100,76,1430,4.22
P01394,Healthy School,North,Phitsanulok,Aug,1675878,1534532,100,74,151,4.5
P01395,Food Safety,North,Phitsanulok,Aug,1483211,1392066,100,77,2518,3.53
P01396,NCD Prevention,North,Phitsanulok,Aug,1881602,1723459,100,72,2964,4.69
P01397,Health Data,North,Phitsanulok,Aug,935576,911622,100,82,2899,4.22
P01398,Health Promotion,North,Phitsanulok,Aug,872991,864068,100,93,880,3.51
P01399,Policy Development,North,Phitsanulok,Aug,1872753,1800797,100,67,1486,3.66
P01400,Network Strengthening,North,Phitsanulok,Aug,1140326,931745,100,93,824,3.53
P01401,Community Health,North,Phitsanulok,Sep,570882,480485,100,97,189,3.75
P01402,Elderly Care,North,Phitsanulok,Sep,1832945,1720234,100,78,1402,4.11
P01403,Mental Health,North,Phitsanulok,Sep,1170971,981094,100,66,1378,4.62
P01404,Healthy School,North,Phitsanulok,Sep,535162,514125,100,77,1885,3.89
P01405,Food Safety,North,Phitsanulok,Sep,1796798,1593002,100,69,572,3.58
P01406,NCD Prevention,North,Phitsanulok,Sep,1915799,1627664,100,78,2693,4.17
P01407,Health Data,North,Phitsanulok,Sep,960402,924160,100,83,2176,3.66
P01408,Health Promotion,North,Phitsanulok,Sep,612079,549529,100,65,1992,4.0
P01409,Policy Development,North,Phitsanulok,Sep,1316960,1023349,100,93,1208,4.64
P01410,Network Strengthening,North,Phitsanulok,Sep,1817314,1712228,100,97,1263,4.09
P01411,Community Health,North,Phitsanulok,Oct,595497,589960,100,84,755,4.14
P01412,Elderly Care,North,Phitsanulok,Oct,1889827,1756203,100,79,1444,3.89
P01413,Mental Health,North,Phitsanulok,Oct,1223365,976153,100,79,511,3.67
P01414,Healthy School,North,Phitsanulok,Oct,1681054,1351016,100,78,1608,4.59
P01415,Food Safety,North,Phitsanulok,Oct,1132176,1102869,100,97,2191,3.51
P01416,NCD Prevention,North,Phitsanulok,Oct,647567,611928,100,84,2678,4.58
P01417,Health Data,North,Phitsanulok,Oct,967286,923773,100,69,2099,4.68
P01418,Health Promotion,North,Phitsanulok,Oct,1065390,909227,100,65,1843,4.35
P01419,Policy Development,North,Phitsanulok,Oct,1543937,1320362,100,94,1007,4.87
P01420,Network Strengthening,North,Phitsanulok,Oct,1764339,1469828,100,69,2491,4.68
P01421,Community Health,North,Phitsanulok,Nov,1586055,1239387,100,66,178,3.97
P01422,Elderly Care,North,Phitsanulok,Nov,833619,618146,100,63,745,4.38
P01423,Mental Health,North,Phitsanulok,Nov,1916925,1408267,100,69,271,4.18
P01424,Healthy School,North,Phitsanulok,Nov,1527361,1441323,100,64,1488,4.76
P01425,Food Safety,North,Phitsanulok,Nov,1770239,1767844,100,81,1268,4.43
P01426,NCD Prevention,North,Phitsanulok,Nov,959464,863397,100,85,1817,4.74
P01427,Health Data,North,Phitsanulok,Nov,534289,462094,100,82,1376,4.73
P01428,Health Promotion,North,Phitsanulok,Nov,576093,426537,100,69,1983,4.59
P01429,Policy Development,North,Phitsanulok,Nov,549378,548202,100,92,1212,4.33
P01430,Network Strengthening,North,Phitsanulok,Nov,896276,669139,100,79,2373,4.81
P01431,Community Health,North,Phitsanulok,Dec,871963,835150,100,91,2867,4.24
P01432,Elderly Care,North,Phitsanulok,Dec,1969545,1939236,100,97,2133,3.75
P01433,Mental Health,North,Phitsanulok,Dec,1173662,1034524,100,94,2342,3.94
P01434,Healthy School,North,Phitsanulok,Dec,902949,726313,100,71,2164,4.38
P01435,Food Safety,North,Phitsanulok,Dec,1943952,1879465,100,76,308,4.14
P01436,NCD Prevention,North,Phitsanulok,Dec,1147961,986031,100,78,601,3.57
P01437,Health Data,North,Phitsanulok,Dec,1131706,1011532,100,94,2581,4.34
P01438,Health Promotion,North,Phitsanulok,Dec,606755,603199,100,83,688,3.75
P01439,Policy Development,North,Phitsanulok,Dec,737611,517213,100,89,1137,4.09
P01440,Network Strengthening,North,Phitsanulok,Dec,1585083,1578127,100,77,2267,4.86
P01441,Community Health,North,Phetchabun,Jan,1736533,1263322,100,96,2008,4.62
P01442,Elderly Care,North,Phetchabun,Jan,651379,561334,100,69,1475,4.21
P01443,Mental Health,North,Phetchabun,Jan,655722,608096,100,92,2968,4.83
P01444,Healthy School,North,Phetchabun,Jan,1890861,1846996,100,75,528,4.0
P01445,Food Safety,North,Phetchabun,Jan,1907427,1357682,100,67,1420,4.67
P01446,NCD Prevention,North,Phetchabun,Jan,953234,741929,100,85,1327,4.96
P01447,Health Data,North,Phetchabun,Jan,1301523,1131303,100,67,2200,4.54
P01448,Health Promotion,North,Phetchabun,Jan,1261063,1072619,100,69,830,4.48
P01449,Policy Development,North,Phetchabun,Jan,1883957,1349259,100,73,984,3.69
P01450,Network Strengthening,North,Phetchabun,Jan,1524253,1315748,100,100,2871,4.02
P01451,Community Health,North,Phetchabun,Feb,1927008,1830025,100,80,2076,4.72
P01452,Elderly Care,North,Phetchabun,Feb,1240383,1216254,100,82,2387,3.69
P01453,Mental Health,North,Phetchabun,Feb,1673814,1506543,100,62,1465,4.08
P01454,Healthy School,North,Phetchabun,Feb,665914,499638,100,81,2071,4.23
P01455,Food Safety,North,Phetchabun,Feb,820429,819452,100,66,704,4.16
P01456,NCD Prevention,North,Phetchabun,Feb,1049935,896731,100,78,2076,4.92
P01457,Health Data,North,Phetchabun,Feb,1449509,1288097,100,94,2787,4.31
P01458,Health Promotion,North,Phetchabun,Feb,1761150,1293666,100,61,1566,4.23
P01459,Policy Development,North,Phetchabun,Feb,824895,763223,100,87,2983,4.35
P01460,Network Strengthening,North,Phetchabun,Feb,1670962,1442069,100,98,2220,4.25
P01461,Community Health,North,Phetchabun,Mar,1711544,1542620,100,63,2352,4.44
P01462,Elderly Care,North,Phetchabun,Mar,613301,548034,100,70,2084,3.81
P01463,Mental Health,North,Phetchabun,Mar,1974763,1623681,100,98,2951,4.07
P01464,Healthy School,North,Phetchabun,Mar,1491537,1140143,100,77,987,4.05
P01465,Food Safety,North,Phetchabun,Mar,1875423,1328118,100,95,1647,4.02
P01466,NCD Prevention,North,Phetchabun,Mar,1177079,922637,100,93,1831,4.39
P01467,Health Data,North,Phetchabun,Mar,1576770,1576558,100,93,2836,4.0
P01468,Health Promotion,North,Phetchabun,Mar,1550442,1149336,100,61,2099,3.96
P01469,Policy Development,North,Phetchabun,Mar,1909948,1824720,100,65,1362,3.66
P01470,Network Strengthening,North,Phetchabun,Mar,838211,620810,100,75,2002,4.33
P01471,Community Health,North,Phetchabun,Apr,838712,821541,100,89,1290,4.06
P01472,Elderly Care,North,Phetchabun,Apr,1183763,1007204,100,75,952,4.65
P01473,Mental Health,North,Phetchabun,Apr,1962454,1559165,100,65,2833,4.42
P01474,Healthy School,North,Phetchabun,Apr,1337241,1158428,100,62,394,4.03
P01475,Food Safety,North,Phetchabun,Apr,1703305,1330269,100,84,2690,3.9
P01476,NCD Prevention,North,Phetchabun,Apr,1972007,1925071,100,90,368,4.83
P01477,Health Data,North,Phetchabun,Apr,1643465,1464255,100,99,1166,4.14
P01478,Health Promotion,North,Phetchabun,Apr,1944359,1470732,100,72,475,4.49
P01479,Policy Development,North,Phetchabun,Apr,1329640,1150987,100,90,552,4.94
P01480,Network Strengthening,North,Phetchabun,Apr,1571081,1249867,100,94,388,4.72
P01481,Community Health,North,Phetchabun,May,1322740,1130297,100,90,1754,3.55
P01482,Elderly Care,North,Phetchabun,May,1709392,1531715,100,91,1589,3.56
P01483,Mental Health,North,Phetchabun,May,1078958,1036203,100,63,950,4.43
P01484,Healthy School,North,Phetchabun,May,951109,809607,100,89,1915,4.11
P01485,Food Safety,North,Phetchabun,May,1447900,1128195,100,99,1078,4.73
P01486,NCD Prevention,North,Phetchabun,May,1561537,1382643,100,64,1735,4.53
P01487,Health Data,North,Phetchabun,May,739641,566034,100,97,1949,4.46
P01488,Health Promotion,North,Phetchabun,May,1089758,828099,100,93,2087,4.05
P01489,Policy Development,North,Phetchabun,May,549617,525104,100,87,2520,3.59
P01490,Network Strengthening,North,Phetchabun,May,1782041,1511745,100,94,701,4.4
P01491,Community Health,North,Phetchabun,Jun,1265011,1044539,100,87,409,4.51
P01492,Elderly Care,North,Phetchabun,Jun,1205689,1172370,100,81,1574,4.85
P01493,Mental Health,North,Phetchabun,Jun,1792211,1641696,100,67,952,4.27
P01494,Healthy School,North,Phetchabun,Jun,1656372,1497910,100,72,1739,4.28
P01495,Food Safety,North,Phetchabun,Jun,1237345,984182,100,78,1430,4.13
P01496,NCD Prevention,North,Phetchabun,Jun,1105551,1049468,100,86,1277,4.25
P01497,Health Data,North,Phetchabun,Jun,1788706,1619715,100,85,861,4.56
P01498,Health Promotion,North,Phetchabun,Jun,648773,552278,100,70,275,4.88
P01499,Policy Development,North,Phetchabun,Jun,1242591,905679,100,66,1163,3.73
P01500,Network Strengthening,North,Phetchabun,Jun,1267105,996110,100,82,372,4.01
P01501,Community Health,North,Phetchabun,Jul,1869122,1832499,100,63,2174,4.66
P01502,Elderly Care,North,Phetchabun,Jul,1110035,797876,100,99,2427,4.56
P01503,Mental Health,North,Phetchabun,Jul,1384010,1212828,100,93,2811,4.16
P01504,Healthy School,North,Phetchabun,Jul,1584465,1427723,100,87,1363,4.47
P01505,Food Safety,North,Phetchabun,Jul,1975614,1518492,100,95,908,3.84
P01506,NCD Prevention,North,Phetchabun,Jul,759445,538939,100,81,1277,4.17
P01507,Health Data,North,Phetchabun,Jul,1328808,1286916,100,95,2370,4.87
P01508,Health Promotion,North,Phetchabun,Jul,1492402,1459868,100,87,2108,4.71
P01509,Policy Development,North,Phetchabun,Jul,784562,554076,100,85,1741,4.68
P01510,Network Strengthening,North,Phetchabun,Jul,1198657,1025727,100,76,2015,4.45
P01511,Community Health,North,Phetchabun,Aug,1928208,1833604,100,72,1283,3.85
P01512,Elderly Care,North,Phetchabun,Aug,1580018,1547613,100,100,325,4.99
P01513,Mental Health,North,Phetchabun,Aug,769101,704813,100,63,845,4.15
P01514,Healthy School,North,Phetchabun,Aug,789833,622995,100,64,1948,4.39
P01515,Food Safety,North,Phetchabun,Aug,997268,898910,100,68,779,3.72
P01516,NCD Prevention,North,Phetchabun,Aug,1852774,1410311,100,96,2264,4.56
P01517,Health Data,North,Phetchabun,Aug,1453958,1059235,100,64,2711,4.05
P01518,Health Promotion,North,Phetchabun,Aug,1443882,1226604,100,72,1170,4.38
P01519,Policy Development,North,Phetchabun,Aug,932415,676911,100,95,2847,4.96
P01520,Network Strengthening,North,Phetchabun,Aug,529366,478466,100,66,332,3.57
P01521,Community Health,North,Phetchabun,Sep,924327,845930,100,98,2715,4.09
P01522,Elderly Care,North,Phetchabun,Sep,1697076,1394561,100,93,917,4.28
P01523,Mental Health,North,Phetchabun,Sep,1806139,1528785,100,91,1013,4.35
P01524,Healthy School,North,Phetchabun,Sep,947062,868116,100,82,2218,4.31
P01525,Food Safety,North,Phetchabun,Sep,879567,852584,100,62,883,4.92
P01526,NCD Prevention,North,Phetchabun,Sep,937676,684496,100,92,1906,4.71
P01527,Health Data,North,Phetchabun,Sep,746068,688573,100,66,555,4.92
P01528,Health Promotion,North,Phetchabun,Sep,855657,617830,100,80,1627,4.41
P01529,Policy Development,North,Phetchabun,Sep,706641,692380,100,91,1468,3.83
P01530,Network Strengthening,North,Phetchabun,Sep,1816274,1669764,100,75,2584,4.76
P01531,Community Health,North,Phetchabun,Oct,1166572,946774,100,100,765,4.8
P01532,Elderly Care,North,Phetchabun,Oct,1125586,924223,100,65,934,4.82
P01533,Mental Health,North,Phetchabun,Oct,1634246,1274814,100,64,782,4.61
P01534,Healthy School,North,Phetchabun,Oct,543576,528916,100,90,423,4.87
P01535,Food Safety,North,Phetchabun,Oct,1463139,1070444,100,64,2588,4.0
P01536,NCD Prevention,North,Phetchabun,Oct,945521,888987,100,71,826,4.32
P01537,Health Data,North,Phetchabun,Oct,977865,802580,100,95,2861,3.76
P01538,Health Promotion,North,Phetchabun,Oct,1152185,1127649,100,75,1896,4.96
P01539,Policy Development,North,Phetchabun,Oct,772123,682736,100,60,2197,3.54
P01540,Network Strengthening,North,Phetchabun,Oct,1724241,1574219,100,74,1718,4.2
P01541,Community Health,North,Phetchabun,Nov,1908203,1362034,100,69,554,3.81
P01542,Elderly Care,North,Phetchabun,Nov,1133931,1020960,100,99,1316,4.75
P01543,Mental Health,North,Phetchabun,Nov,647456,492533,100,84,196,4.36
P01544,Healthy School,North,Phetchabun,Nov,1981022,1544054,100,63,2601,4.9
P01545,Food Safety,North,Phetchabun,Nov,699721,649484,100,80,498,3.61
P01546,NCD Prevention,North,Phetchabun,Nov,1204732,1163621,100,86,2179,4.47
P01547,Health Data,North,Phetchabun,Nov,1086271,1049559,100,74,2168,4.89
P01548,Health Promotion,North,Phetchabun,Nov,506120,411896,100,92,1043,4.84
P01549,Policy Development,North,Phetchabun,Nov,1836194,1469865,100,94,476,4.12
P01550,Network Strengthening,North,Phetchabun,Nov,1038470,989123,100,82,962,4.51
P01551,Community Health,North,Phetchabun,Dec,1590198,1373835,100,97,1210,4.12
P01552,Elderly Care,North,Phetchabun,Dec,1970194,1880232,100,97,805,3.64
P01553,Mental Health,North,Phetchabun,Dec,670837,603255,100,63,1044,3.62
P01554,Healthy School,North,Phetchabun,Dec,1962915,1451364,100,95,2274,4.64
P01555,Food Safety,North,Phetchabun,Dec,1614827,1133187,100,86,1173,4.63
P01556,NCD Prevention,North,Phetchabun,Dec,833776,735679,100,67,808,4.62
P01557,Health Data,North,Phetchabun,Dec,1613504,1220856,100,94,654,4.68
P01558,Health Promotion,North,Phetchabun,Dec,1104161,989074,100,61,2692,4.88
P01559,Policy Development,North,Phetchabun,Dec,642179,640738,100,79,388,4.44
P01560,Network Strengthening,North,Phetchabun,Dec,1367834,1059908,100,100,2173,4.55
P01561,Community Health,North,Sukhothai,Jan,1586127,1122511,100,100,1682,3.57
P01562,Elderly Care,North,Sukhothai,Jan,1881085,1524630,100,98,2208,3.6
P01563,Mental Health,North,Sukhothai,Jan,1594570,1120544,100,91,1230,3.89
P01564,Healthy School,North,Sukhothai,Jan,1904423,1806309,100,98,2012,3.92
P01565,Food Safety,North,Sukhothai,Jan,1388815,1140973,100,65,344,4.14
P01566,NCD Prevention,North,Sukhothai,Jan,848243,722463,100,83,1540,4.89
P01567,Health Data,North,Sukhothai,Jan,1658088,1243509,100,79,2502,4.49
P01568,Health Promotion,North,Sukhothai,Jan,1951338,1704391,100,68,3000,4.91
P01569,Policy Development,North,Sukhothai,Jan,1837510,1502795,100,76,1188,4.15
P01570,Network Strengthening,North,Sukhothai,Jan,1174617,1062717,100,100,2692,4.99
P01571,Community Health,North,Sukhothai,Feb,1433884,1017146,100,60,1231,3.76
P01572,Elderly Care,North,Sukhothai,Feb,1666844,1596556,100,90,1488,4.98
P01573,Mental Health,North,Sukhothai,Feb,1282123,1105608,100,92,1357,3.88
P01574,Healthy School,North,Sukhothai,Feb,1447369,1370938,100,77,1849,3.82
P01575,Food Safety,North,Sukhothai,Feb,605251,469898,100,96,2562,3.75
P01576,NCD Prevention,North,Sukhothai,Feb,1837862,1535023,100,91,435,4.36
P01577,Health Data,North,Sukhothai,Feb,1048331,950067,100,72,2845,4.95
P01578,Health Promotion,North,Sukhothai,Feb,1135581,1120253,100,67,831,4.97
P01579,Policy Development,North,Sukhothai,Feb,1556169,1207587,100,89,1829,4.39
P01580,Network Strengthening,North,Sukhothai,Feb,925533,663087,100,99,2662,4.85
P01581,Community Health,North,Sukhothai,Mar,1788835,1313463,100,72,2246,4.48
P01582,Elderly Care,North,Sukhothai,Mar,1042292,830119,100,76,1057,4.11
P01583,Mental Health,North,Sukhothai,Mar,1881343,1547111,100,73,459,4.2
P01584,Healthy School,North,Sukhothai,Mar,1617918,1485258,100,98,479,4.57
P01585,Food Safety,North,Sukhothai,Mar,1442012,1371001,100,67,319,3.89
P01586,NCD Prevention,North,Sukhothai,Mar,1925910,1703824,100,80,2181,3.86
P01587,Health Data,North,Sukhothai,Mar,795036,679277,100,71,2677,4.25
P01588,Health Promotion,North,Sukhothai,Mar,571507,441684,100,82,1258,3.73
P01589,Policy Development,North,Sukhothai,Mar,1422920,1349582,100,76,2293,3.76
P01590,Network Strengthening,North,Sukhothai,Mar,918424,743886,100,85,205,4.82
P01591,Community Health,North,Sukhothai,Apr,1911173,1464081,100,75,293,4.14
P01592,Elderly Care,North,Sukhothai,Apr,1517132,1412713,100,100,456,4.52
P01593,Mental Health,North,Sukhothai,Apr,1557422,1548776,100,71,1360,4.39
P01594,Healthy School,North,Sukhothai,Apr,561075,467493,100,72,820,4.13
P01595,Food Safety,North,Sukhothai,Apr,1710597,1325597,100,71,1757,3.98
P01596,NCD Prevention,North,Sukhothai,Apr,1929005,1410890,100,67,1677,3.89
P01597,Health Data,North,Sukhothai,Apr,1157337,1114132,100,97,2787,3.69
P01598,Health Promotion,North,Sukhothai,Apr,922191,859044,100,60,2632,4.08
P01599,Policy Development,North,Sukhothai,Apr,666733,591457,100,62,1913,4.95
P01600,Network Strengthening,North,Sukhothai,Apr,1828877,1806720,100,91,1123,4.31
P01601,Community Health,North,Sukhothai,May,922447,813063,100,68,2099,3.97
P01602,Elderly Care,North,Sukhothai,May,1277568,932218,100,77,2137,4.21
P01603,Mental Health,North,Sukhothai,May,1616755,1254597,100,75,732,4.36
P01604,Healthy School,North,Sukhothai,May,1877102,1395363,100,82,1153,4.25
P01605,Food Safety,North,Sukhothai,May,566709,423587,100,78,255,4.57
P01606,NCD Prevention,North,Sukhothai,May,1798326,1534981,100,60,2452,4.2
P01607,Health Data,North,Sukhothai,May,1097372,1015984,100,85,865,4.7
P01608,Health Promotion,North,Sukhothai,May,1826540,1522909,100,96,1846,4.55
P01609,Policy Development,North,Sukhothai,May,828459,607320,100,75,1240,4.2
P01610,Network Strengthening,North,Sukhothai,May,1535853,1156375,100,81,2830,3.67
P01611,Community Health,North,Sukhothai,Jun,1370894,1071703,100,81,1360,4.96
P01612,Elderly Care,North,Sukhothai,Jun,575080,486493,100,78,2736,4.08
P01613,Mental Health,North,Sukhothai,Jun,1148824,1128225,100,69,412,4.66
P01614,Healthy School,North,Sukhothai,Jun,818571,740152,100,86,1981,3.9
P01615,Food Safety,North,Sukhothai,Jun,1059550,835457,100,65,2336,3.77
P01616,NCD Prevention,North,Sukhothai,Jun,582028,463346,100,67,1989,4.82
P01617,Health Data,North,Sukhothai,Jun,1531732,1193987,100,85,1477,4.86
P01618,Health Promotion,North,Sukhothai,Jun,1399596,1190487,100,85,2075,3.8
P01619,Policy Development,North,Sukhothai,Jun,1870756,1734093,100,81,316,4.78
P01620,Network Strengthening,North,Sukhothai,Jun,641286,528889,100,82,1766,4.48
P01621,Community Health,North,Sukhothai,Jul,1308440,975154,100,83,2139,4.35
P01622,Elderly Care,North,Sukhothai,Jul,1505775,1203108,100,97,2406,4.56
P01623,Mental Health,North,Sukhothai,Jul,1927825,1416355,100,84,2639,4.7
P01624,Healthy School,North,Sukhothai,Jul,839233,597209,100,75,400,4.85
P01625,Food Safety,North,Sukhothai,Jul,654495,488374,100,90,783,3.83
P01626,NCD Prevention,North,Sukhothai,Jul,1458107,1103939,100,97,1920,3.6
P01627,Health Data,North,Sukhothai,Jul,1301459,1016228,100,88,1568,3.8
P01628,Health Promotion,North,Sukhothai,Jul,1850402,1824920,100,92,2161,4.75
P01629,Policy Development,North,Sukhothai,Jul,1685262,1552832,100,85,303,4.06
P01630,Network Strengthening,North,Sukhothai,Jul,876840,807203,100,97,1292,3.96
P01631,Community Health,North,Sukhothai,Aug,1231559,1099247,100,93,1341,4.97
P01632,Elderly Care,North,Sukhothai,Aug,1464875,1220743,100,98,1350,4.15
P01633,Mental Health,North,Sukhothai,Aug,1963185,1713637,100,88,1103,4.56
P01634,Healthy School,North,Sukhothai,Aug,1979329,1421151,100,95,2059,3.74
P01635,Food Safety,North,Sukhothai,Aug,727495,714369,100,72,212,4.49
P01636,NCD Prevention,North,Sukhothai,Aug,1647596,1577933,100,84,2044,3.92
P01637,Health Data,North,Sukhothai,Aug,550488,489747,100,94,1957,3.98
P01638,Health Promotion,North,Sukhothai,Aug,1743133,1233293,100,80,574,4.71
P01639,Policy Development,North,Sukhothai,Aug,617450,614646,100,84,1687,4.42
P01640,Network Strengthening,North,Sukhothai,Aug,1174618,956681,100,76,954,3.96
P01641,Community Health,North,Sukhothai,Sep,828577,717008,100,100,2778,4.24
P01642,Elderly Care,North,Sukhothai,Sep,1907025,1592691,100,63,2003,3.84
P01643,Mental Health,North,Sukhothai,Sep,1530833,1333159,100,65,326,4.04
P01644,Healthy School,North,Sukhothai,Sep,1521900,1073523,100,75,2402,3.7
P01645,Food Safety,North,Sukhothai,Sep,1318212,1279878,100,91,586,4.59
P01646,NCD Prevention,North,Sukhothai,Sep,1502424,1493944,100,82,667,3.79
P01647,Health Data,North,Sukhothai,Sep,1388486,1149838,100,90,2058,4.37
P01648,Health Promotion,North,Sukhothai,Sep,1831045,1634095,100,67,2790,3.69
P01649,Policy Development,North,Sukhothai,Sep,1840758,1693969,100,90,840,4.91
P01650,Network Strengthening,North,Sukhothai,Sep,1674553,1317678,100,87,1323,4.64
P01651,Community Health,North,Sukhothai,Oct,1280574,1089633,100,86,2979,3.71
P01652,Elderly Care,North,Sukhothai,Oct,963511,830475,100,97,178,4.5
P01653,Mental Health,North,Sukhothai,Oct,1656406,1319269,100,100,722,4.73
P01654,Healthy School,North,Sukhothai,Oct,734047,579275,100,66,169,4.26
P01655,Food Safety,North,Sukhothai,Oct,706987,602790,100,98,243,4.16
P01656,NCD Prevention,North,Sukhothai,Oct,651205,538721,100,78,1181,3.7
P01657,Health Data,North,Sukhothai,Oct,559818,552359,100,64,2704,4.62
P01658,Health Promotion,North,Sukhothai,Oct,1348270,991302,100,81,878,4.92
P01659,Policy Development,North,Sukhothai,Oct,1898505,1335713,100,82,1964,3.65
P01660,Network Strengthening,North,Sukhothai,Oct,851394,711134,100,87,824,4.95
P01661,Community Health,North,Sukhothai,Nov,770151,542442,100,88,832,3.96
P01662,Elderly Care,North,Sukhothai,Nov,808873,584079,100,84,2215,4.86
P01663,Mental Health,North,Sukhothai,Nov,1658786,1248704,100,82,487,4.36
P01664,Healthy School,North,Sukhothai,Nov,1838038,1383790,100,96,1806,3.77
P01665,Food Safety,North,Sukhothai,Nov,611309,538810,100,81,1001,4.47
P01666,NCD Prevention,North,Sukhothai,Nov,865137,832966,100,70,2708,4.1
P01667,Health Data,North,Sukhothai,Nov,809065,717283,100,98,778,4.91
P01668,Health Promotion,North,Sukhothai,Nov,615054,495893,100,94,1764,3.69
P01669,Policy Development,North,Sukhothai,Nov,1023198,852435,100,89,675,4.42
P01670,Network Strengthening,North,Sukhothai,Nov,1502993,1162821,100,95,1635,3.54
P01671,Community Health,North,Sukhothai,Dec,1091139,1006482,100,63,1091,4.55
P01672,Elderly Care,North,Sukhothai,Dec,1990479,1890405,100,68,1558,3.99
P01673,Mental Health,North,Sukhothai,Dec,1910313,1669169,100,88,781,4.74
P01674,Healthy School,North,Sukhothai,Dec,1154475,1143545,100,87,2094,4.8
P01675,Food Safety,North,Sukhothai,Dec,1884029,1835258,100,65,1852,4.83
P01676,NCD Prevention,North,Sukhothai,Dec,962520,946041,100,84,1093,4.71
P01677,Health Data,North,Sukhothai,Dec,1892355,1807868,100,87,1139,4.81
P01678,Health Promotion,North,Sukhothai,Dec,576826,462872,100,76,1967,3.69
P01679,Policy Development,North,Sukhothai,Dec,548581,425280,100,98,1715,4.53
P01680,Network Strengthening,North,Sukhothai,Dec,1563628,1247591,100,66,1783,4.91
P01681,Community Health,North,Phichit,Jan,701533,692180,100,65,1034,3.68
P01682,Elderly Care,North,Phichit,Jan,1398068,1256890,100,75,348,3.94
P01683,Mental Health,North,Phichit,Jan,1155372,900794,100,84,852,4.61
P01684,Healthy School,North,Phichit,Jan,682509,670840,100,87,1184,4.22
P01685,Food Safety,North,Phichit,Jan,978714,743947,100,61,2426,3.76
P01686,NCD Prevention,North,Phichit,Jan,1702139,1300429,100,85,720,3.94
P01687,Health Data,North,Phichit,Jan,1586500,1453983,100,75,1332,4.87
P01688,Health Promotion,North,Phichit,Jan,1168641,982201,100,86,2587,4.4
P01689,Policy Development,North,Phichit,Jan,1808884,1447632,100,78,2606,4.88
P01690,Network Strengthening,North,Phichit,Jan,1212351,1052460,100,85,1029,4.53
P01691,Community Health,North,Phichit,Feb,1423543,1032447,100,84,2010,4.19
P01692,Elderly Care,North,Phichit,Feb,1892962,1529352,100,66,213,4.7
P01693,Mental Health,North,Phichit,Feb,1915540,1503309,100,80,2959,4.46
P01694,Healthy School,North,Phichit,Feb,542959,392694,100,78,314,4.5
P01695,Food Safety,North,Phichit,Feb,1683220,1409157,100,81,1207,3.9
P01696,NCD Prevention,North,Phichit,Feb,1687275,1471905,100,100,2968,3.55
P01697,Health Data,North,Phichit,Feb,1085886,977575,100,92,2987,4.4
P01698,Health Promotion,North,Phichit,Feb,530242,453812,100,72,1373,4.04
P01699,Policy Development,North,Phichit,Feb,1111301,1029271,100,60,1599,4.2
P01700,Network Strengthening,North,Phichit,Feb,956539,689258,100,94,1101,4.89
P01701,Community Health,North,Phichit,Mar,1999257,1486362,100,90,2646,4.38
P01702,Elderly Care,North,Phichit,Mar,1125951,799520,100,61,1860,4.03
P01703,Mental Health,North,Phichit,Mar,670372,585982,100,78,1686,4.75
P01704,Healthy School,North,Phichit,Mar,1300014,992677,100,60,1887,3.9
P01705,Food Safety,North,Phichit,Mar,503659,399908,100,79,706,4.4
P01706,NCD Prevention,North,Phichit,Mar,1495399,1343746,100,91,604,4.62
P01707,Health Data,North,Phichit,Mar,992973,742892,100,80,1698,4.67
P01708,Health Promotion,North,Phichit,Mar,1130663,1056462,100,71,1357,4.39
P01709,Policy Development,North,Phichit,Mar,1163526,1078962,100,71,2504,4.44
P01710,Network Strengthening,North,Phichit,Mar,941767,822644,100,89,2157,4.96
P01711,Community Health,North,Phichit,Apr,955060,670526,100,93,2614,4.31
P01712,Elderly Care,North,Phichit,Apr,1350880,1163983,100,95,2262,4.51
P01713,Mental Health,North,Phichit,Apr,735787,666720,100,73,953,4.25
P01714,Healthy School,North,Phichit,Apr,642873,608548,100,80,1402,4.71
P01715,Food Safety,North,Phichit,Apr,1040663,1014197,100,70,231,3.55
P01716,NCD Prevention,North,Phichit,Apr,575318,533889,100,67,1901,4.43
P01717,Health Data,North,Phichit,Apr,1330417,1024254,100,70,2075,4.13
P01718,Health Promotion,North,Phichit,Apr,693372,604741,100,61,1740,4.8
P01719,Policy Development,North,Phichit,Apr,1427179,1215888,100,87,392,4.04
P01720,Network Strengthening,North,Phichit,Apr,1246242,1192445,100,97,245,4.14
P01721,Community Health,North,Phichit,May,1570221,1513977,100,64,2071,4.5
P01722,Elderly Care,North,Phichit,May,1157715,892444,100,83,2739,4.86
P01723,Mental Health,North,Phichit,May,618294,562282,100,91,1227,3.62
P01724,Healthy School,North,Phichit,May,1232804,1197775,100,76,726,3.78
P01725,Food Safety,North,Phichit,May,744872,629774,100,72,2952,3.58
P01726,NCD Prevention,North,Phichit,May,1526329,1117403,100,85,1086,3.52
P01727,Health Data,North,Phichit,May,1649100,1324483,100,74,1089,4.09
P01728,Health Promotion,North,Phichit,May,948822,891684,100,97,1749,4.42
P01729,Policy Development,North,Phichit,May,1223980,1214557,100,89,974,4.75
P01730,Network Strengthening,North,Phichit,May,693619,621573,100,84,1002,4.39
P01731,Community Health,North,Phichit,Jun,520267,511990,100,60,2120,3.82
P01732,Elderly Care,North,Phichit,Jun,1950321,1920351,100,98,609,3.6
P01733,Mental Health,North,Phichit,Jun,1481368,1340774,100,88,1471,3.82
P01734,Healthy School,North,Phichit,Jun,752016,552973,100,63,1904,4.05
P01735,Food Safety,North,Phichit,Jun,675799,473733,100,73,1950,4.68
P01736,NCD Prevention,North,Phichit,Jun,1762648,1277684,100,92,1802,4.4
P01737,Health Data,North,Phichit,Jun,1101746,858048,100,80,325,4.31
P01738,Health Promotion,North,Phichit,Jun,1100977,898774,100,94,2222,4.83
P01739,Policy Development,North,Phichit,Jun,690185,571557,100,81,854,4.51
P01740,Network Strengthening,North,Phichit,Jun,1152382,1110110,100,67,1536,4.48
P01741,Community Health,North,Phichit,Jul,1731084,1436974,100,83,2188,3.8
P01742,Elderly Care,North,Phichit,Jul,784625,579139,100,94,349,4.46
P01743,Mental Health,North,Phichit,Jul,1518959,1157344,100,93,622,3.75
P01744,Healthy School,North,Phichit,Jul,1286086,1242411,100,67,934,4.82
P01745,Food Safety,North,Phichit,Jul,1069660,1019341,100,71,2228,4.98
P01746,NCD Prevention,North,Phichit,Jul,695919,571776,100,78,852,3.73
P01747,Health Data,North,Phichit,Jul,680514,554541,100,100,1980,4.79
P01748,Health Promotion,North,Phichit,Jul,1754784,1539207,100,70,169,4.79
P01749,Policy Development,North,Phichit,Jul,825623,810753,100,100,1445,4.33
P01750,Network Strengthening,North,Phichit,Jul,586644,442072,100,85,680,4.02
P01751,Community Health,North,Phichit,Aug,1205155,1076191,100,84,2746,4.55
P01752,Elderly Care,North,Phichit,Aug,1281722,1073479,100,90,2838,4.95
P01753,Mental Health,North,Phichit,Aug,1508377,1326717,100,63,1279,4.94
P01754,Healthy School,North,Phichit,Aug,693707,490022,100,84,621,4.37
P01755,Food Safety,North,Phichit,Aug,737203,661298,100,96,1318,3.53
P01756,NCD Prevention,North,Phichit,Aug,1373061,1216879,100,61,1848,4.22
P01757,Health Data,North,Phichit,Aug,1495505,1133607,100,98,1928,4.77
P01758,Health Promotion,North,Phichit,Aug,852569,759551,100,78,499,3.67
P01759,Policy Development,North,Phichit,Aug,1905574,1767574,100,75,1478,4.38
P01760,Network Strengthening,North,Phichit,Aug,540178,443214,100,97,529,4.94
P01761,Community Health,North,Phichit,Sep,968407,847034,100,100,2175,4.66
P01762,Elderly Care,North,Phichit,Sep,1314365,997747,100,78,874,3.93
P01763,Mental Health,North,Phichit,Sep,1092531,899335,100,76,1910,4.94
P01764,Healthy School,North,Phichit,Sep,988612,855425,100,76,626,4.29
P01765,Food Safety,North,Phichit,Sep,1827714,1667389,100,100,1871,4.98
P01766,NCD Prevention,North,Phichit,Sep,1815776,1282824,100,72,1921,4.41
P01767,Health Data,North,Phichit,Sep,1963651,1396125,100,60,1348,4.97
P01768,Health Promotion,North,Phichit,Sep,1954245,1839836,100,94,738,4.78
P01769,Policy Development,North,Phichit,Sep,884283,816831,100,88,1106,4.45
P01770,Network Strengthening,North,Phichit,Sep,1158061,1144669,100,92,1127,3.59
P01771,Community Health,North,Phichit,Oct,1149748,882649,100,97,2852,4.92
P01772,Elderly Care,North,Phichit,Oct,1949821,1724340,100,97,2261,4.64
P01773,Mental Health,North,Phichit,Oct,1882902,1656702,100,68,2536,4.23
P01774,Healthy School,North,Phichit,Oct,700898,581638,100,74,1074,4.59
P01775,Food Safety,North,Phichit,Oct,576883,457123,100,62,2231,4.56
P01776,NCD Prevention,North,Phichit,Oct,656092,491030,100,67,2600,4.06
P01777,Health Data,North,Phichit,Oct,993079,745011,100,85,2032,4.89
P01778,Health Promotion,North,Phichit,Oct,1608253,1281476,100,71,237,4.2
P01779,Policy Development,North,Phichit,Oct,1513829,1189524,100,77,2016,4.7
P01780,Network Strengthening,North,Phichit,Oct,947245,848614,100,87,687,4.65
P01781,Community Health,North,Phichit,Nov,1788316,1576193,100,62,2144,3.91
P01782,Elderly Care,North,Phichit,Nov,1111145,909267,100,86,498,3.61
P01783,Mental Health,North,Phichit,Nov,551542,454286,100,98,1730,4.48
P01784,Healthy School,North,Phichit,Nov,1325158,1310081,100,70,1244,4.41
P01785,Food Safety,North,Phichit,Nov,1908134,1590571,100,82,972,4.44
P01786,NCD Prevention,North,Phichit,Nov,1706420,1433616,100,91,360,4.48
P01787,Health Data,North,Phichit,Nov,1304331,1135279,100,69,724,3.84
P01788,Health Promotion,North,Phichit,Nov,1831124,1334328,100,67,1408,4.48
P01789,Policy Development,North,Phichit,Nov,972063,914085,100,99,404,4.49
P01790,Network Strengthening,North,Phichit,Nov,511461,466303,100,70,2577,4.46
P01791,Community Health,North,Phichit,Dec,1521518,1074641,100,71,2268,4.18
P01792,Elderly Care,North,Phichit,Dec,1187374,870415,100,86,2122,4.27
P01793,Mental Health,North,Phichit,Dec,1586143,1499965,100,95,2544,3.52
P01794,Healthy School,North,Phichit,Dec,1351944,1327491,100,81,2595,4.08
P01795,Food Safety,North,Phichit,Dec,1368640,1019048,100,93,490,4.89
P01796,NCD Prevention,North,Phichit,Dec,1822482,1686147,100,72,365,3.95
P01797,Health Data,North,Phichit,Dec,1992540,1861135,100,84,2390,4.3
P01798,Health Promotion,North,Phichit,Dec,1453819,1138925,100,85,2760,4.28
P01799,Policy Development,North,Phichit,Dec,1121183,1077488,100,60,571,4.69
P01800,Network Strengthening,North,Phichit,Dec,1637807,1520876,100,71,2186,4.59
P01801,Community Health,North,Nakhon Sawan,Jan,1231917,957654,100,87,1135,3.71
P01802,Elderly Care,North,Nakhon Sawan,Jan,510429,445841,100,69,1402,4.59
P01803,Mental Health,North,Nakhon Sawan,Jan,1283084,1260121,100,82,225,4.94
P01804,Healthy School,North,Nakhon Sawan,Jan,921565,833562,100,70,2820,3.51
P01805,Food Safety,North,Nakhon Sawan,Jan,655664,504357,100,95,424,4.44
P01806,NCD Prevention,North,Nakhon Sawan,Jan,759100,686653,100,92,844,3.67
P01807,Health Data,North,Nakhon Sawan,Jan,1078731,1040908,100,91,1589,4.45
P01808,Health Promotion,North,Nakhon Sawan,Jan,504286,455794,100,88,2537,4.38
P01809,Policy Development,North,Nakhon Sawan,Jan,1259730,1111000,100,86,1403,4.45
P01810,Network Strengthening,North,Nakhon Sawan,Jan,1088735,930411,100,73,2049,4.5
P01811,Community Health,North,Nakhon Sawan,Feb,1715219,1229703,100,75,1853,4.13
P01812,Elderly Care,North,Nakhon Sawan,Feb,1920076,1432965,100,67,205,4.05
P01813,Mental Health,North,Nakhon Sawan,Feb,1438742,1194064,100,72,1148,4.59
P01814,Healthy School,North,Nakhon Sawan,Feb,1883600,1435098,100,94,1524,3.97
P01815,Food Safety,North,Nakhon Sawan,Feb,974883,830205,100,83,2437,4.09
P01816,NCD Prevention,North,Nakhon Sawan,Feb,1285440,1140789,100,78,2994,3.99
P01817,Health Data,North,Nakhon Sawan,Feb,1011137,733495,100,77,1498,3.85
P01818,Health Promotion,North,Nakhon Sawan,Feb,1098870,878142,100,87,1202,4.75
P01819,Policy Development,North,Nakhon Sawan,Feb,1086977,912546,100,65,1246,4.52
P01820,Network Strengthening,North,Nakhon Sawan,Feb,1687402,1502000,100,73,588,4.04
P01821,Community Health,North,Nakhon Sawan,Mar,1433836,1094316,100,65,2937,4.51
P01822,Elderly Care,North,Nakhon Sawan,Mar,1838121,1737879,100,93,2696,4.07
P01823,Mental Health,North,Nakhon Sawan,Mar,1395237,1365425,100,100,2767,4.89
P01824,Healthy School,North,Nakhon Sawan,Mar,1755740,1666691,100,93,1808,4.88
P01825,Food Safety,North,Nakhon Sawan,Mar,824357,756746,100,66,2292,3.64
P01826,NCD Prevention,North,Nakhon Sawan,Mar,1830203,1671685,100,82,2841,4.43
P01827,Health Data,North,Nakhon Sawan,Mar,1211759,1086709,100,88,1046,4.77
P01828,Health Promotion,North,Nakhon Sawan,Mar,804761,694046,100,65,2973,3.92
P01829,Policy Development,North,Nakhon Sawan,Mar,1756022,1395656,100,91,347,4.04
P01830,Network Strengthening,North,Nakhon Sawan,Mar,832562,660247,100,89,369,4.69
P01831,Community Health,North,Nakhon Sawan,Apr,1779069,1766140,100,100,270,3.94
P01832,Elderly Care,North,Nakhon Sawan,Apr,850057,598669,100,91,2966,3.88
P01833,Mental Health,North,Nakhon Sawan,Apr,1708719,1459517,100,61,1715,4.37
P01834,Healthy School,North,Nakhon Sawan,Apr,1228575,1163120,100,95,2616,3.88
P01835,Food Safety,North,Nakhon Sawan,Apr,1438436,1047508,100,92,2422,4.27
P01836,NCD Prevention,North,Nakhon Sawan,Apr,1961323,1843569,100,62,845,3.74
P01837,Health Data,North,Nakhon Sawan,Apr,934344,825677,100,97,1943,4.13
P01838,Health Promotion,North,Nakhon Sawan,Apr,1192251,968560,100,64,816,4.92
P01839,Policy Development,North,Nakhon Sawan,Apr,1155646,980596,100,77,2422,4.24
P01840,Network Strengthening,North,Nakhon Sawan,Apr,1960300,1886054,100,94,1269,4.59
P01841,Community Health,North,Nakhon Sawan,May,571878,489222,100,86,348,3.5
P01842,Elderly Care,North,Nakhon Sawan,May,1440354,1160726,100,60,1332,3.93
P01843,Mental Health,North,Nakhon Sawan,May,1744315,1485971,100,84,2099,4.4
P01844,Healthy School,North,Nakhon Sawan,May,1024969,801634,100,82,2380,4.2
P01845,Food Safety,North,Nakhon Sawan,May,1925805,1860706,100,100,1735,3.99
P01846,NCD Prevention,North,Nakhon Sawan,May,1304427,1021774,100,87,2889,4.81
P01847,Health Data,North,Nakhon Sawan,May,1585905,1435091,100,67,2994,3.61
P01848,Health Promotion,North,Nakhon Sawan,May,1746310,1714325,100,63,2886,4.32
P01849,Policy Development,North,Nakhon Sawan,May,1472610,1386240,100,95,1727,4.15
P01850,Network Strengthening,North,Nakhon Sawan,May,1865669,1846540,100,89,1248,4.54
P01851,Community Health,North,Nakhon Sawan,Jun,647547,484487,100,63,640,3.6
P01852,Elderly Care,North,Nakhon Sawan,Jun,1873160,1682523,100,73,1919,3.61
P01853,Mental Health,North,Nakhon Sawan,Jun,1601151,1549852,100,75,949,3.58
P01854,Healthy School,North,Nakhon Sawan,Jun,1243785,1165864,100,85,1466,4.86
P01855,Food Safety,North,Nakhon Sawan,Jun,649128,485711,100,66,1201,3.52
P01856,NCD Prevention,North,Nakhon Sawan,Jun,1645456,1156524,100,74,2131,4.86
P01857,Health Data,North,Nakhon Sawan,Jun,1323068,1061422,100,68,195,4.03
P01858,Health Promotion,North,Nakhon Sawan,Jun,737061,646948,100,81,743,4.23
P01859,Policy Development,North,Nakhon Sawan,Jun,605486,464931,100,76,2977,3.68
P01860,Network Strengthening,North,Nakhon Sawan,Jun,1791769,1263934,100,69,2298,4.04
P01861,Community Health,North,Nakhon Sawan,Jul,1233246,912049,100,75,2072,4.51
P01862,Elderly Care,North,Nakhon Sawan,Jul,833223,754113,100,96,289,4.27
P01863,Mental Health,North,Nakhon Sawan,Jul,1372498,1035999,100,92,1502,4.72
P01864,Healthy School,North,Nakhon Sawan,Jul,525251,369877,100,65,1777,3.69
P01865,Food Safety,North,Nakhon Sawan,Jul,642319,615910,100,82,1659,4.73
P01866,NCD Prevention,North,Nakhon Sawan,Jul,1054375,916898,100,100,692,4.86
P01867,Health Data,North,Nakhon Sawan,Jul,1479258,1041150,100,95,434,4.29
P01868,Health Promotion,North,Nakhon Sawan,Jul,756932,573608,100,97,1032,4.94
P01869,Policy Development,North,Nakhon Sawan,Jul,1319180,1211934,100,93,361,4.32
P01870,Network Strengthening,North,Nakhon Sawan,Jul,876879,755834,100,89,1767,3.83
P01871,Community Health,North,Nakhon Sawan,Aug,1987866,1866722,100,67,612,4.9
P01872,Elderly Care,North,Nakhon Sawan,Aug,1295276,908124,100,61,2353,3.72
P01873,Mental Health,North,Nakhon Sawan,Aug,1580046,1157081,100,86,563,4.15
P01874,Healthy School,North,Nakhon Sawan,Aug,1876599,1362162,100,84,169,4.06
P01875,Food Safety,North,Nakhon Sawan,Aug,544590,533297,100,89,2228,3.64
P01876,NCD Prevention,North,Nakhon Sawan,Aug,824720,643107,100,60,1059,4.92
P01877,Health Data,North,Nakhon Sawan,Aug,889089,814628,100,89,2987,4.12
P01878,Health Promotion,North,Nakhon Sawan,Aug,765111,545985,100,96,1947,3.8
P01879,Policy Development,North,Nakhon Sawan,Aug,1682286,1511784,100,60,2796,4.78
P01880,Network Strengthening,North,Nakhon Sawan,Aug,1031613,916274,100,76,2768,3.98
P01881,Community Health,North,Nakhon Sawan,Sep,761532,687354,100,94,2137,4.18
P01882,Elderly Care,North,Nakhon Sawan,Sep,1991131,1723774,100,83,553,4.15
P01883,Mental Health,North,Nakhon Sawan,Sep,1364436,1214197,100,61,1505,3.67
P01884,Healthy School,North,Nakhon Sawan,Sep,545451,460857,100,93,224,4.79
P01885,Food Safety,North,Nakhon Sawan,Sep,860444,670759,100,60,1201,3.87
P01886,NCD Prevention,North,Nakhon Sawan,Sep,810734,644539,100,72,1641,4.2
P01887,Health Data,North,Nakhon Sawan,Sep,1792239,1321169,100,64,571,3.82
P01888,Health Promotion,North,Nakhon Sawan,Sep,720087,688941,100,61,1803,4.8
P01889,Policy Development,North,Nakhon Sawan,Sep,1375983,1315680,100,78,1421,4.48
P01890,Network Strengthening,North,Nakhon Sawan,Sep,1927396,1716028,100,71,1360,3.61
P01891,Community Health,North,Nakhon Sawan,Oct,857233,680244,100,80,2077,4.75
P01892,Elderly Care,North,Nakhon Sawan,Oct,1205908,902739,100,98,711,3.53
P01893,Mental Health,North,Nakhon Sawan,Oct,1461606,1074875,100,62,650,4.95
P01894,Healthy School,North,Nakhon Sawan,Oct,1501489,1289537,100,91,2947,4.26
P01895,Food Safety,North,Nakhon Sawan,Oct,647037,542927,100,82,2274,4.51
P01896,NCD Prevention,North,Nakhon Sawan,Oct,1247024,1160496,100,70,304,4.57
P01897,Health Data,North,Nakhon Sawan,Oct,1891391,1811176,100,74,1444,4.08
P01898,Health Promotion,North,Nakhon Sawan,Oct,953053,817015,100,91,587,3.94
P01899,Policy Development,North,Nakhon Sawan,Oct,722850,605460,100,87,272,4.88
P01900,Network Strengthening,North,Nakhon Sawan,Oct,935303,880366,100,75,2328,3.6
P01901,Community Health,North,Nakhon Sawan,Nov,584106,528978,100,62,963,4.52
P01902,Elderly Care,North,Nakhon Sawan,Nov,1168746,964913,100,96,881,4.12
P01903,Mental Health,North,Nakhon Sawan,Nov,1931866,1676737,100,85,2320,4.6
P01904,Healthy School,North,Nakhon Sawan,Nov,566014,467481,100,82,1661,3.61
P01905,Food Safety,North,Nakhon Sawan,Nov,600473,449919,100,67,2890,3.97
P01906,NCD Prevention,North,Nakhon Sawan,Nov,1729767,1625472,100,78,1688,4.27
P01907,Health Data,North,Nakhon Sawan,Nov,1302903,1207196,100,67,1831,4.62
P01908,Health Promotion,North,Nakhon Sawan,Nov,863272,690238,100,88,1722,4.95
P01909,Policy Development,North,Nakhon Sawan,Nov,1847371,1832698,100,92,1677,3.57
P01910,Network Strengthening,North,Nakhon Sawan,Nov,1460603,1138593,100,97,2984,4.84
P01911,Community Health,North,Nakhon Sawan,Dec,940960,811831,100,80,1545,4.77
P01912,Elderly Care,North,Nakhon Sawan,Dec,1163245,1106283,100,66,1143,4.32
P01913,Mental Health,North,Nakhon Sawan,Dec,1193952,1185949,100,94,1224,4.52
P01914,Healthy School,North,Nakhon Sawan,Dec,1545362,1293851,100,81,2141,4.61
P01915,Food Safety,North,Nakhon Sawan,Dec,1801357,1372481,100,79,2290,3.62
P01916,NCD Prevention,North,Nakhon Sawan,Dec,1334774,1308742,100,84,2695,4.55
P01917,Health Data,North,Nakhon Sawan,Dec,1223087,875220,100,97,2178,4.3
P01918,Health Promotion,North,Nakhon Sawan,Dec,602220,424405,100,83,1673,4.2
P01919,Policy Development,North,Nakhon Sawan,Dec,681244,648588,100,68,2707,3.96
P01920,Network Strengthening,North,Nakhon Sawan,Dec,1862645,1555802,100,90,1479,4.32
P01921,Community Health,North,Uthai Thani,Jan,1550135,1225326,100,72,1608,3.91
P01922,Elderly Care,North,Uthai Thani,Jan,926339,869443,100,75,2318,4.14
P01923,Mental Health,North,Uthai Thani,Jan,1364234,1156811,100,67,1445,3.61
P01924,Healthy School,North,Uthai Thani,Jan,1877531,1696836,100,87,258,4.25
P01925,Food Safety,North,Uthai Thani,Jan,1008688,711048,100,63,536,4.9
P01926,NCD Prevention,North,Uthai Thani,Jan,1317264,1104420,100,63,1713,4.4
P01927,Health Data,North,Uthai Thani,Jan,1561191,1333420,100,69,1518,4.02
P01928,Health Promotion,North,Uthai Thani,Jan,1579353,1376357,100,82,2037,3.56
P01929,Policy Development,North,Uthai Thani,Jan,1192999,1148911,100,65,1771,4.22
P01930,Network Strengthening,North,Uthai Thani,Jan,1324625,1132400,100,65,1539,3.81
P01931,Community Health,North,Uthai Thani,Feb,1179590,955981,100,73,1770,4.71
P01932,Elderly Care,North,Uthai Thani,Feb,1911427,1802233,100,85,2974,4.46
P01933,Mental Health,North,Uthai Thani,Feb,555918,411037,100,93,1364,4.96
P01934,Healthy School,North,Uthai Thani,Feb,924200,730951,100,90,833,4.43
P01935,Food Safety,North,Uthai Thani,Feb,1058834,999343,100,64,240,4.24
P01936,NCD Prevention,North,Uthai Thani,Feb,721060,588772,100,69,2908,4.93
P01937,Health Data,North,Uthai Thani,Feb,1981787,1980574,100,91,1352,4.06
P01938,Health Promotion,North,Uthai Thani,Feb,1351173,981192,100,96,1169,4.66
P01939,Policy Development,North,Uthai Thani,Feb,771084,638367,100,68,1651,3.99
P01940,Network Strengthening,North,Uthai Thani,Feb,803271,667553,100,80,833,4.84
P01941,Community Health,North,Uthai Thani,Mar,1295548,1277570,100,84,428,3.98
P01942,Elderly Care,North,Uthai Thani,Mar,1012167,820277,100,69,290,4.68
P01943,Mental Health,North,Uthai Thani,Mar,1513707,1282999,100,81,509,4.32
P01944,Healthy School,North,Uthai Thani,Mar,1509783,1284760,100,68,746,4.63
P01945,Food Safety,North,Uthai Thani,Mar,1127260,976597,100,65,1227,4.5
P01946,NCD Prevention,North,Uthai Thani,Mar,1328391,1041006,100,83,1499,4.29
P01947,Health Data,North,Uthai Thani,Mar,677819,567408,100,63,1028,3.76
P01948,Health Promotion,North,Uthai Thani,Mar,817059,613956,100,68,1670,4.75
P01949,Policy Development,North,Uthai Thani,Mar,1215775,1150534,100,99,392,4.28
P01950,Network Strengthening,North,Uthai Thani,Mar,684404,661066,100,67,999,4.11
P01951,Community Health,North,Uthai Thani,Apr,1991722,1915618,100,80,392,3.9
P01952,Elderly Care,North,Uthai Thani,Apr,1943210,1530916,100,100,2534,4.97
P01953,Mental Health,North,Uthai Thani,Apr,1778986,1552904,100,66,1488,3.87
P01954,Healthy School,North,Uthai Thani,Apr,1939859,1666055,100,90,1081,4.85
P01955,Food Safety,North,Uthai Thani,Apr,1231952,933248,100,81,295,4.12
P01956,NCD Prevention,North,Uthai Thani,Apr,1615745,1338047,100,72,2242,4.56
P01957,Health Data,North,Uthai Thani,Apr,1952231,1751034,100,85,2958,4.01
P01958,Health Promotion,North,Uthai Thani,Apr,1816310,1431707,100,71,2580,3.96
P01959,Policy Development,North,Uthai Thani,Apr,1358202,981302,100,73,952,4.25
P01960,Network Strengthening,North,Uthai Thani,Apr,773285,709428,100,77,1853,4.0
P01961,Community Health,North,Uthai Thani,May,1479370,1185247,100,86,1683,4.47
P01962,Elderly Care,North,Uthai Thani,May,555463,478968,100,80,427,4.44
P01963,Mental Health,North,Uthai Thani,May,1480848,1153203,100,89,2167,3.94
P01964,Healthy School,North,Uthai Thani,May,1967884,1523504,100,83,1158,4.42
P01965,Food Safety,North,Uthai Thani,May,1055221,837159,100,94,2812,4.46
P01966,NCD Prevention,North,Uthai Thani,May,833675,631430,100,67,1331,4.81
P01967,Health Data,North,Uthai Thani,May,612994,489388,100,81,1692,5.0
P01968,Health Promotion,North,Uthai Thani,May,842363,692940,100,99,537,4.36
P01969,Policy Development,North,Uthai Thani,May,1185952,911081,100,98,639,3.53
P01970,Network Strengthening,North,Uthai Thani,May,1735058,1268960,100,100,1536,4.7
P01971,Community Health,North,Uthai Thani,Jun,528991,448236,100,67,2433,3.78
P01972,Elderly Care,North,Uthai Thani,Jun,1603337,1250314,100,91,384,4.47
P01973,Mental Health,North,Uthai Thani,Jun,803102,753115,100,76,814,4.95
P01974,Healthy School,North,Uthai Thani,Jun,1005172,916165,100,80,783,4.75
P01975,Food Safety,North,Uthai Thani,Jun,514394,501420,100,76,1180,4.6
P01976,NCD Prevention,North,Uthai Thani,Jun,948268,945524,100,96,458,4.4
P01977,Health Data,North,Uthai Thani,Jun,684564,675493,100,78,1740,3.99
P01978,Health Promotion,North,Uthai Thani,Jun,1621512,1203129,100,69,2394,4.88
P01979,Policy Development,North,Uthai Thani,Jun,1357156,1004154,100,70,914,3.87
P01980,Network Strengthening,North,Uthai Thani,Jun,999836,847466,100,72,794,3.81
P01981,Community Health,North,Uthai Thani,Jul,582349,443316,100,84,2377,4.13
P01982,Elderly Care,North,Uthai Thani,Jul,1100664,996463,100,88,2443,4.72
P01983,Mental Health,North,Uthai Thani,Jul,1972526,1805486,100,63,2550,4.82
P01984,Healthy School,North,Uthai Thani,Jul,707434,638334,100,71,727,4.57
P01985,Food Safety,North,Uthai Thani,Jul,1179510,1140657,100,88,2540,4.79
P01986,NCD Prevention,North,Uthai Thani,Jul,937724,863386,100,94,2909,4.31
P01987,Health Data,North,Uthai Thani,Jul,652394,486208,100,74,2844,3.94
P01988,Health Promotion,North,Uthai Thani,Jul,1021263,1004578,100,62,1418,4.5
P01989,Policy Development,North,Uthai Thani,Jul,1825787,1363539,100,67,1348,3.68
P01990,Network Strengthening,North,Uthai Thani,Jul,1178048,1102179,100,73,914,4.68
P01991,Community Health,North,Uthai Thani,Aug,570287,547531,100,74,1277,4.66
P01992,Elderly Care,North,Uthai Thani,Aug,819930,744731,100,74,566,4.28
P01993,Mental Health,North,Uthai Thani,Aug,749368,734434,100,62,674,4.52
P01994,Healthy School,North,Uthai Thani,Aug,773208,592890,100,99,1019,4.73
P01995,Food Safety,North,Uthai Thani,Aug,983317,929460,100,99,1978,3.61
P01996,NCD Prevention,North,Uthai Thani,Aug,788863,611231,100,93,942,4.19
P01997,Health Data,North,Uthai Thani,Aug,1378054,1181929,100,84,786,3.77
P01998,Health Promotion,North,Uthai Thani,Aug,1412848,1304047,100,87,2054,3.8
P01999,Policy Development,North,Uthai Thani,Aug,1858665,1476031,100,90,482,4.65
P02000,Network Strengthening,North,Uthai Thani,Aug,1008274,786267,100,76,1745,4.97
P02001,Community Health,North,Uthai Thani,Sep,1954547,1819935,100,88,2798,4.44
P02002,Elderly Care,North,Uthai Thani,Sep,1885990,1835543,100,90,1850,4.88
P02003,Mental Health,North,Uthai Thani,Sep,1051238,757563,100,84,1449,4.23
P02004,Healthy School,North,Uthai Thani,Sep,680521,579035,100,90,1360,4.6
P02005,Food Safety,North,Uthai Thani,Sep,1067273,833348,100,69,1242,3.51
P02006,NCD Prevention,North,Uthai Thani,Sep,1942203,1860822,100,75,1838,4.37
P02007,Health Data,North,Uthai Thani,Sep,1663988,1302618,100,95,540,4.0
P02008,Health Promotion,North,Uthai Thani,Sep,1385782,1199867,100,65,165,4.57
P02009,Policy Development,North,Uthai Thani,Sep,1855973,1393388,100,87,975,4.85
P02010,Network Strengthening,North,Uthai Thani,Sep,1074419,984572,100,68,1326,4.65
P02011,Community Health,North,Uthai Thani,Oct,1881550,1431203,100,89,212,4.37
P02012,Elderly Care,North,Uthai Thani,Oct,574751,413061,100,61,579,4.96
P02013,Mental Health,North,Uthai Thani,Oct,826282,776236,100,77,911,3.91
P02014,Healthy School,North,Uthai Thani,Oct,865906,716564,100,62,1038,4.72
P02015,Food Safety,North,Uthai Thani,Oct,666392,599673,100,71,2336,4.86
P02016,NCD Prevention,North,Uthai Thani,Oct,1795234,1547561,100,100,1560,4.99
P02017,Health Data,North,Uthai Thani,Oct,1511160,1392834,100,95,185,4.02
P02018,Health Promotion,North,Uthai Thani,Oct,1447591,1247219,100,85,2518,5.0
P02019,Policy Development,North,Uthai Thani,Oct,1732435,1713289,100,72,1458,4.97
P02020,Network Strengthening,North,Uthai Thani,Oct,901293,705562,100,90,353,3.91
P02021,Community Health,North,Uthai Thani,Nov,1097934,818934,100,87,2357,4.39
P02022,Elderly Care,North,Uthai Thani,Nov,1454339,1022913,100,76,749,4.35
P02023,Mental Health,North,Uthai Thani,Nov,793972,725572,100,78,1545,3.71
P02024,Healthy School,North,Uthai Thani,Nov,1935264,1711356,100,63,1805,3.98
P02025,Food Safety,North,Uthai Thani,Nov,603957,578195,100,70,1805,4.97
P02026,NCD Prevention,North,Uthai Thani,Nov,909050,832267,100,81,617,4.22
P02027,Health Data,North,Uthai Thani,Nov,736879,663197,100,98,536,3.77
P02028,Health Promotion,North,Uthai Thani,Nov,1610072,1451300,100,82,2110,4.18
P02029,Policy Development,North,Uthai Thani,Nov,1270062,1046414,100,65,1351,4.84
P02030,Network Strengthening,North,Uthai Thani,Nov,527160,452984,100,62,1873,4.01
P02031,Community Health,North,Uthai Thani,Dec,1601290,1188881,100,95,2233,4.95
P02032,Elderly Care,North,Uthai Thani,Dec,543382,396249,100,85,267,4.21
P02033,Mental Health,North,Uthai Thani,Dec,1662985,1473986,100,92,169,4.1
P02034,Healthy School,North,Uthai Thani,Dec,1654460,1460071,100,64,189,3.74
P02035,Food Safety,North,Uthai Thani,Dec,1919929,1910899,100,93,879,3.85
P02036,NCD Prevention,North,Uthai Thani,Dec,1207225,919145,100,81,795,3.97
P02037,Health Data,North,Uthai Thani,Dec,1551046,1375113,100,73,1646,3.54
P02038,Health Promotion,North,Uthai Thani,Dec,932014,874602,100,80,2806,4.0
P02039,Policy Development,North,Uthai Thani,Dec,956075,893492,100,71,2877,3.89
P02040,Network Strengthening,North,Uthai Thani,Dec,1237242,1189264,100,64,1263,4.04
P02041,Community Health,Northeast,Khon Kaen,Jan,1498730,1394991,100,68,2141,4.4
P02042,Elderly Care,Northeast,Khon Kaen,Jan,1420478,1178963,100,82,808,4.38
P02043,Mental Health,Northeast,Khon Kaen,Jan,1895320,1424738,100,81,1883,4.46
P02044,Healthy School,Northeast,Khon Kaen,Jan,1189378,974119,100,65,1142,3.5
P02045,Food Safety,Northeast,Khon Kaen,Jan,1039346,825277,100,62,1816,4.18
P02046,NCD Prevention,Northeast,Khon Kaen,Jan,1898071,1734674,100,66,2893,4.87
P02047,Health Data,Northeast,Khon Kaen,Jan,1354476,1095501,100,71,1818,4.75
P02048,Health Promotion,Northeast,Khon Kaen,Jan,1362708,1267293,100,89,2878,3.96
P02049,Policy Development,Northeast,Khon Kaen,Jan,1150770,1143503,100,79,1885,4.16
P02050,Network Strengthening,Northeast,Khon Kaen,Jan,1912239,1444291,100,100,426,4.08
P02051,Community Health,Northeast,Khon Kaen,Feb,1834381,1773505,100,83,280,4.7
P02052,Elderly Care,Northeast,Khon Kaen,Feb,1892948,1411457,100,73,1874,4.2
P02053,Mental Health,Northeast,Khon Kaen,Feb,1043650,803474,100,96,2863,3.88
P02054,Healthy School,Northeast,Khon Kaen,Feb,1509765,1488118,100,82,1826,3.58
P02055,Food Safety,Northeast,Khon Kaen,Feb,528726,503133,100,88,1526,3.86
P02056,NCD Prevention,Northeast,Khon Kaen,Feb,1917141,1364167,100,88,196,4.52
P02057,Health Data,Northeast,Khon Kaen,Feb,1479422,1060357,100,100,2185,3.75
P02058,Health Promotion,Northeast,Khon Kaen,Feb,826575,731419,100,66,1951,4.81
P02059,Policy Development,Northeast,Khon Kaen,Feb,635848,625250,100,80,2019,4.79
P02060,Network Strengthening,Northeast,Khon Kaen,Feb,1808992,1702680,100,89,656,4.69
P02061,Community Health,Northeast,Khon Kaen,Mar,1958456,1489329,100,70,2047,3.72
P02062,Elderly Care,Northeast,Khon Kaen,Mar,692529,569773,100,72,2244,4.61
P02063,Mental Health,Northeast,Khon Kaen,Mar,1537410,1436834,100,63,482,4.94
P02064,Healthy School,Northeast,Khon Kaen,Mar,615308,457098,100,63,1711,3.65
P02065,Food Safety,Northeast,Khon Kaen,Mar,955413,798107,100,95,1275,4.08
P02066,NCD Prevention,Northeast,Khon Kaen,Mar,760459,566019,100,65,1949,3.52
P02067,Health Data,Northeast,Khon Kaen,Mar,1763190,1392948,100,79,2461,4.05
P02068,Health Promotion,Northeast,Khon Kaen,Mar,1776442,1358851,100,70,1645,4.76
P02069,Policy Development,Northeast,Khon Kaen,Mar,1496077,1385850,100,65,2510,3.77
P02070,Network Strengthening,Northeast,Khon Kaen,Mar,1155216,1070799,100,66,2902,4.12
P02071,Community Health,Northeast,Khon Kaen,Apr,652054,526342,100,61,1991,4.2
P02072,Elderly Care,Northeast,Khon Kaen,Apr,689421,545934,100,90,1623,4.8
P02073,Mental Health,Northeast,Khon Kaen,Apr,776783,587923,100,61,1149,3.56
P02074,Healthy School,Northeast,Khon Kaen,Apr,1995144,1953691,100,79,1361,4.03
P02075,Food Safety,Northeast,Khon Kaen,Apr,843383,706154,100,64,1392,4.98
P02076,NCD Prevention,Northeast,Khon Kaen,Apr,942579,909080,100,77,1511,4.35
P02077,Health Data,Northeast,Khon Kaen,Apr,889167,801400,100,65,745,4.55
P02078,Health Promotion,Northeast,Khon Kaen,Apr,1649792,1606883,100,61,2035,4.97
P02079,Policy Development,Northeast,Khon Kaen,Apr,1727482,1233233,100,91,2060,4.6
P02080,Network Strengthening,Northeast,Khon Kaen,Apr,1846329,1748406,100,71,1297,3.86
P02081,Community Health,Northeast,Khon Kaen,May,1789081,1378897,100,80,1207,4.34
P02082,Elderly Care,Northeast,Khon Kaen,May,1911930,1367614,100,71,2805,3.78
P02083,Mental Health,Northeast,Khon Kaen,May,814750,719216,100,62,2754,4.69
P02084,Healthy School,Northeast,Khon Kaen,May,712055,565220,100,83,2405,4.2
P02085,Food Safety,Northeast,Khon Kaen,May,621008,614225,100,99,692,4.08
P02086,NCD Prevention,Northeast,Khon Kaen,May,1553305,1172643,100,100,2458,4.37
P02087,Health Data,Northeast,Khon Kaen,May,1806844,1575775,100,88,1184,4.35
P02088,Health Promotion,Northeast,Khon Kaen,May,723837,614996,100,80,1522,4.84
P02089,Policy Development,Northeast,Khon Kaen,May,1636286,1529240,100,63,2916,4.31
P02090,Network Strengthening,Northeast,Khon Kaen,May,1111045,938689,100,65,1662,4.41
P02091,Community Health,Northeast,Khon Kaen,Jun,1610949,1326067,100,81,1005,4.85
P02092,Elderly Care,Northeast,Khon Kaen,Jun,1194917,953878,100,88,268,4.36
P02093,Mental Health,Northeast,Khon Kaen,Jun,511667,429255,100,99,2085,4.82
P02094,Healthy School,Northeast,Khon Kaen,Jun,680723,636950,100,95,1935,4.66
P02095,Food Safety,Northeast,Khon Kaen,Jun,544091,427135,100,88,1553,4.89
P02096,NCD Prevention,Northeast,Khon Kaen,Jun,967312,767537,100,90,2770,3.82
P02097,Health Data,Northeast,Khon Kaen,Jun,1755657,1754758,100,85,966,4.99
P02098,Health Promotion,Northeast,Khon Kaen,Jun,1718929,1380051,100,63,2332,4.55
P02099,Policy Development,Northeast,Khon Kaen,Jun,1460951,1176010,100,66,1317,4.14
P02100,Network Strengthening,Northeast,Khon Kaen,Jun,1427055,1058057,100,67,2724,4.29
P02101,Community Health,Northeast,Khon Kaen,Jul,1448789,1044597,100,75,2743,4.33
P02102,Elderly Care,Northeast,Khon Kaen,Jul,1421453,1405591,100,77,607,4.59
P02103,Mental Health,Northeast,Khon Kaen,Jul,1805236,1728169,100,96,398,4.14
P02104,Healthy School,Northeast,Khon Kaen,Jul,689287,574175,100,91,1425,4.61
P02105,Food Safety,Northeast,Khon Kaen,Jul,728141,721841,100,90,774,4.79
P02106,NCD Prevention,Northeast,Khon Kaen,Jul,1887715,1324972,100,67,1811,3.84
P02107,Health Data,Northeast,Khon Kaen,Jul,1406021,1212863,100,96,2586,4.07
P02108,Health Promotion,Northeast,Khon Kaen,Jul,516504,394091,100,72,2460,4.61
P02109,Policy Development,Northeast,Khon Kaen,Jul,1015504,955861,100,75,2591,4.79
P02110,Network Strengthening,Northeast,Khon Kaen,Jul,956459,838269,100,71,706,3.58
P02111,Community Health,Northeast,Khon Kaen,Aug,1698747,1590068,100,69,2491,4.99
P02112,Elderly Care,Northeast,Khon Kaen,Aug,781214,701912,100,98,1641,4.7
P02113,Mental Health,Northeast,Khon Kaen,Aug,1587653,1516641,100,74,783,4.37
P02114,Healthy School,Northeast,Khon Kaen,Aug,570370,513547,100,73,516,4.7
P02115,Food Safety,Northeast,Khon Kaen,Aug,1664404,1588756,100,88,224,4.29
P02116,NCD Prevention,Northeast,Khon Kaen,Aug,633515,464567,100,68,1584,4.11
P02117,Health Data,Northeast,Khon Kaen,Aug,1827830,1551635,100,88,1110,4.35
P02118,Health Promotion,Northeast,Khon Kaen,Aug,1602603,1313704,100,64,1573,4.55
P02119,Policy Development,Northeast,Khon Kaen,Aug,753516,751458,100,99,185,4.33
P02120,Network Strengthening,Northeast,Khon Kaen,Aug,1425960,1306193,100,65,1889,3.73
P02121,Community Health,Northeast,Khon Kaen,Sep,1310897,972075,100,100,257,4.5
P02122,Elderly Care,Northeast,Khon Kaen,Sep,1026303,1024342,100,68,2466,3.83
P02123,Mental Health,Northeast,Khon Kaen,Sep,1808514,1362529,100,62,1733,3.94
P02124,Healthy School,Northeast,Khon Kaen,Sep,861159,720821,100,70,286,4.92
P02125,Food Safety,Northeast,Khon Kaen,Sep,1255858,916308,100,82,2425,4.98
P02126,NCD Prevention,Northeast,Khon Kaen,Sep,710711,575402,100,60,2340,4.93
P02127,Health Data,Northeast,Khon Kaen,Sep,1060351,840436,100,72,178,3.99
P02128,Health Promotion,Northeast,Khon Kaen,Sep,809947,772066,100,76,2617,3.92
P02129,Policy Development,Northeast,Khon Kaen,Sep,1308204,1150852,100,98,1059,4.02
P02130,Network Strengthening,Northeast,Khon Kaen,Sep,920319,735630,100,67,1489,4.09
P02131,Community Health,Northeast,Khon Kaen,Oct,1761458,1579601,100,85,2497,4.96
P02132,Elderly Care,Northeast,Khon Kaen,Oct,1937633,1780193,100,79,1016,4.15
P02133,Mental Health,Northeast,Khon Kaen,Oct,1859947,1850769,100,85,1212,3.9
P02134,Healthy School,Northeast,Khon Kaen,Oct,883549,842957,100,61,2022,4.4
P02135,Food Safety,Northeast,Khon Kaen,Oct,1411833,1194010,100,95,1525,4.05
P02136,NCD Prevention,Northeast,Khon Kaen,Oct,1296312,1296212,100,75,1156,4.68
P02137,Health Data,Northeast,Khon Kaen,Oct,1344608,1163192,100,91,2553,3.71
P02138,Health Promotion,Northeast,Khon Kaen,Oct,1303852,1214658,100,60,912,4.8
P02139,Policy Development,Northeast,Khon Kaen,Oct,1262448,1258175,100,69,1964,4.9
P02140,Network Strengthening,Northeast,Khon Kaen,Oct,706652,515588,100,92,1768,4.71
P02141,Community Health,Northeast,Khon Kaen,Nov,964170,851699,100,90,1055,4.85
P02142,Elderly Care,Northeast,Khon Kaen,Nov,1143317,867821,100,76,929,3.57
P02143,Mental Health,Northeast,Khon Kaen,Nov,1158327,843173,100,65,2289,4.31
P02144,Healthy School,Northeast,Khon Kaen,Nov,1001463,857786,100,86,544,3.68
P02145,Food Safety,Northeast,Khon Kaen,Nov,1568388,1131357,100,64,1236,3.83
P02146,NCD Prevention,Northeast,Khon Kaen,Nov,1365285,1199042,100,93,1887,3.77
P02147,Health Data,Northeast,Khon Kaen,Nov,1536549,1147710,100,72,2827,3.79
P02148,Health Promotion,Northeast,Khon Kaen,Nov,1873432,1390958,100,77,2780,3.54
P02149,Policy Development,Northeast,Khon Kaen,Nov,1608174,1481348,100,83,1556,4.53
P02150,Network Strengthening,Northeast,Khon Kaen,Nov,1660180,1631665,100,94,1438,4.12
P02151,Community Health,Northeast,Khon Kaen,Dec,1825963,1611292,100,79,1489,3.9
P02152,Elderly Care,Northeast,Khon Kaen,Dec,1556838,1481010,100,77,2337,4.87
P02153,Mental Health,Northeast,Khon Kaen,Dec,1959816,1375602,100,93,1048,3.53
P02154,Healthy School,Northeast,Khon Kaen,Dec,1846699,1320109,100,74,1294,4.16
P02155,Food Safety,Northeast,Khon Kaen,Dec,639792,630356,100,74,666,4.41
P02156,NCD Prevention,Northeast,Khon Kaen,Dec,1691489,1368901,100,75,581,4.3
P02157,Health Data,Northeast,Khon Kaen,Dec,1049488,776556,100,99,2861,4.73
P02158,Health Promotion,Northeast,Khon Kaen,Dec,1567214,1481945,100,62,1332,3.64
P02159,Policy Development,Northeast,Khon Kaen,Dec,1737832,1623888,100,98,2150,4.14
P02160,Network Strengthening,Northeast,Khon Kaen,Dec,1594505,1177906,100,91,1748,4.4
P02161,Community Health,Northeast,Nakhon Ratchasima,Jan,651740,469850,100,67,1050,4.83
P02162,Elderly Care,Northeast,Nakhon Ratchasima,Jan,915738,906046,100,61,945,4.62
P02163,Mental Health,Northeast,Nakhon Ratchasima,Jan,1982864,1664977,100,82,1309,4.79
P02164,Healthy School,Northeast,Nakhon Ratchasima,Jan,1974694,1827589,100,97,2522,3.93
P02165,Food Safety,Northeast,Nakhon Ratchasima,Jan,542871,522971,100,85,1796,4.1
P02166,NCD Prevention,Northeast,Nakhon Ratchasima,Jan,1005653,848861,100,85,2716,3.67
P02167,Health Data,Northeast,Nakhon Ratchasima,Jan,902491,636678,100,89,2108,4.34
P02168,Health Promotion,Northeast,Nakhon Ratchasima,Jan,1389122,1309013,100,85,799,4.26
P02169,Policy Development,Northeast,Nakhon Ratchasima,Jan,873985,842815,100,92,1908,3.67
P02170,Network Strengthening,Northeast,Nakhon Ratchasima,Jan,1227509,989578,100,80,1354,4.59
P02171,Community Health,Northeast,Nakhon Ratchasima,Feb,918354,776396,100,75,721,3.9
P02172,Elderly Care,Northeast,Nakhon Ratchasima,Feb,1883309,1745957,100,76,960,4.77
P02173,Mental Health,Northeast,Nakhon Ratchasima,Feb,633342,474260,100,69,183,4.34
P02174,Healthy School,Northeast,Nakhon Ratchasima,Feb,1404009,997297,100,65,339,4.41
P02175,Food Safety,Northeast,Nakhon Ratchasima,Feb,726838,647180,100,60,2972,4.67
P02176,NCD Prevention,Northeast,Nakhon Ratchasima,Feb,1085054,849807,100,60,2469,4.4
P02177,Health Data,Northeast,Nakhon Ratchasima,Feb,982626,783101,100,78,278,3.99
P02178,Health Promotion,Northeast,Nakhon Ratchasima,Feb,876287,615964,100,96,2489,3.54
P02179,Policy Development,Northeast,Nakhon Ratchasima,Feb,1320671,1241129,100,74,1389,4.47
P02180,Network Strengthening,Northeast,Nakhon Ratchasima,Feb,718588,504633,100,70,1933,4.48
P02181,Community Health,Northeast,Nakhon Ratchasima,Mar,1268031,1106228,100,74,1023,4.53
P02182,Elderly Care,Northeast,Nakhon Ratchasima,Mar,662147,520181,100,86,1591,4.59
P02183,Mental Health,Northeast,Nakhon Ratchasima,Mar,1874461,1542330,100,93,785,4.91
P02184,Healthy School,Northeast,Nakhon Ratchasima,Mar,1820461,1554810,100,76,674,4.9
P02185,Food Safety,Northeast,Nakhon Ratchasima,Mar,978058,959097,100,99,2193,4.27
P02186,NCD Prevention,Northeast,Nakhon Ratchasima,Mar,858688,675374,100,95,2386,3.76
P02187,Health Data,Northeast,Nakhon Ratchasima,Mar,782240,640691,100,73,1271,3.72
P02188,Health Promotion,Northeast,Nakhon Ratchasima,Mar,1031838,917552,100,61,2217,4.05
P02189,Policy Development,Northeast,Nakhon Ratchasima,Mar,1736629,1405367,100,85,687,4.17
P02190,Network Strengthening,Northeast,Nakhon Ratchasima,Mar,561173,526826,100,80,1088,4.3
P02191,Community Health,Northeast,Nakhon Ratchasima,Apr,1603270,1343198,100,76,2214,4.48
P02192,Elderly Care,Northeast,Nakhon Ratchasima,Apr,1929465,1755907,100,77,1470,4.21
P02193,Mental Health,Northeast,Nakhon Ratchasima,Apr,1061876,977065,100,95,1666,4.68
P02194,Healthy School,Northeast,Nakhon Ratchasima,Apr,1719308,1593880,100,94,900,3.91
P02195,Food Safety,Northeast,Nakhon Ratchasima,Apr,1191728,1096135,100,98,1120,4.28
P02196,NCD Prevention,Northeast,Nakhon Ratchasima,Apr,1240794,1048201,100,90,841,3.88
P02197,Health Data,Northeast,Nakhon Ratchasima,Apr,1741644,1612819,100,69,2487,4.19
P02198,Health Promotion,Northeast,Nakhon Ratchasima,Apr,1473639,1062639,100,81,1021,4.63
P02199,Policy Development,Northeast,Nakhon Ratchasima,Apr,1362915,1175321,100,94,213,4.71
P02200,Network Strengthening,Northeast,Nakhon Ratchasima,Apr,1518883,1465552,100,66,775,3.74
P02201,Community Health,Northeast,Nakhon Ratchasima,May,707977,558219,100,71,2456,4.16
P02202,Elderly Care,Northeast,Nakhon Ratchasima,May,1941190,1380315,100,79,874,4.63
P02203,Mental Health,Northeast,Nakhon Ratchasima,May,807569,599733,100,95,2683,4.56
P02204,Healthy School,Northeast,Nakhon Ratchasima,May,1216916,933585,100,81,897,4.28
P02205,Food Safety,Northeast,Nakhon Ratchasima,May,1046487,801132,100,83,1047,4.31
P02206,NCD Prevention,Northeast,Nakhon Ratchasima,May,556119,500128,100,69,909,4.99
P02207,Health Data,Northeast,Nakhon Ratchasima,May,1389721,1387742,100,77,1746,4.25
P02208,Health Promotion,Northeast,Nakhon Ratchasima,May,1453496,1448165,100,98,1082,3.66
P02209,Policy Development,Northeast,Nakhon Ratchasima,May,1134111,958412,100,88,1691,4.58
P02210,Network Strengthening,Northeast,Nakhon Ratchasima,May,764753,566356,100,74,600,3.87
P02211,Community Health,Northeast,Nakhon Ratchasima,Jun,643273,542942,100,73,1559,3.96
P02212,Elderly Care,Northeast,Nakhon Ratchasima,Jun,1720693,1499610,100,61,414,4.92
P02213,Mental Health,Northeast,Nakhon Ratchasima,Jun,677600,553929,100,75,268,4.21
P02214,Healthy School,Northeast,Nakhon Ratchasima,Jun,981503,889109,100,80,2609,4.04
P02215,Food Safety,Northeast,Nakhon Ratchasima,Jun,1794414,1331983,100,66,2822,4.58
P02216,NCD Prevention,Northeast,Nakhon Ratchasima,Jun,1684877,1635328,100,69,2280,3.94
P02217,Health Data,Northeast,Nakhon Ratchasima,Jun,1613157,1459712,100,70,2677,4.05
P02218,Health Promotion,Northeast,Nakhon Ratchasima,Jun,1512010,1397321,100,88,637,3.95
P02219,Policy Development,Northeast,Nakhon Ratchasima,Jun,661703,487265,100,66,1655,4.5
P02220,Network Strengthening,Northeast,Nakhon Ratchasima,Jun,1809448,1272500,100,91,1921,4.41
P02221,Community Health,Northeast,Nakhon Ratchasima,Jul,1037650,997605,100,70,2182,4.46
P02222,Elderly Care,Northeast,Nakhon Ratchasima,Jul,724553,689215,100,80,2937,4.67
P02223,Mental Health,Northeast,Nakhon Ratchasima,Jul,1655688,1372196,100,93,2765,4.51
P02224,Healthy School,Northeast,Nakhon Ratchasima,Jul,554451,517017,100,100,1040,4.25
P02225,Food Safety,Northeast,Nakhon Ratchasima,Jul,666888,624372,100,90,1770,4.54
P02226,NCD Prevention,Northeast,Nakhon Ratchasima,Jul,1684548,1517548,100,81,2163,4.18
P02227,Health Data,Northeast,Nakhon Ratchasima,Jul,860692,648680,100,60,1923,4.93
P02228,Health Promotion,Northeast,Nakhon Ratchasima,Jul,1627931,1570225,100,77,2882,4.36
P02229,Policy Development,Northeast,Nakhon Ratchasima,Jul,1281761,916572,100,81,2676,3.52
P02230,Network Strengthening,Northeast,Nakhon Ratchasima,Jul,625058,437842,100,62,1639,4.06
P02231,Community Health,Northeast,Nakhon Ratchasima,Aug,1534588,1408789,100,65,279,3.65
P02232,Elderly Care,Northeast,Nakhon Ratchasima,Aug,1677877,1666755,100,99,2385,3.64
P02233,Mental Health,Northeast,Nakhon Ratchasima,Aug,665133,627885,100,73,417,4.92
P02234,Healthy School,Northeast,Nakhon Ratchasima,Aug,853376,782051,100,85,1886,4.21
P02235,Food Safety,Northeast,Nakhon Ratchasima,Aug,629836,457631,100,85,1009,3.8
P02236,NCD Prevention,Northeast,Nakhon Ratchasima,Aug,1619560,1558338,100,71,177,4.45
P02237,Health Data,Northeast,Nakhon Ratchasima,Aug,742818,560458,100,99,844,4.97
P02238,Health Promotion,Northeast,Nakhon Ratchasima,Aug,1546331,1138573,100,64,2351,3.66
P02239,Policy Development,Northeast,Nakhon Ratchasima,Aug,1537217,1118105,100,76,1958,4.48
P02240,Network Strengthening,Northeast,Nakhon Ratchasima,Aug,727670,641781,100,97,2546,4.23
P02241,Community Health,Northeast,Nakhon Ratchasima,Sep,574305,526563,100,84,657,4.82
P02242,Elderly Care,Northeast,Nakhon Ratchasima,Sep,1915206,1804226,100,91,2742,4.66
P02243,Mental Health,Northeast,Nakhon Ratchasima,Sep,1473094,1444355,100,88,2787,3.73
P02244,Healthy School,Northeast,Nakhon Ratchasima,Sep,833381,639062,100,96,2204,3.62
P02245,Food Safety,Northeast,Nakhon Ratchasima,Sep,1110003,936683,100,73,606,4.59
P02246,NCD Prevention,Northeast,Nakhon Ratchasima,Sep,1415035,1370429,100,95,1132,3.63
P02247,Health Data,Northeast,Nakhon Ratchasima,Sep,914637,683110,100,70,573,4.4
P02248,Health Promotion,Northeast,Nakhon Ratchasima,Sep,804665,682267,100,71,291,4.68
P02249,Policy Development,Northeast,Nakhon Ratchasima,Sep,893518,674762,100,60,1988,4.38
P02250,Network Strengthening,Northeast,Nakhon Ratchasima,Sep,783613,624181,100,91,453,4.93
P02251,Community Health,Northeast,Nakhon Ratchasima,Oct,1453995,1118224,100,82,1491,4.53
P02252,Elderly Care,Northeast,Nakhon Ratchasima,Oct,593334,526381,100,79,2954,4.07
P02253,Mental Health,Northeast,Nakhon Ratchasima,Oct,1316584,1122884,100,94,343,4.25
P02254,Healthy School,Northeast,Nakhon Ratchasima,Oct,666522,576782,100,60,294,3.69
P02255,Food Safety,Northeast,Nakhon Ratchasima,Oct,1847132,1793194,100,83,566,4.24
P02256,NCD Prevention,Northeast,Nakhon Ratchasima,Oct,702527,645985,100,65,922,3.84
P02257,Health Data,Northeast,Nakhon Ratchasima,Oct,577977,542266,100,88,352,4.95
P02258,Health Promotion,Northeast,Nakhon Ratchasima,Oct,1146852,825422,100,94,1581,4.33
P02259,Policy Development,Northeast,Nakhon Ratchasima,Oct,1041815,834990,100,68,2218,3.94
P02260,Network Strengthening,Northeast,Nakhon Ratchasima,Oct,848336,771117,100,83,1903,3.51
P02261,Community Health,Northeast,Nakhon Ratchasima,Nov,1469222,1388280,100,62,1168,4.32
P02262,Elderly Care,Northeast,Nakhon Ratchasima,Nov,1539738,1271184,100,92,1669,4.6
P02263,Mental Health,Northeast,Nakhon Ratchasima,Nov,1381340,1275949,100,70,613,3.57
P02264,Healthy School,Northeast,Nakhon Ratchasima,Nov,1759864,1584001,100,78,1332,4.59
P02265,Food Safety,Northeast,Nakhon Ratchasima,Nov,1844221,1328695,100,71,494,3.75
P02266,NCD Prevention,Northeast,Nakhon Ratchasima,Nov,842508,644425,100,64,1220,4.85
P02267,Health Data,Northeast,Nakhon Ratchasima,Nov,1427074,1035104,100,85,2682,4.21
P02268,Health Promotion,Northeast,Nakhon Ratchasima,Nov,1348991,981356,100,87,2082,4.94
P02269,Policy Development,Northeast,Nakhon Ratchasima,Nov,1736866,1646253,100,85,1896,4.85
P02270,Network Strengthening,Northeast,Nakhon Ratchasima,Nov,1325577,1324292,100,60,2247,4.47
P02271,Community Health,Northeast,Nakhon Ratchasima,Dec,1452860,1263347,100,65,1167,4.97
P02272,Elderly Care,Northeast,Nakhon Ratchasima,Dec,828003,746957,100,71,1884,3.73
P02273,Mental Health,Northeast,Nakhon Ratchasima,Dec,949408,800699,100,74,178,4.6
P02274,Healthy School,Northeast,Nakhon Ratchasima,Dec,1246261,943899,100,67,510,4.56
P02275,Food Safety,Northeast,Nakhon Ratchasima,Dec,609480,566773,100,85,2859,3.63
P02276,NCD Prevention,Northeast,Nakhon Ratchasima,Dec,1983628,1969049,100,61,914,4.12
P02277,Health Data,Northeast,Nakhon Ratchasima,Dec,944392,801190,100,92,2802,4.03
P02278,Health Promotion,Northeast,Nakhon Ratchasima,Dec,1806735,1715019,100,63,2571,3.56
P02279,Policy Development,Northeast,Nakhon Ratchasima,Dec,1244692,1024766,100,75,2643,4.08
P02280,Network Strengthening,Northeast,Nakhon Ratchasima,Dec,654595,646863,100,66,1599,4.94
P02281,Community Health,Northeast,Ubon Ratchathani,Jan,507618,505781,100,89,1253,4.31
P02282,Elderly Care,Northeast,Ubon Ratchathani,Jan,1549611,1121029,100,99,578,4.51
P02283,Mental Health,Northeast,Ubon Ratchathani,Jan,999431,960861,100,86,379,3.91
P02284,Healthy School,Northeast,Ubon Ratchathani,Jan,1386005,1279728,100,93,420,4.72
P02285,Food Safety,Northeast,Ubon Ratchathani,Jan,1657879,1523383,100,65,1800,4.31
P02286,NCD Prevention,Northeast,Ubon Ratchathani,Jan,855560,849784,100,72,2340,4.35
P02287,Health Data,Northeast,Ubon Ratchathani,Jan,575660,573527,100,91,218,4.18
P02288,Health Promotion,Northeast,Ubon Ratchathani,Jan,780886,683070,100,71,1623,4.49
P02289,Policy Development,Northeast,Ubon Ratchathani,Jan,898953,823766,100,82,1271,3.6
P02290,Network Strengthening,Northeast,Ubon Ratchathani,Jan,1036392,776169,100,76,2830,4.11
P02291,Community Health,Northeast,Ubon Ratchathani,Feb,1142608,856548,100,77,2343,3.88
P02292,Elderly Care,Northeast,Ubon Ratchathani,Feb,1160677,1009456,100,64,1010,4.64
P02293,Mental Health,Northeast,Ubon Ratchathani,Feb,1191088,1012048,100,87,2072,4.6
P02294,Healthy School,Northeast,Ubon Ratchathani,Feb,818892,623088,100,90,1175,3.89
P02295,Food Safety,Northeast,Ubon Ratchathani,Feb,1233750,1066359,100,83,1508,3.74
P02296,NCD Prevention,Northeast,Ubon Ratchathani,Feb,714737,643306,100,60,2654,4.28
P02297,Health Data,Northeast,Ubon Ratchathani,Feb,1345674,1093095,100,82,1944,3.58
P02298,Health Promotion,Northeast,Ubon Ratchathani,Feb,1430307,1229608,100,86,2146,3.55
P02299,Policy Development,Northeast,Ubon Ratchathani,Feb,1976800,1564445,100,84,1875,3.54
P02300,Network Strengthening,Northeast,Ubon Ratchathani,Feb,715604,667772,100,83,2686,3.8
P02301,Community Health,Northeast,Ubon Ratchathani,Mar,1133321,817190,100,99,924,3.73
P02302,Elderly Care,Northeast,Ubon Ratchathani,Mar,1819682,1581658,100,84,809,4.62
P02303,Mental Health,Northeast,Ubon Ratchathani,Mar,942060,819721,100,75,2885,4.86
P02304,Healthy School,Northeast,Ubon Ratchathani,Mar,940462,926028,100,85,1807,4.87
P02305,Food Safety,Northeast,Ubon Ratchathani,Mar,703147,542704,100,82,1706,3.56
P02306,NCD Prevention,Northeast,Ubon Ratchathani,Mar,1522623,1272332,100,88,2786,3.78
P02307,Health Data,Northeast,Ubon Ratchathani,Mar,1376056,1294949,100,75,1965,4.36
P02308,Health Promotion,Northeast,Ubon Ratchathani,Mar,1567509,1380200,100,89,925,4.13
P02309,Policy Development,Northeast,Ubon Ratchathani,Mar,1890268,1855425,100,62,1519,4.71
P02310,Network Strengthening,Northeast,Ubon Ratchathani,Mar,1295210,994166,100,86,2057,3.74
P02311,Community Health,Northeast,Ubon Ratchathani,Apr,1085584,1012466,100,90,2500,3.98
P02312,Elderly Care,Northeast,Ubon Ratchathani,Apr,1997869,1548251,100,98,2409,4.08
P02313,Mental Health,Northeast,Ubon Ratchathani,Apr,1039051,894331,100,98,2787,4.13
P02314,Healthy School,Northeast,Ubon Ratchathani,Apr,1270903,900463,100,84,1140,4.6
P02315,Food Safety,Northeast,Ubon Ratchathani,Apr,1398732,1297185,100,86,2524,4.8
P02316,NCD Prevention,Northeast,Ubon Ratchathani,Apr,1342237,1277472,100,75,2389,4.66
P02317,Health Data,Northeast,Ubon Ratchathani,Apr,624929,555242,100,76,335,4.09
P02318,Health Promotion,Northeast,Ubon Ratchathani,Apr,1714631,1535019,100,81,986,3.55
P02319,Policy Development,Northeast,Ubon Ratchathani,Apr,586420,559057,100,73,824,4.89
P02320,Network Strengthening,Northeast,Ubon Ratchathani,Apr,1510604,1376848,100,77,406,4.62
P02321,Community Health,Northeast,Ubon Ratchathani,May,503035,409369,100,73,1576,3.56
P02322,Elderly Care,Northeast,Ubon Ratchathani,May,910164,650616,100,85,2669,4.23
P02323,Mental Health,Northeast,Ubon Ratchathani,May,1738925,1488407,100,80,2051,3.95
P02324,Healthy School,Northeast,Ubon Ratchathani,May,1627947,1320495,100,67,2625,4.42
P02325,Food Safety,Northeast,Ubon Ratchathani,May,1186576,865726,100,63,986,3.94
P02326,NCD Prevention,Northeast,Ubon Ratchathani,May,1107990,999821,100,62,2684,4.53
P02327,Health Data,Northeast,Ubon Ratchathani,May,1466667,1402500,100,93,266,3.98
P02328,Health Promotion,Northeast,Ubon Ratchathani,May,1021344,725009,100,74,976,3.9
P02329,Policy Development,Northeast,Ubon Ratchathani,May,811227,596120,100,77,532,4.22
P02330,Network Strengthening,Northeast,Ubon Ratchathani,May,1633302,1319023,100,63,2155,4.45
P02331,Community Health,Northeast,Ubon Ratchathani,Jun,1616149,1302257,100,84,2496,3.92
P02332,Elderly Care,Northeast,Ubon Ratchathani,Jun,1035521,753566,100,64,1849,4.29
P02333,Mental Health,Northeast,Ubon Ratchathani,Jun,1667134,1548631,100,86,2501,4.22
P02334,Healthy School,Northeast,Ubon Ratchathani,Jun,901403,772639,100,81,2079,4.25
P02335,Food Safety,Northeast,Ubon Ratchathani,Jun,1297518,1004107,100,80,298,4.44
P02336,NCD Prevention,Northeast,Ubon Ratchathani,Jun,1805956,1352430,100,75,2676,3.83
P02337,Health Data,Northeast,Ubon Ratchathani,Jun,1621912,1468858,100,74,2711,4.93
P02338,Health Promotion,Northeast,Ubon Ratchathani,Jun,1103357,930471,100,75,2778,4.54
P02339,Policy Development,Northeast,Ubon Ratchathani,Jun,637001,477820,100,60,522,3.96
P02340,Network Strengthening,Northeast,Ubon Ratchathani,Jun,545898,476926,100,65,1341,3.93
P02341,Community Health,Northeast,Ubon Ratchathani,Jul,1181588,1140381,100,79,485,4.12
P02342,Elderly Care,Northeast,Ubon Ratchathani,Jul,696796,678579,100,95,2226,4.71
P02343,Mental Health,Northeast,Ubon Ratchathani,Jul,1019641,1009529,100,98,1805,4.71
P02344,Healthy School,Northeast,Ubon Ratchathani,Jul,1128564,810111,100,78,772,3.68
P02345,Food Safety,Northeast,Ubon Ratchathani,Jul,1959619,1951770,100,90,399,4.15
P02346,NCD Prevention,Northeast,Ubon Ratchathani,Jul,1327350,1215581,100,64,1829,3.69
P02347,Health Data,Northeast,Ubon Ratchathani,Jul,1639317,1159032,100,65,1903,4.81
P02348,Health Promotion,Northeast,Ubon Ratchathani,Jul,701019,671151,100,89,1408,3.71
P02349,Policy Development,Northeast,Ubon Ratchathani,Jul,988763,823052,100,84,1072,3.95
P02350,Network Strengthening,Northeast,Ubon Ratchathani,Jul,1156291,966046,100,65,511,4.37
P02351,Community Health,Northeast,Ubon Ratchathani,Aug,1774789,1598181,100,90,853,4.04
P02352,Elderly Care,Northeast,Ubon Ratchathani,Aug,569978,452613,100,82,857,4.7
P02353,Mental Health,Northeast,Ubon Ratchathani,Aug,1807142,1360640,100,61,458,4.03
P02354,Healthy School,Northeast,Ubon Ratchathani,Aug,1513957,1452024,100,62,965,4.09
P02355,Food Safety,Northeast,Ubon Ratchathani,Aug,1372961,1046579,100,87,1241,4.15
P02356,NCD Prevention,Northeast,Ubon Ratchathani,Aug,782440,587549,100,90,1009,3.78
P02357,Health Data,Northeast,Ubon Ratchathani,Aug,894597,880811,100,69,319,4.72
P02358,Health Promotion,Northeast,Ubon Ratchathani,Aug,1457892,1248306,100,68,649,3.56
P02359,Policy Development,Northeast,Ubon Ratchathani,Aug,1590254,1198729,100,77,1422,4.45
P02360,Network Strengthening,Northeast,Ubon Ratchathani,Aug,1176639,902330,100,100,2403,3.96
P02361,Community Health,Northeast,Ubon Ratchathani,Sep,1228981,944318,100,91,1996,3.69
P02362,Elderly Care,Northeast,Ubon Ratchathani,Sep,1224992,1216158,100,76,1111,4.39
P02363,Mental Health,Northeast,Ubon Ratchathani,Sep,1140992,904250,100,90,2018,3.56
P02364,Healthy School,Northeast,Ubon Ratchathani,Sep,1459979,1056115,100,60,1052,3.61
P02365,Food Safety,Northeast,Ubon Ratchathani,Sep,706775,526779,100,71,520,4.94
P02366,NCD Prevention,Northeast,Ubon Ratchathani,Sep,1855664,1472872,100,94,501,3.97
P02367,Health Data,Northeast,Ubon Ratchathani,Sep,1088432,875791,100,60,597,3.55
P02368,Health Promotion,Northeast,Ubon Ratchathani,Sep,1411846,1393040,100,67,1520,3.81
P02369,Policy Development,Northeast,Ubon Ratchathani,Sep,1956749,1412713,100,81,2719,3.81
P02370,Network Strengthening,Northeast,Ubon Ratchathani,Sep,814641,739032,100,82,1213,4.58
P02371,Community Health,Northeast,Ubon Ratchathani,Oct,1556889,1115394,100,69,304,4.06
P02372,Elderly Care,Northeast,Ubon Ratchathani,Oct,665357,524141,100,64,2217,4.49
P02373,Mental Health,Northeast,Ubon Ratchathani,Oct,1170956,1111986,100,70,1367,4.22
P02374,Healthy School,Northeast,Ubon Ratchathani,Oct,606808,552847,100,62,1566,4.88
P02375,Food Safety,Northeast,Ubon Ratchathani,Oct,761971,683280,100,64,2998,4.4
P02376,NCD Prevention,Northeast,Ubon Ratchathani,Oct,584444,423013,100,86,770,4.87
P02377,Health Data,Northeast,Ubon Ratchathani,Oct,566373,534956,100,68,1786,4.35
P02378,Health Promotion,Northeast,Ubon Ratchathani,Oct,1965052,1514368,100,100,2821,3.88
P02379,Policy Development,Northeast,Ubon Ratchathani,Oct,823510,643492,100,93,2777,4.29
P02380,Network Strengthening,Northeast,Ubon Ratchathani,Oct,1227343,1080282,100,81,1498,3.77
P02381,Community Health,Northeast,Ubon Ratchathani,Nov,1197264,934610,100,95,2559,3.57
P02382,Elderly Care,Northeast,Ubon Ratchathani,Nov,1262502,1137413,100,77,2289,4.64
P02383,Mental Health,Northeast,Ubon Ratchathani,Nov,776929,601136,100,76,2482,4.95
P02384,Healthy School,Northeast,Ubon Ratchathani,Nov,787370,593796,100,62,2792,3.81
P02385,Food Safety,Northeast,Ubon Ratchathani,Nov,1244864,1222363,100,89,241,4.83
P02386,NCD Prevention,Northeast,Ubon Ratchathani,Nov,1174753,1093761,100,60,1142,3.65
P02387,Health Data,Northeast,Ubon Ratchathani,Nov,622611,605477,100,69,1484,4.27
P02388,Health Promotion,Northeast,Ubon Ratchathani,Nov,1475694,1430288,100,90,1967,4.25
P02389,Policy Development,Northeast,Ubon Ratchathani,Nov,547409,465696,100,87,1078,4.55
P02390,Network Strengthening,Northeast,Ubon Ratchathani,Nov,1477497,1043050,100,64,2725,4.3
P02391,Community Health,Northeast,Ubon Ratchathani,Dec,1551268,1518470,100,74,209,4.74
P02392,Elderly Care,Northeast,Ubon Ratchathani,Dec,1130068,1098876,100,60,366,3.83
P02393,Mental Health,Northeast,Ubon Ratchathani,Dec,914340,787537,100,83,2097,4.09
P02394,Healthy School,Northeast,Ubon Ratchathani,Dec,571378,508372,100,72,2141,3.71
P02395,Food Safety,Northeast,Ubon Ratchathani,Dec,742822,564640,100,86,316,3.77
P02396,NCD Prevention,Northeast,Ubon Ratchathani,Dec,1364893,1252390,100,79,552,4.16
P02397,Health Data,Northeast,Ubon Ratchathani,Dec,1261077,937525,100,66,2012,3.79
P02398,Health Promotion,Northeast,Ubon Ratchathani,Dec,1639967,1278628,100,75,2027,4.49
P02399,Policy Development,Northeast,Ubon Ratchathani,Dec,530520,520601,100,84,725,4.43
P02400,Network Strengthening,Northeast,Ubon Ratchathani,Dec,1518908,1180169,100,60,1544,4.6
P02401,Community Health,Northeast,Udon Thani,Jan,1262575,1144056,100,81,809,4.35
P02402,Elderly Care,Northeast,Udon Thani,Jan,1943638,1367722,100,63,910,4.99
P02403,Mental Health,Northeast,Udon Thani,Jan,1868085,1497993,100,66,839,4.61
P02404,Healthy School,Northeast,Udon Thani,Jan,1584410,1549031,100,73,2279,4.81
P02405,Food Safety,Northeast,Udon Thani,Jan,1651555,1626531,100,80,1956,4.14
P02406,NCD Prevention,Northeast,Udon Thani,Jan,1264767,1159590,100,76,1528,4.68
P02407,Health Data,Northeast,Udon Thani,Jan,858612,642602,100,96,2891,4.31
P02408,Health Promotion,Northeast,Udon Thani,Jan,1563132,1120982,100,70,214,3.88
P02409,Policy Development,Northeast,Udon Thani,Jan,639219,514222,100,90,1818,3.73
P02410,Network Strengthening,Northeast,Udon Thani,Jan,848415,801292,100,63,1830,3.95
P02411,Community Health,Northeast,Udon Thani,Feb,574118,552477,100,76,218,4.61
P02412,Elderly Care,Northeast,Udon Thani,Feb,1022787,979578,100,97,326,4.91
P02413,Mental Health,Northeast,Udon Thani,Feb,1957898,1948572,100,78,786,4.56
P02414,Healthy School,Northeast,Udon Thani,Feb,1277934,1050439,100,91,1314,4.75
P02415,Food Safety,Northeast,Udon Thani,Feb,557540,522516,100,94,1516,4.63
P02416,NCD Prevention,Northeast,Udon Thani,Feb,1900918,1618908,100,72,1354,4.94
P02417,Health Data,Northeast,Udon Thani,Feb,989193,960000,100,69,903,3.95
P02418,Health Promotion,Northeast,Udon Thani,Feb,1343514,963124,100,81,1922,4.76
P02419,Policy Development,Northeast,Udon Thani,Feb,669970,497535,100,88,2705,3.59
P02420,Network Strengthening,Northeast,Udon Thani,Feb,698848,641220,100,71,1172,3.91
P02421,Community Health,Northeast,Udon Thani,Mar,762008,569108,100,82,2498,4.68
P02422,Elderly Care,Northeast,Udon Thani,Mar,1229947,870526,100,81,2082,4.88
P02423,Mental Health,Northeast,Udon Thani,Mar,1220653,950764,100,74,2717,4.89
P02424,Healthy School,Northeast,Udon Thani,Mar,1648016,1525462,100,78,495,3.87
P02425,Food Safety,Northeast,Udon Thani,Mar,1453812,1177037,100,71,2707,4.75
P02426,NCD Prevention,Northeast,Udon Thani,Mar,698430,686091,100,65,2541,3.76
P02427,Health Data,Northeast,Udon Thani,Mar,1891307,1703016,100,66,2866,3.61
P02428,Health Promotion,Northeast,Udon Thani,Mar,578138,506924,100,82,1128,3.87
P02429,Policy Development,Northeast,Udon Thani,Mar,1653499,1437765,100,88,2288,4.49
P02430,Network Strengthening,Northeast,Udon Thani,Mar,1365752,1213691,100,89,2894,4.64
P02431,Community Health,Northeast,Udon Thani,Apr,1986701,1759206,100,70,246,3.68
P02432,Elderly Care,Northeast,Udon Thani,Apr,650035,577512,100,79,707,4.12
P02433,Mental Health,Northeast,Udon Thani,Apr,536334,428310,100,90,2175,4.52
P02434,Healthy School,Northeast,Udon Thani,Apr,1691157,1403862,100,92,2371,3.97
P02435,Food Safety,Northeast,Udon Thani,Apr,833844,821614,100,66,1421,4.39
P02436,NCD Prevention,Northeast,Udon Thani,Apr,741817,673414,100,100,650,4.93
P02437,Health Data,Northeast,Udon Thani,Apr,1368333,1132710,100,61,2011,3.9
P02438,Health Promotion,Northeast,Udon Thani,Apr,1882524,1770815,100,98,1679,4.83
P02439,Policy Development,Northeast,Udon Thani,Apr,723665,600403,100,99,1334,3.52
P02440,Network Strengthening,Northeast,Udon Thani,Apr,1697892,1246468,100,65,1717,4.1
P02441,Community Health,Northeast,Udon Thani,May,1599452,1429213,100,87,337,4.97
P02442,Elderly Care,Northeast,Udon Thani,May,791396,737340,100,89,1834,4.39
P02443,Mental Health,Northeast,Udon Thani,May,1571048,1115770,100,86,1585,3.94
P02444,Healthy School,Northeast,Udon Thani,May,1611746,1480330,100,79,2605,3.98
P02445,Food Safety,Northeast,Udon Thani,May,701837,533329,100,73,2850,4.71
P02446,NCD Prevention,Northeast,Udon Thani,May,608286,533953,100,89,2989,4.4
P02447,Health Data,Northeast,Udon Thani,May,1730004,1484107,100,74,1769,4.81
P02448,Health Promotion,Northeast,Udon Thani,May,1583781,1159454,100,79,1433,3.92
P02449,Policy Development,Northeast,Udon Thani,May,1590142,1534630,100,88,269,4.81
P02450,Network Strengthening,Northeast,Udon Thani,May,1979849,1616775,100,90,2584,3.95
P02451,Community Health,Northeast,Udon Thani,Jun,649809,503634,100,98,1640,4.02
P02452,Elderly Care,Northeast,Udon Thani,Jun,1427868,1049915,100,65,2608,4.85
P02453,Mental Health,Northeast,Udon Thani,Jun,1819400,1319888,100,66,299,3.54
P02454,Healthy School,Northeast,Udon Thani,Jun,529276,512942,100,64,2207,3.58
P02455,Food Safety,Northeast,Udon Thani,Jun,764096,743041,100,92,1719,4.2
P02456,NCD Prevention,Northeast,Udon Thani,Jun,1668789,1539249,100,86,1746,4.83
P02457,Health Data,Northeast,Udon Thani,Jun,874450,640762,100,84,2397,4.38
P02458,Health Promotion,Northeast,Udon Thani,Jun,1397443,993702,100,60,1391,3.65
P02459,Policy Development,Northeast,Udon Thani,Jun,653652,459328,100,75,2665,4.74
P02460,Network Strengthening,Northeast,Udon Thani,Jun,616257,532109,100,87,2594,3.52
P02461,Community Health,Northeast,Udon Thani,Jul,843246,601941,100,95,2279,4.0
P02462,Elderly Care,Northeast,Udon Thani,Jul,1775396,1598419,100,91,2723,4.64
P02463,Mental Health,Northeast,Udon Thani,Jul,1170742,985336,100,86,1260,3.61
P02464,Healthy School,Northeast,Udon Thani,Jul,747041,580343,100,81,2947,4.76
P02465,Food Safety,Northeast,Udon Thani,Jul,803983,682376,100,82,2507,4.73
P02466,NCD Prevention,Northeast,Udon Thani,Jul,1691008,1366880,100,68,691,4.41
P02467,Health Data,Northeast,Udon Thani,Jul,1524783,1151918,100,98,816,5.0
P02468,Health Promotion,Northeast,Udon Thani,Jul,862805,755132,100,80,248,3.79
P02469,Policy Development,Northeast,Udon Thani,Jul,1635652,1290964,100,85,238,4.41
P02470,Network Strengthening,Northeast,Udon Thani,Jul,1625944,1312552,100,89,1084,4.57
P02471,Community Health,Northeast,Udon Thani,Aug,1765160,1721489,100,66,2174,4.48
P02472,Elderly Care,Northeast,Udon Thani,Aug,1614733,1408846,100,89,2722,4.4
P02473,Mental Health,Northeast,Udon Thani,Aug,1921394,1918405,100,64,670,4.06
P02474,Healthy School,Northeast,Udon Thani,Aug,1468689,1149616,100,94,1789,3.83
P02475,Food Safety,Northeast,Udon Thani,Aug,1243651,1118217,100,60,1450,3.93
P02476,NCD Prevention,Northeast,Udon Thani,Aug,1140569,1035409,100,85,323,4.99
P02477,Health Data,Northeast,Udon Thani,Aug,1770266,1579533,100,93,596,3.86
P02478,Health Promotion,Northeast,Udon Thani,Aug,557178,545142,100,100,1547,4.72
P02479,Policy Development,Northeast,Udon Thani,Aug,911479,761797,100,95,1428,3.69
P02480,Network Strengthening,Northeast,Udon Thani,Aug,1842651,1561713,100,72,446,3.83
P02481,Community Health,Northeast,Udon Thani,Sep,1077139,1065753,100,61,1065,3.51
P02482,Elderly Care,Northeast,Udon Thani,Sep,1906861,1626316,100,81,642,4.68
P02483,Mental Health,Northeast,Udon Thani,Sep,1430890,1391167,100,98,428,4.86
P02484,Healthy School,Northeast,Udon Thani,Sep,1822094,1468878,100,61,2128,3.82
P02485,Food Safety,Northeast,Udon Thani,Sep,1448919,1172512,100,61,2422,4.14
P02486,NCD Prevention,Northeast,Udon Thani,Sep,553530,517818,100,98,1094,3.61
P02487,Health Data,Northeast,Udon Thani,Sep,1576344,1280854,100,66,2482,4.33
P02488,Health Promotion,Northeast,Udon Thani,Sep,1816410,1597482,100,77,1177,3.85
P02489,Policy Development,Northeast,Udon Thani,Sep,679684,644450,100,65,2250,4.9
P02490,Network Strengthening,Northeast,Udon Thani,Sep,1850060,1530021,100,91,511,4.68
P02491,Community Health,Northeast,Udon Thani,Oct,1261649,1166513,100,88,804,4.38
P02492,Elderly Care,Northeast,Udon Thani,Oct,896617,743916,100,99,2758,4.81
P02493,Mental Health,Northeast,Udon Thani,Oct,705714,588454,100,61,1805,3.62
P02494,Healthy School,Northeast,Udon Thani,Oct,1853021,1497955,100,87,192,3.97
P02495,Food Safety,Northeast,Udon Thani,Oct,511879,422709,100,99,499,4.91
P02496,NCD Prevention,Northeast,Udon Thani,Oct,1653266,1470393,100,70,577,4.62
P02497,Health Data,Northeast,Udon Thani,Oct,721029,687768,100,75,2873,4.25
P02498,Health Promotion,Northeast,Udon Thani,Oct,769280,768913,100,84,2373,4.66
P02499,Policy Development,Northeast,Udon Thani,Oct,961499,876370,100,78,2473,4.64
P02500,Network Strengthening,Northeast,Udon Thani,Oct,1635459,1417181,100,65,2677,4.29
P02501,Community Health,Northeast,Udon Thani,Nov,1903061,1791398,100,86,2981,3.82
P02502,Elderly Care,Northeast,Udon Thani,Nov,1156467,902593,100,62,2516,4.6
P02503,Mental Health,Northeast,Udon Thani,Nov,1296252,1119208,100,98,1032,4.41
P02504,Healthy School,Northeast,Udon Thani,Nov,797130,647696,100,71,1386,4.19
P02505,Food Safety,Northeast,Udon Thani,Nov,1268757,1137351,100,63,734,4.89
P02506,NCD Prevention,Northeast,Udon Thani,Nov,1563256,1175871,100,76,1036,4.9
P02507,Health Data,Northeast,Udon Thani,Nov,1348355,1106233,100,77,1243,4.84
P02508,Health Promotion,Northeast,Udon Thani,Nov,1242065,973815,100,87,1264,4.99
P02509,Policy Development,Northeast,Udon Thani,Nov,1102610,849361,100,96,944,4.27
P02510,Network Strengthening,Northeast,Udon Thani,Nov,1190661,1058334,100,95,2774,4.16
P02511,Community Health,Northeast,Udon Thani,Dec,1647147,1338342,100,94,2777,4.09
P02512,Elderly Care,Northeast,Udon Thani,Dec,1522363,1257563,100,86,2768,3.6
P02513,Mental Health,Northeast,Udon Thani,Dec,1004862,782267,100,61,1598,4.06
P02514,Healthy School,Northeast,Udon Thani,Dec,1372653,1239026,100,72,1378,4.95
P02515,Food Safety,Northeast,Udon Thani,Dec,1246671,1068329,100,66,1117,4.99
P02516,NCD Prevention,Northeast,Udon Thani,Dec,1095194,780338,100,62,1652,3.76
P02517,Health Data,Northeast,Udon Thani,Dec,1725115,1596994,100,89,2933,3.88
P02518,Health Promotion,Northeast,Udon Thani,Dec,1125533,1016868,100,96,1747,4.3
P02519,Policy Development,Northeast,Udon Thani,Dec,1270597,897873,100,87,1596,4.59
P02520,Network Strengthening,Northeast,Udon Thani,Dec,1327793,1097730,100,87,2449,4.37
P02521,Community Health,Northeast,Sakon Nakhon,Jan,882021,845274,100,71,1416,3.5
P02522,Elderly Care,Northeast,Sakon Nakhon,Jan,631105,576752,100,91,1513,4.64
P02523,Mental Health,Northeast,Sakon Nakhon,Jan,1682774,1495850,100,100,1895,3.54
P02524,Healthy School,Northeast,Sakon Nakhon,Jan,1077382,799345,100,80,2921,4.48
P02525,Food Safety,Northeast,Sakon Nakhon,Jan,1235040,1089151,100,63,2598,4.33
P02526,NCD Prevention,Northeast,Sakon Nakhon,Jan,1966413,1759925,100,94,2835,4.53
P02527,Health Data,Northeast,Sakon Nakhon,Jan,1011095,820069,100,93,2026,4.28
P02528,Health Promotion,Northeast,Sakon Nakhon,Jan,1683570,1220121,100,94,2063,4.15
P02529,Policy Development,Northeast,Sakon Nakhon,Jan,615777,564786,100,72,2982,4.38
P02530,Network Strengthening,Northeast,Sakon Nakhon,Jan,903152,876251,100,62,2857,3.66
P02531,Community Health,Northeast,Sakon Nakhon,Feb,520082,474116,100,62,2995,4.46
P02532,Elderly Care,Northeast,Sakon Nakhon,Feb,1360753,1057934,100,63,774,3.92
P02533,Mental Health,Northeast,Sakon Nakhon,Feb,1842264,1611354,100,69,1069,4.11
P02534,Healthy School,Northeast,Sakon Nakhon,Feb,1471385,1233234,100,69,1144,4.38
P02535,Food Safety,Northeast,Sakon Nakhon,Feb,1795071,1619172,100,67,2318,3.89
P02536,NCD Prevention,Northeast,Sakon Nakhon,Feb,1938164,1917085,100,64,2716,4.8
P02537,Health Data,Northeast,Sakon Nakhon,Feb,1283096,1136270,100,93,511,3.63
P02538,Health Promotion,Northeast,Sakon Nakhon,Feb,1288561,1150485,100,98,549,4.75
P02539,Policy Development,Northeast,Sakon Nakhon,Feb,1006143,797933,100,94,416,4.14
P02540,Network Strengthening,Northeast,Sakon Nakhon,Feb,1010073,1009051,100,65,1100,4.68
P02541,Community Health,Northeast,Sakon Nakhon,Mar,531897,492402,100,61,1343,4.0
P02542,Elderly Care,Northeast,Sakon Nakhon,Mar,928415,684332,100,79,2937,3.84
P02543,Mental Health,Northeast,Sakon Nakhon,Mar,1735823,1528240,100,78,1299,4.79
P02544,Healthy School,Northeast,Sakon Nakhon,Mar,1651775,1314563,100,62,2653,4.72
P02545,Food Safety,Northeast,Sakon Nakhon,Mar,726432,588914,100,84,1610,4.96
P02546,NCD Prevention,Northeast,Sakon Nakhon,Mar,826933,651562,100,66,1764,3.86
P02547,Health Data,Northeast,Sakon Nakhon,Mar,1590782,1376443,100,75,1513,4.46
P02548,Health Promotion,Northeast,Sakon Nakhon,Mar,1033760,872445,100,73,1437,3.58
P02549,Policy Development,Northeast,Sakon Nakhon,Mar,1451731,1252145,100,93,2987,4.69
P02550,Network Strengthening,Northeast,Sakon Nakhon,Mar,1372006,1362459,100,84,2968,4.72
P02551,Community Health,Northeast,Sakon Nakhon,Apr,1106653,806855,100,98,1443,4.01
P02552,Elderly Care,Northeast,Sakon Nakhon,Apr,1346956,1153147,100,63,2391,3.56
P02553,Mental Health,Northeast,Sakon Nakhon,Apr,791380,592536,100,75,1212,4.87
P02554,Healthy School,Northeast,Sakon Nakhon,Apr,995555,854797,100,94,2124,3.68
P02555,Food Safety,Northeast,Sakon Nakhon,Apr,992104,786988,100,99,1729,3.6
P02556,NCD Prevention,Northeast,Sakon Nakhon,Apr,603857,495673,100,86,2966,4.26
P02557,Health Data,Northeast,Sakon Nakhon,Apr,1442441,1104886,100,67,2912,4.47
P02558,Health Promotion,Northeast,Sakon Nakhon,Apr,616209,575689,100,99,354,4.31
P02559,Policy Development,Northeast,Sakon Nakhon,Apr,1235083,1169568,100,95,2163,3.7
P02560,Network Strengthening,Northeast,Sakon Nakhon,Apr,713112,659324,100,98,952,4.31
P02561,Community Health,Northeast,Sakon Nakhon,May,1708284,1312675,100,97,643,4.15
P02562,Elderly Care,Northeast,Sakon Nakhon,May,1340045,986056,100,65,2854,3.93
P02563,Mental Health,Northeast,Sakon Nakhon,May,1140566,905842,100,60,1737,4.78
P02564,Healthy School,Northeast,Sakon Nakhon,May,1115046,1046807,100,87,2905,4.18
P02565,Food Safety,Northeast,Sakon Nakhon,May,1496575,1383350,100,81,2095,4.12
P02566,NCD Prevention,Northeast,Sakon Nakhon,May,1399471,1282919,100,97,989,4.66
P02567,Health Data,Northeast,Sakon Nakhon,May,885085,860345,100,61,2553,4.28
P02568,Health Promotion,Northeast,Sakon Nakhon,May,1248838,1065000,100,85,1826,3.92
P02569,Policy Development,Northeast,Sakon Nakhon,May,583573,461445,100,98,2569,4.57
P02570,Network Strengthening,Northeast,Sakon Nakhon,May,706162,557687,100,99,2122,3.94
P02571,Community Health,Northeast,Sakon Nakhon,Jun,1132511,997380,100,94,2321,4.97
P02572,Elderly Care,Northeast,Sakon Nakhon,Jun,823768,748770,100,97,953,4.49
P02573,Mental Health,Northeast,Sakon Nakhon,Jun,1346271,1170967,100,94,939,3.8
P02574,Healthy School,Northeast,Sakon Nakhon,Jun,1688612,1372158,100,62,1165,3.56
P02575,Food Safety,Northeast,Sakon Nakhon,Jun,1160364,817975,100,74,521,3.53
P02576,NCD Prevention,Northeast,Sakon Nakhon,Jun,1373540,1245406,100,69,1685,4.94
P02577,Health Data,Northeast,Sakon Nakhon,Jun,1837788,1294300,100,61,1925,4.93
P02578,Health Promotion,Northeast,Sakon Nakhon,Jun,1901302,1859330,100,90,1172,4.83
P02579,Policy Development,Northeast,Sakon Nakhon,Jun,512108,494943,100,97,2784,3.88
P02580,Network Strengthening,Northeast,Sakon Nakhon,Jun,1207916,1115246,100,77,623,4.32
P02581,Community Health,Northeast,Sakon Nakhon,Jul,602465,547373,100,65,1733,3.81
P02582,Elderly Care,Northeast,Sakon Nakhon,Jul,556669,475280,100,95,1909,4.07
P02583,Mental Health,Northeast,Sakon Nakhon,Jul,1540129,1174573,100,60,1165,4.14
P02584,Healthy School,Northeast,Sakon Nakhon,Jul,1548375,1433628,100,72,1085,3.51
P02585,Food Safety,Northeast,Sakon Nakhon,Jul,954609,870464,100,70,2792,4.69
P02586,NCD Prevention,Northeast,Sakon Nakhon,Jul,1389500,1242050,100,79,1881,3.92
P02587,Health Data,Northeast,Sakon Nakhon,Jul,745445,573940,100,80,1864,4.14
P02588,Health Promotion,Northeast,Sakon Nakhon,Jul,1876250,1514422,100,98,663,3.68
P02589,Policy Development,Northeast,Sakon Nakhon,Jul,1034252,801429,100,79,779,3.75
P02590,Network Strengthening,Northeast,Sakon Nakhon,Jul,715680,540111,100,65,1971,3.88
P02591,Community Health,Northeast,Sakon Nakhon,Aug,811990,701684,100,76,1659,4.86
P02592,Elderly Care,Northeast,Sakon Nakhon,Aug,1138420,890239,100,80,833,4.08
P02593,Mental Health,Northeast,Sakon Nakhon,Aug,1529109,1224459,100,67,2477,4.63
P02594,Healthy School,Northeast,Sakon Nakhon,Aug,1432370,1322099,100,88,1341,4.52
P02595,Food Safety,Northeast,Sakon Nakhon,Aug,1948441,1425813,100,60,1505,4.05
P02596,NCD Prevention,Northeast,Sakon Nakhon,Aug,553431,404023,100,68,2585,3.9
P02597,Health Data,Northeast,Sakon Nakhon,Aug,1385902,1325400,100,97,2504,4.97
P02598,Health Promotion,Northeast,Sakon Nakhon,Aug,930226,759771,100,63,171,4.44
P02599,Policy Development,Northeast,Sakon Nakhon,Aug,785971,751487,100,85,1087,4.0
P02600,Network Strengthening,Northeast,Sakon Nakhon,Aug,600683,599825,100,69,2538,4.1
P02601,Community Health,Northeast,Sakon Nakhon,Sep,1581478,1465444,100,90,2873,3.68
P02602,Elderly Care,Northeast,Sakon Nakhon,Sep,1234070,1200202,100,61,2444,4.84
P02603,Mental Health,Northeast,Sakon Nakhon,Sep,759427,537870,100,85,360,4.33
P02604,Healthy School,Northeast,Sakon Nakhon,Sep,1172698,987594,100,91,1890,4.63
P02605,Food Safety,Northeast,Sakon Nakhon,Sep,804895,662530,100,72,520,4.12
P02606,NCD Prevention,Northeast,Sakon Nakhon,Sep,1923371,1800775,100,71,572,4.49
P02607,Health Data,Northeast,Sakon Nakhon,Sep,1961176,1577672,100,73,290,4.4
P02608,Health Promotion,Northeast,Sakon Nakhon,Sep,784883,678257,100,94,2000,4.41
P02609,Policy Development,Northeast,Sakon Nakhon,Sep,1230428,1098872,100,64,2309,4.22
P02610,Network Strengthening,Northeast,Sakon Nakhon,Sep,919994,907137,100,93,2127,3.85
P02611,Community Health,Northeast,Sakon Nakhon,Oct,880541,842665,100,95,2606,4.22
P02612,Elderly Care,Northeast,Sakon Nakhon,Oct,668074,516606,100,64,1817,3.78
P02613,Mental Health,Northeast,Sakon Nakhon,Oct,1549074,1389484,100,93,890,4.13
P02614,Healthy School,Northeast,Sakon Nakhon,Oct,1562936,1168670,100,67,1757,4.02
P02615,Food Safety,Northeast,Sakon Nakhon,Oct,1398028,1323395,100,90,573,4.61
P02616,NCD Prevention,Northeast,Sakon Nakhon,Oct,890925,735829,100,87,2228,3.69
P02617,Health Data,Northeast,Sakon Nakhon,Oct,1788861,1785736,100,70,1904,4.67
P02618,Health Promotion,Northeast,Sakon Nakhon,Oct,1964457,1727038,100,80,2026,3.62
P02619,Policy Development,Northeast,Sakon Nakhon,Oct,1590719,1216087,100,60,2863,4.29
P02620,Network Strengthening,Northeast,Sakon Nakhon,Oct,1609804,1529384,100,70,848,3.76
P02621,Community Health,Northeast,Sakon Nakhon,Nov,951272,694685,100,99,1209,4.24
P02622,Elderly Care,Northeast,Sakon Nakhon,Nov,615208,545909,100,100,2277,3.75
P02623,Mental Health,Northeast,Sakon Nakhon,Nov,1323063,1108768,100,93,1370,4.0
P02624,Healthy School,Northeast,Sakon Nakhon,Nov,794715,580347,100,89,631,4.96
P02625,Food Safety,Northeast,Sakon Nakhon,Nov,682960,653480,100,65,1164,3.88
P02626,NCD Prevention,Northeast,Sakon Nakhon,Nov,649612,638329,100,71,2790,3.92
P02627,Health Data,Northeast,Sakon Nakhon,Nov,1526577,1212921,100,62,2798,4.56
P02628,Health Promotion,Northeast,Sakon Nakhon,Nov,606302,576962,100,90,2464,3.92
P02629,Policy Development,Northeast,Sakon Nakhon,Nov,1787093,1450717,100,84,1739,4.91
P02630,Network Strengthening,Northeast,Sakon Nakhon,Nov,609285,504744,100,80,2327,4.43
P02631,Community Health,Northeast,Sakon Nakhon,Dec,1622208,1466836,100,64,2896,4.04
P02632,Elderly Care,Northeast,Sakon Nakhon,Dec,1423903,1218664,100,80,1705,3.71
P02633,Mental Health,Northeast,Sakon Nakhon,Dec,1125191,971350,100,78,1539,4.12
P02634,Healthy School,Northeast,Sakon Nakhon,Dec,1256089,1215340,100,98,1300,4.42
P02635,Food Safety,Northeast,Sakon Nakhon,Dec,1382573,1073541,100,99,2650,4.33
P02636,NCD Prevention,Northeast,Sakon Nakhon,Dec,501476,470976,100,64,2224,4.6
P02637,Health Data,Northeast,Sakon Nakhon,Dec,912046,861310,100,60,2089,4.6
P02638,Health Promotion,Northeast,Sakon Nakhon,Dec,1550039,1294095,100,84,2727,4.89
P02639,Policy Development,Northeast,Sakon Nakhon,Dec,1942733,1635152,100,87,1752,4.18
P02640,Network Strengthening,Northeast,Sakon Nakhon,Dec,519845,380603,100,67,2999,4.64
P02641,Community Health,Northeast,Kalasin,Jan,709760,553713,100,82,2549,4.65
P02642,Elderly Care,Northeast,Kalasin,Jan,1595811,1381864,100,73,1541,4.77
P02643,Mental Health,Northeast,Kalasin,Jan,1798889,1430130,100,63,797,3.61
P02644,Healthy School,Northeast,Kalasin,Jan,793195,670500,100,94,779,4.84
P02645,Food Safety,Northeast,Kalasin,Jan,1883586,1398503,100,76,1237,4.15
P02646,NCD Prevention,Northeast,Kalasin,Jan,565460,517609,100,97,1304,3.53
P02647,Health Data,Northeast,Kalasin,Jan,1323414,1279903,100,79,1505,4.45
P02648,Health Promotion,Northeast,Kalasin,Jan,980508,858686,100,74,1623,3.52
P02649,Policy Development,Northeast,Kalasin,Jan,1156311,913563,100,70,2559,4.03
P02650,Network Strengthening,Northeast,Kalasin,Jan,1072897,865438,100,74,2718,4.7
P02651,Community Health,Northeast,Kalasin,Feb,1788696,1468681,100,65,2607,4.65
P02652,Elderly Care,Northeast,Kalasin,Feb,621184,567370,100,74,1601,3.6
P02653,Mental Health,Northeast,Kalasin,Feb,568062,440363,100,91,1948,4.17
P02654,Healthy School,Northeast,Kalasin,Feb,821145,612956,100,73,2003,4.99
P02655,Food Safety,Northeast,Kalasin,Feb,1172146,1085577,100,88,1391,3.94
P02656,NCD Prevention,Northeast,Kalasin,Feb,581485,416874,100,75,881,4.72
P02657,Health Data,Northeast,Kalasin,Feb,1394178,1157229,100,73,628,3.93
P02658,Health Promotion,Northeast,Kalasin,Feb,1171678,897019,100,86,1108,4.92
P02659,Policy Development,Northeast,Kalasin,Feb,1160093,1154506,100,90,2181,4.41
P02660,Network Strengthening,Northeast,Kalasin,Feb,1458443,1438557,100,82,2878,4.08
P02661,Community Health,Northeast,Kalasin,Mar,989187,734664,100,71,1518,3.76
P02662,Elderly Care,Northeast,Kalasin,Mar,1382177,972494,100,93,2798,4.24
P02663,Mental Health,Northeast,Kalasin,Mar,1756132,1464169,100,76,2868,3.55
P02664,Healthy School,Northeast,Kalasin,Mar,899703,732135,100,78,530,3.68
P02665,Food Safety,Northeast,Kalasin,Mar,1757154,1335439,100,90,268,4.18
P02666,NCD Prevention,Northeast,Kalasin,Mar,1087257,869178,100,90,676,4.67
P02667,Health Data,Northeast,Kalasin,Mar,1612457,1329900,100,66,2008,4.01
P02668,Health Promotion,Northeast,Kalasin,Mar,807950,653612,100,75,614,4.39
P02669,Policy Development,Northeast,Kalasin,Mar,1929224,1476983,100,72,1750,3.75
P02670,Network Strengthening,Northeast,Kalasin,Mar,958520,883952,100,95,1395,4.5
P02671,Community Health,Northeast,Kalasin,Apr,1219350,1022554,100,89,384,4.38
P02672,Elderly Care,Northeast,Kalasin,Apr,1984919,1521920,100,93,2966,3.63
P02673,Mental Health,Northeast,Kalasin,Apr,805368,788026,100,87,507,4.47
P02674,Healthy School,Northeast,Kalasin,Apr,1009807,932134,100,69,1496,3.72
P02675,Food Safety,Northeast,Kalasin,Apr,1211676,1137028,100,61,2300,4.72
P02676,NCD Prevention,Northeast,Kalasin,Apr,1871034,1454769,100,87,1322,3.95
P02677,Health Data,Northeast,Kalasin,Apr,1689248,1614222,100,72,1849,4.82
P02678,Health Promotion,Northeast,Kalasin,Apr,726116,567487,100,79,1952,3.83
P02679,Policy Development,Northeast,Kalasin,Apr,1367633,1081665,100,87,902,3.87
P02680,Network Strengthening,Northeast,Kalasin,Apr,1176940,1163053,100,83,296,3.86
P02681,Community Health,Northeast,Kalasin,May,1887764,1845979,100,90,1182,4.81
P02682,Elderly Care,Northeast,Kalasin,May,1240745,1002957,100,83,514,4.98
P02683,Mental Health,Northeast,Kalasin,May,1631332,1328697,100,61,2049,4.06
P02684,Healthy School,Northeast,Kalasin,May,1930996,1411615,100,86,2502,3.6
P02685,Food Safety,Northeast,Kalasin,May,1410042,1140166,100,61,1633,3.66
P02686,NCD Prevention,Northeast,Kalasin,May,570002,533327,100,80,2659,3.74
P02687,Health Data,Northeast,Kalasin,May,980449,955852,100,77,1720,4.86
P02688,Health Promotion,Northeast,Kalasin,May,622365,567830,100,98,2698,4.17
P02689,Policy Development,Northeast,Kalasin,May,1091973,995784,100,69,871,3.73
P02690,Network Strengthening,Northeast,Kalasin,May,772062,540988,100,69,498,4.42
P02691,Community Health,Northeast,Kalasin,Jun,1567579,1354431,100,87,2726,3.98
P02692,Elderly Care,Northeast,Kalasin,Jun,612593,485188,100,61,2018,3.7
P02693,Mental Health,Northeast,Kalasin,Jun,1038216,844121,100,79,1846,3.63
P02694,Healthy School,Northeast,Kalasin,Jun,1680881,1298682,100,75,1690,4.98
P02695,Food Safety,Northeast,Kalasin,Jun,1327185,1157777,100,95,248,3.88
P02696,NCD Prevention,Northeast,Kalasin,Jun,1563478,1470521,100,99,1482,4.36
P02697,Health Data,Northeast,Kalasin,Jun,1726523,1346357,100,71,803,4.8
P02698,Health Promotion,Northeast,Kalasin,Jun,1256291,1242895,100,77,2023,4.47
P02699,Policy Development,Northeast,Kalasin,Jun,1469919,1369917,100,74,1664,3.97
P02700,Network Strengthening,Northeast,Kalasin,Jun,720992,582863,100,67,2718,4.64
P02701,Community Health,Northeast,Kalasin,Jul,1660199,1471380,100,62,2139,3.87
P02702,Elderly Care,Northeast,Kalasin,Jul,615679,577833,100,74,477,3.52
P02703,Mental Health,Northeast,Kalasin,Jul,752501,675928,100,97,2746,4.73
P02704,Healthy School,Northeast,Kalasin,Jul,1212312,915850,100,83,1595,4.13
P02705,Food Safety,Northeast,Kalasin,Jul,1862471,1424246,100,72,2035,4.92
P02706,NCD Prevention,Northeast,Kalasin,Jul,1829175,1601552,100,99,918,4.58
P02707,Health Data,Northeast,Kalasin,Jul,919091,731479,100,78,1982,4.34
P02708,Health Promotion,Northeast,Kalasin,Jul,600489,500777,100,63,2826,3.75
P02709,Policy Development,Northeast,Kalasin,Jul,728391,613747,100,89,572,3.56
P02710,Network Strengthening,Northeast,Kalasin,Jul,1579521,1168753,100,74,2813,4.9
P02711,Community Health,Northeast,Kalasin,Aug,829774,771802,100,72,2818,4.48
P02712,Elderly Care,Northeast,Kalasin,Aug,1182870,918444,100,64,1245,3.88
P02713,Mental Health,Northeast,Kalasin,Aug,1056423,779527,100,73,1485,4.29
P02714,Healthy School,Northeast,Kalasin,Aug,1202155,980547,100,84,2833,3.73
P02715,Food Safety,Northeast,Kalasin,Aug,1415368,1009344,100,90,2359,3.95
P02716,NCD Prevention,Northeast,Kalasin,Aug,1216378,876300,100,61,2583,4.86
P02717,Health Data,Northeast,Kalasin,Aug,785881,613498,100,80,2406,4.88
P02718,Health Promotion,Northeast,Kalasin,Aug,1759322,1369407,100,66,2528,3.62
P02719,Policy Development,Northeast,Kalasin,Aug,1028701,880767,100,72,679,3.92
P02720,Network Strengthening,Northeast,Kalasin,Aug,968501,691126,100,74,2900,3.8
P02721,Community Health,Northeast,Kalasin,Sep,1326753,1049234,100,92,878,3.99
P02722,Elderly Care,Northeast,Kalasin,Sep,907671,684826,100,74,2400,3.61
P02723,Mental Health,Northeast,Kalasin,Sep,1935443,1532981,100,89,1313,3.5
P02724,Healthy School,Northeast,Kalasin,Sep,866144,832323,100,67,1194,3.59
P02725,Food Safety,Northeast,Kalasin,Sep,1730846,1254285,100,95,2071,3.55
P02726,NCD Prevention,Northeast,Kalasin,Sep,1538479,1329243,100,95,1095,4.04
P02727,Health Data,Northeast,Kalasin,Sep,1833317,1485652,100,64,1199,3.7
P02728,Health Promotion,Northeast,Kalasin,Sep,1096833,969326,100,93,1696,4.12
P02729,Policy Development,Northeast,Kalasin,Sep,1472021,1319331,100,74,2980,4.27
P02730,Network Strengthening,Northeast,Kalasin,Sep,1441167,1397840,100,66,578,4.37
P02731,Community Health,Northeast,Kalasin,Oct,896024,862027,100,79,1932,4.44
P02732,Elderly Care,Northeast,Kalasin,Oct,1100888,978430,100,86,670,4.04
P02733,Mental Health,Northeast,Kalasin,Oct,827623,702654,100,62,2596,4.83
P02734,Healthy School,Northeast,Kalasin,Oct,1773763,1577827,100,82,2608,4.35
P02735,Food Safety,Northeast,Kalasin,Oct,1326252,1095759,100,77,2721,4.62
P02736,NCD Prevention,Northeast,Kalasin,Oct,913498,771575,100,95,555,4.48
P02737,Health Data,Northeast,Kalasin,Oct,891652,666490,100,91,782,4.34
P02738,Health Promotion,Northeast,Kalasin,Oct,1315326,1186328,100,78,1010,3.93
P02739,Policy Development,Northeast,Kalasin,Oct,1043154,964426,100,94,225,4.25
P02740,Network Strengthening,Northeast,Kalasin,Oct,1781216,1446731,100,78,1954,3.68
P02741,Community Health,Northeast,Kalasin,Nov,1456668,1428727,100,82,2854,3.55
P02742,Elderly Care,Northeast,Kalasin,Nov,842997,772093,100,64,2508,4.71
P02743,Mental Health,Northeast,Kalasin,Nov,1808988,1316283,100,92,504,4.43
P02744,Healthy School,Northeast,Kalasin,Nov,1854948,1604256,100,90,414,3.93
P02745,Food Safety,Northeast,Kalasin,Nov,767429,549401,100,65,2335,4.8
P02746,NCD Prevention,Northeast,Kalasin,Nov,1903180,1631624,100,96,2776,4.81
P02747,Health Data,Northeast,Kalasin,Nov,1403058,1072866,100,98,1657,3.86
P02748,Health Promotion,Northeast,Kalasin,Nov,733012,544646,100,76,509,4.54
P02749,Policy Development,Northeast,Kalasin,Nov,1320877,1156885,100,79,1971,4.12
P02750,Network Strengthening,Northeast,Kalasin,Nov,1252531,912311,100,99,324,4.77
P02751,Community Health,Northeast,Kalasin,Dec,1891067,1334277,100,77,2359,4.09
P02752,Elderly Care,Northeast,Kalasin,Dec,1501100,1459381,100,99,651,4.26
P02753,Mental Health,Northeast,Kalasin,Dec,969113,694338,100,78,1522,3.9
P02754,Healthy School,Northeast,Kalasin,Dec,1045722,947384,100,63,2625,4.76
P02755,Food Safety,Northeast,Kalasin,Dec,1004376,929809,100,95,2664,3.99
P02756,NCD Prevention,Northeast,Kalasin,Dec,1895617,1414380,100,72,282,4.86
P02757,Health Data,Northeast,Kalasin,Dec,1611610,1550425,100,96,1737,3.89
P02758,Health Promotion,Northeast,Kalasin,Dec,536591,511570,100,97,1474,4.65
P02759,Policy Development,Northeast,Kalasin,Dec,844168,669165,100,85,304,4.12
P02760,Network Strengthening,Northeast,Kalasin,Dec,616588,564525,100,98,2190,4.83
P02761,Community Health,Northeast,Roi Et,Jan,1883944,1348166,100,98,1745,4.6
P02762,Elderly Care,Northeast,Roi Et,Jan,855425,762284,100,83,2162,3.54
P02763,Mental Health,Northeast,Roi Et,Jan,1621023,1409949,100,81,2631,3.5
P02764,Healthy School,Northeast,Roi Et,Jan,538550,490159,100,86,1781,4.03
P02765,Food Safety,Northeast,Roi Et,Jan,1338740,1306527,100,97,1254,4.76
P02766,NCD Prevention,Northeast,Roi Et,Jan,600883,525351,100,77,1764,3.53
P02767,Health Data,Northeast,Roi Et,Jan,1305926,1269310,100,73,1663,4.71
P02768,Health Promotion,Northeast,Roi Et,Jan,577260,513329,100,60,910,3.62
P02769,Policy Development,Northeast,Roi Et,Jan,991215,760961,100,94,2986,4.61
P02770,Network Strengthening,Northeast,Roi Et,Jan,1898999,1676647,100,84,1935,4.46
P02771,Community Health,Northeast,Roi Et,Feb,1763358,1696721,100,80,410,3.7
P02772,Elderly Care,Northeast,Roi Et,Feb,995521,757294,100,63,1498,3.51
P02773,Mental Health,Northeast,Roi Et,Feb,1483664,1063452,100,95,911,3.63
P02774,Healthy School,Northeast,Roi Et,Feb,1632180,1268488,100,95,1757,3.82
P02775,Food Safety,Northeast,Roi Et,Feb,1298844,1167406,100,77,2401,3.72
P02776,NCD Prevention,Northeast,Roi Et,Feb,1130682,821956,100,67,1218,3.59
P02777,Health Data,Northeast,Roi Et,Feb,751663,662338,100,62,468,4.09
P02778,Health Promotion,Northeast,Roi Et,Feb,1935459,1642368,100,75,402,4.2
P02779,Policy Development,Northeast,Roi Et,Feb,839457,682465,100,62,1493,4.14
P02780,Network Strengthening,Northeast,Roi Et,Feb,1132552,899944,100,94,847,4.44
P02781,Community Health,Northeast,Roi Et,Mar,785145,756734,100,70,913,4.6
P02782,Elderly Care,Northeast,Roi Et,Mar,868438,740745,100,69,498,4.44
P02783,Mental Health,Northeast,Roi Et,Mar,1724479,1355309,100,71,2998,3.79
P02784,Healthy School,Northeast,Roi Et,Mar,1997398,1499692,100,75,1868,3.75
P02785,Food Safety,Northeast,Roi Et,Mar,1575334,1229920,100,79,1052,4.49
P02786,NCD Prevention,Northeast,Roi Et,Mar,1425995,1103824,100,82,282,3.73
P02787,Health Data,Northeast,Roi Et,Mar,1862468,1741262,100,62,2979,3.95
P02788,Health Promotion,Northeast,Roi Et,Mar,1170371,1026360,100,76,1155,3.65
P02789,Policy Development,Northeast,Roi Et,Mar,1350923,1011389,100,73,948,4.72
P02790,Network Strengthening,Northeast,Roi Et,Mar,834283,686093,100,76,1422,4.85
P02791,Community Health,Northeast,Roi Et,Apr,1099213,1010843,100,94,571,3.77
P02792,Elderly Care,Northeast,Roi Et,Apr,1735280,1479477,100,91,669,3.62
P02793,Mental Health,Northeast,Roi Et,Apr,1716216,1595373,100,77,1762,4.15
P02794,Healthy School,Northeast,Roi Et,Apr,558662,539186,100,79,2725,3.77
P02795,Food Safety,Northeast,Roi Et,Apr,1484016,1147670,100,76,2478,4.86
P02796,NCD Prevention,Northeast,Roi Et,Apr,716416,513715,100,68,2899,4.42
P02797,Health Data,Northeast,Roi Et,Apr,1981271,1498859,100,91,199,4.43
P02798,Health Promotion,Northeast,Roi Et,Apr,971532,861301,100,99,1438,3.51
P02799,Policy Development,Northeast,Roi Et,Apr,723581,683019,100,100,2045,4.47
P02800,Network Strengthening,Northeast,Roi Et,Apr,1724674,1309919,100,95,2923,4.05
P02801,Community Health,Northeast,Roi Et,May,1724108,1394856,100,67,1088,4.53
P02802,Elderly Care,Northeast,Roi Et,May,679448,484310,100,97,903,3.56
P02803,Mental Health,Northeast,Roi Et,May,1919346,1624028,100,92,299,4.12
P02804,Healthy School,Northeast,Roi Et,May,1189620,1116762,100,93,2959,4.47
P02805,Food Safety,Northeast,Roi Et,May,1439986,1348324,100,91,987,4.39
P02806,NCD Prevention,Northeast,Roi Et,May,1656730,1368263,100,84,1236,3.74
P02807,Health Data,Northeast,Roi Et,May,933101,717421,100,89,870,4.46
P02808,Health Promotion,Northeast,Roi Et,May,1477964,1150784,100,88,2373,4.63
P02809,Policy Development,Northeast,Roi Et,May,939007,897196,100,69,1239,4.64
P02810,Network Strengthening,Northeast,Roi Et,May,745912,586678,100,99,452,4.56
P02811,Community Health,Northeast,Roi Et,Jun,532281,460660,100,84,2860,3.9
P02812,Elderly Care,Northeast,Roi Et,Jun,1417695,1094533,100,67,2670,4.67
P02813,Mental Health,Northeast,Roi Et,Jun,1906758,1351625,100,99,2235,3.71
P02814,Healthy School,Northeast,Roi Et,Jun,1594848,1587834,100,78,563,4.49
P02815,Food Safety,Northeast,Roi Et,Jun,816211,628424,100,81,2013,3.84
P02816,NCD Prevention,Northeast,Roi Et,Jun,1713423,1690748,100,100,2500,3.57
P02817,Health Data,Northeast,Roi Et,Jun,1168333,904680,100,99,471,4.48
P02818,Health Promotion,Northeast,Roi Et,Jun,1573479,1155576,100,97,704,4.93
P02819,Policy Development,Northeast,Roi Et,Jun,1746016,1573833,100,100,1332,3.94
P02820,Network Strengthening,Northeast,Roi Et,Jun,1778555,1502332,100,98,1680,4.47
P02821,Community Health,Northeast,Roi Et,Jul,591135,489687,100,81,1063,5.0
P02822,Elderly Care,Northeast,Roi Et,Jul,1761840,1582646,100,100,2601,4.08
P02823,Mental Health,Northeast,Roi Et,Jul,911596,898069,100,99,1698,4.69
P02824,Healthy School,Northeast,Roi Et,Jul,1285601,1041434,100,87,543,4.31
P02825,Food Safety,Northeast,Roi Et,Jul,1626972,1350446,100,94,1938,3.73
P02826,NCD Prevention,Northeast,Roi Et,Jul,1538241,1445673,100,97,1423,4.06
P02827,Health Data,Northeast,Roi Et,Jul,804411,709458,100,86,2483,3.8
P02828,Health Promotion,Northeast,Roi Et,Jul,687017,595901,100,98,171,4.09
P02829,Policy Development,Northeast,Roi Et,Jul,854538,838319,100,90,2081,4.97
P02830,Network Strengthening,Northeast,Roi Et,Jul,1809856,1809075,100,68,238,4.73
P02831,Community Health,Northeast,Roi Et,Aug,1595947,1586311,100,87,2787,4.77
P02832,Elderly Care,Northeast,Roi Et,Aug,660426,474033,100,90,1217,4.12
P02833,Mental Health,Northeast,Roi Et,Aug,1524884,1230762,100,71,2586,3.54
P02834,Healthy School,Northeast,Roi Et,Aug,1999764,1662599,100,78,830,4.28
P02835,Food Safety,Northeast,Roi Et,Aug,1881412,1508828,100,76,2798,4.29
P02836,NCD Prevention,Northeast,Roi Et,Aug,917697,674550,100,79,2528,3.8
P02837,Health Data,Northeast,Roi Et,Aug,572643,469529,100,99,1859,3.81
P02838,Health Promotion,Northeast,Roi Et,Aug,855328,847145,100,73,2161,3.54
P02839,Policy Development,Northeast,Roi Et,Aug,1591791,1169389,100,63,1884,4.13
P02840,Network Strengthening,Northeast,Roi Et,Aug,1437595,1046241,100,72,2540,3.69
P02841,Community Health,Northeast,Roi Et,Sep,1057572,880611,100,60,1564,3.72
P02842,Elderly Care,Northeast,Roi Et,Sep,724182,640238,100,63,2297,3.9
P02843,Mental Health,Northeast,Roi Et,Sep,1549061,1333507,100,85,1871,5.0
P02844,Healthy School,Northeast,Roi Et,Sep,1090230,960610,100,71,361,4.65
P02845,Food Safety,Northeast,Roi Et,Sep,1023906,865337,100,98,341,4.89
P02846,NCD Prevention,Northeast,Roi Et,Sep,1099750,893386,100,81,1635,4.19
P02847,Health Data,Northeast,Roi Et,Sep,1181034,935098,100,96,654,4.5
P02848,Health Promotion,Northeast,Roi Et,Sep,1294060,1111510,100,97,1285,3.53
P02849,Policy Development,Northeast,Roi Et,Sep,1994132,1528136,100,63,1148,3.56
P02850,Network Strengthening,Northeast,Roi Et,Sep,1635737,1488619,100,84,1403,3.76
P02851,Community Health,Northeast,Roi Et,Oct,1177183,1121482,100,67,1430,4.86
P02852,Elderly Care,Northeast,Roi Et,Oct,1671820,1322259,100,99,2873,4.02
P02853,Mental Health,Northeast,Roi Et,Oct,1497227,1274187,100,88,890,4.99
P02854,Healthy School,Northeast,Roi Et,Oct,1894765,1611932,100,83,1597,3.65
P02855,Food Safety,Northeast,Roi Et,Oct,1349350,1312212,100,74,357,4.39
P02856,NCD Prevention,Northeast,Roi Et,Oct,820456,653905,100,82,2934,4.44
P02857,Health Data,Northeast,Roi Et,Oct,535570,376383,100,88,1058,4.2
P02858,Health Promotion,Northeast,Roi Et,Oct,1660660,1537613,100,92,1476,4.14
P02859,Policy Development,Northeast,Roi Et,Oct,1076911,976679,100,73,512,4.38
P02860,Network Strengthening,Northeast,Roi Et,Oct,1664218,1305829,100,85,2041,3.61
P02861,Community Health,Northeast,Roi Et,Nov,745724,629875,100,83,532,4.9
P02862,Elderly Care,Northeast,Roi Et,Nov,1894521,1436690,100,68,447,4.36
P02863,Mental Health,Northeast,Roi Et,Nov,1412239,1261246,100,84,1113,4.08
P02864,Healthy School,Northeast,Roi Et,Nov,1251204,1130380,100,92,1690,4.58
P02865,Food Safety,Northeast,Roi Et,Nov,1721718,1409311,100,75,1471,4.14
P02866,NCD Prevention,Northeast,Roi Et,Nov,1553224,1360800,100,87,1038,4.56
P02867,Health Data,Northeast,Roi Et,Nov,1606605,1273976,100,99,188,4.61
P02868,Health Promotion,Northeast,Roi Et,Nov,1354377,1037603,100,85,986,4.24
P02869,Policy Development,Northeast,Roi Et,Nov,1867555,1588994,100,97,437,3.96
P02870,Network Strengthening,Northeast,Roi Et,Nov,815495,627619,100,78,2880,4.11
P02871,Community Health,Northeast,Roi Et,Dec,1155268,835356,100,81,301,4.78
P02872,Elderly Care,Northeast,Roi Et,Dec,935983,685693,100,64,1605,4.8
P02873,Mental Health,Northeast,Roi Et,Dec,1858050,1390953,100,93,1020,4.26
P02874,Healthy School,Northeast,Roi Et,Dec,599498,425434,100,69,2847,4.47
P02875,Food Safety,Northeast,Roi Et,Dec,1768285,1684474,100,85,2467,4.66
P02876,NCD Prevention,Northeast,Roi Et,Dec,1198623,853195,100,78,1581,3.79
P02877,Health Data,Northeast,Roi Et,Dec,1264867,960478,100,92,1555,4.96
P02878,Health Promotion,Northeast,Roi Et,Dec,1040890,972225,100,97,2481,4.91
P02879,Policy Development,Northeast,Roi Et,Dec,1346293,1187936,100,68,2687,3.52
P02880,Network Strengthening,Northeast,Roi Et,Dec,1969983,1751712,100,76,262,4.84
P02881,Community Health,Northeast,Mukdahan,Jan,1375201,1315857,100,70,2175,4.67
P02882,Elderly Care,Northeast,Mukdahan,Jan,763402,595274,100,78,966,4.97
P02883,Mental Health,Northeast,Mukdahan,Jan,503010,473709,100,76,2665,4.84
P02884,Healthy School,Northeast,Mukdahan,Jan,1581314,1168831,100,98,2451,3.76
P02885,Food Safety,Northeast,Mukdahan,Jan,673532,518691,100,62,2677,4.83
P02886,NCD Prevention,Northeast,Mukdahan,Jan,1428847,1350679,100,80,1649,4.96
P02887,Health Data,Northeast,Mukdahan,Jan,896737,646218,100,95,2715,4.53
P02888,Health Promotion,Northeast,Mukdahan,Jan,924113,756082,100,96,2974,4.77
P02889,Policy Development,Northeast,Mukdahan,Jan,862957,673532,100,82,2307,4.65
P02890,Network Strengthening,Northeast,Mukdahan,Jan,1353629,1206280,100,89,2575,4.46
P02891,Community Health,Northeast,Mukdahan,Feb,1728285,1405178,100,89,2265,4.29
P02892,Elderly Care,Northeast,Mukdahan,Feb,1358773,1039799,100,84,2365,4.16
P02893,Mental Health,Northeast,Mukdahan,Feb,1151339,877604,100,79,166,3.67
P02894,Healthy School,Northeast,Mukdahan,Feb,520904,397203,100,71,429,4.39
P02895,Food Safety,Northeast,Mukdahan,Feb,1266292,890658,100,62,2259,3.95
P02896,NCD Prevention,Northeast,Mukdahan,Feb,1544957,1390896,100,66,1502,3.97
P02897,Health Data,Northeast,Mukdahan,Feb,1028563,744629,100,97,889,4.55
P02898,Health Promotion,Northeast,Mukdahan,Feb,1132052,821918,100,86,565,4.07
P02899,Policy Development,Northeast,Mukdahan,Feb,1060972,835006,100,70,2447,4.7
P02900,Network Strengthening,Northeast,Mukdahan,Feb,1845925,1349506,100,94,2042,4.04
P02901,Community Health,Northeast,Mukdahan,Mar,1032946,926709,100,61,1335,4.84
P02902,Elderly Care,Northeast,Mukdahan,Mar,1580495,1283325,100,67,680,4.28
P02903,Mental Health,Northeast,Mukdahan,Mar,1713205,1456170,100,69,1884,4.42
P02904,Healthy School,Northeast,Mukdahan,Mar,1702880,1513965,100,91,2462,4.53
P02905,Food Safety,Northeast,Mukdahan,Mar,1899073,1704144,100,66,2125,4.27
P02906,NCD Prevention,Northeast,Mukdahan,Mar,1410385,1065648,100,74,2783,3.98
P02907,Health Data,Northeast,Mukdahan,Mar,1437871,1022515,100,69,929,4.48
P02908,Health Promotion,Northeast,Mukdahan,Mar,1403731,1070216,100,89,663,3.88
P02909,Policy Development,Northeast,Mukdahan,Mar,1702175,1574173,100,100,804,5.0
P02910,Network Strengthening,Northeast,Mukdahan,Mar,1382670,996776,100,94,330,3.73
P02911,Community Health,Northeast,Mukdahan,Apr,913472,870552,100,69,1024,3.64
P02912,Elderly Care,Northeast,Mukdahan,Apr,1483431,1140969,100,99,827,4.49
P02913,Mental Health,Northeast,Mukdahan,Apr,1108602,859894,100,75,1225,4.04
P02914,Healthy School,Northeast,Mukdahan,Apr,971962,825072,100,82,1830,3.91
P02915,Food Safety,Northeast,Mukdahan,Apr,1327324,1149033,100,92,1932,3.84
P02916,NCD Prevention,Northeast,Mukdahan,Apr,1429748,1026066,100,95,2791,5.0
P02917,Health Data,Northeast,Mukdahan,Apr,1067319,886297,100,96,1588,4.49
P02918,Health Promotion,Northeast,Mukdahan,Apr,777917,665551,100,94,1785,3.96
P02919,Policy Development,Northeast,Mukdahan,Apr,1960632,1627627,100,82,844,4.56
P02920,Network Strengthening,Northeast,Mukdahan,Apr,1933248,1839110,100,69,223,4.09
P02921,Community Health,Northeast,Mukdahan,May,1976003,1554098,100,96,2584,4.96
P02922,Elderly Care,Northeast,Mukdahan,May,1906018,1892695,100,83,2404,4.34
P02923,Mental Health,Northeast,Mukdahan,May,1737345,1489486,100,92,1831,4.36
P02924,Healthy School,Northeast,Mukdahan,May,915191,706249,100,61,421,4.97
P02925,Food Safety,Northeast,Mukdahan,May,1351780,1205486,100,98,1988,4.49
P02926,NCD Prevention,Northeast,Mukdahan,May,1950339,1678298,100,67,1955,3.85
P02927,Health Data,Northeast,Mukdahan,May,1896622,1521338,100,65,1903,4.52
P02928,Health Promotion,Northeast,Mukdahan,May,1858420,1451243,100,97,825,4.92
P02929,Policy Development,Northeast,Mukdahan,May,1764854,1259801,100,87,2950,4.66
P02930,Network Strengthening,Northeast,Mukdahan,May,701302,549268,100,91,1181,4.02
P02931,Community Health,Northeast,Mukdahan,Jun,768425,663850,100,98,409,3.56
P02932,Elderly Care,Northeast,Mukdahan,Jun,953307,773875,100,64,1906,3.93
P02933,Mental Health,Northeast,Mukdahan,Jun,1132595,911601,100,91,2257,4.67
P02934,Healthy School,Northeast,Mukdahan,Jun,1161759,987624,100,86,1879,4.32
P02935,Food Safety,Northeast,Mukdahan,Jun,1390143,1309677,100,71,1944,4.32
P02936,NCD Prevention,Northeast,Mukdahan,Jun,1803339,1647235,100,94,2279,3.82
P02937,Health Data,Northeast,Mukdahan,Jun,1343283,1281390,100,83,979,3.67
P02938,Health Promotion,Northeast,Mukdahan,Jun,1909190,1835868,100,99,1380,3.92
P02939,Policy Development,Northeast,Mukdahan,Jun,1620254,1247862,100,82,2411,4.08
P02940,Network Strengthening,Northeast,Mukdahan,Jun,1147512,1142724,100,88,2580,4.55
P02941,Community Health,Northeast,Mukdahan,Jul,580276,527078,100,97,515,3.78
P02942,Elderly Care,Northeast,Mukdahan,Jul,1727694,1640218,100,99,2698,4.98
P02943,Mental Health,Northeast,Mukdahan,Jul,854472,786157,100,71,2909,4.82
P02944,Healthy School,Northeast,Mukdahan,Jul,953745,714127,100,83,778,4.79
P02945,Food Safety,Northeast,Mukdahan,Jul,1913190,1830790,100,62,633,4.82
P02946,NCD Prevention,Northeast,Mukdahan,Jul,1350286,1022583,100,61,497,4.81
P02947,Health Data,Northeast,Mukdahan,Jul,702342,626917,100,82,2436,3.81
P02948,Health Promotion,Northeast,Mukdahan,Jul,775687,576042,100,78,2345,4.25
P02949,Policy Development,Northeast,Mukdahan,Jul,910234,844287,100,87,1933,4.25
P02950,Network Strengthening,Northeast,Mukdahan,Jul,1832726,1744992,100,60,1307,4.08
P02951,Community Health,Northeast,Mukdahan,Aug,1019240,762848,100,68,1082,4.51
P02952,Elderly Care,Northeast,Mukdahan,Aug,709930,588193,100,87,1495,4.54
P02953,Mental Health,Northeast,Mukdahan,Aug,1154823,1118600,100,77,804,4.56
P02954,Healthy School,Northeast,Mukdahan,Aug,1491053,1125866,100,97,2833,3.67
P02955,Food Safety,Northeast,Mukdahan,Aug,1553639,1150566,100,92,1554,4.63
P02956,NCD Prevention,Northeast,Mukdahan,Aug,828275,603930,100,74,2165,4.97
P02957,Health Data,Northeast,Mukdahan,Aug,1637563,1240841,100,69,1172,4.95
P02958,Health Promotion,Northeast,Mukdahan,Aug,1627265,1312673,100,75,2860,4.57
P02959,Policy Development,Northeast,Mukdahan,Aug,579364,467860,100,83,1404,4.42
P02960,Network Strengthening,Northeast,Mukdahan,Aug,1253691,1149743,100,73,2614,4.4
P02961,Community Health,Northeast,Mukdahan,Sep,1462989,1266567,100,91,1142,3.72
P02962,Elderly Care,Northeast,Mukdahan,Sep,1317517,1008817,100,93,2803,4.48
P02963,Mental Health,Northeast,Mukdahan,Sep,1607685,1287342,100,83,2862,4.53
P02964,Healthy School,Northeast,Mukdahan,Sep,1986425,1951302,100,74,2580,4.83
P02965,Food Safety,Northeast,Mukdahan,Sep,1859519,1419003,100,65,1868,3.94
P02966,NCD Prevention,Northeast,Mukdahan,Sep,635276,479770,100,100,1193,4.52
P02967,Health Data,Northeast,Mukdahan,Sep,905395,847368,100,63,1373,4.93
P02968,Health Promotion,Northeast,Mukdahan,Sep,1305526,1303831,100,84,278,4.23
P02969,Policy Development,Northeast,Mukdahan,Sep,1930903,1657591,100,95,1096,4.54
P02970,Network Strengthening,Northeast,Mukdahan,Sep,1741363,1515846,100,76,2843,4.96
P02971,Community Health,Northeast,Mukdahan,Oct,1464537,1412600,100,63,1662,4.45
P02972,Elderly Care,Northeast,Mukdahan,Oct,565351,435428,100,87,2880,4.85
P02973,Mental Health,Northeast,Mukdahan,Oct,1574697,1249250,100,80,2201,4.86
P02974,Healthy School,Northeast,Mukdahan,Oct,860587,837096,100,62,2975,4.45
P02975,Food Safety,Northeast,Mukdahan,Oct,1556280,1404080,100,64,2267,3.84
P02976,NCD Prevention,Northeast,Mukdahan,Oct,744881,649076,100,76,630,3.95
P02977,Health Data,Northeast,Mukdahan,Oct,1828699,1578054,100,63,2956,3.81
P02978,Health Promotion,Northeast,Mukdahan,Oct,734395,642606,100,74,2749,4.96
P02979,Policy Development,Northeast,Mukdahan,Oct,1745739,1502558,100,68,2511,4.73
P02980,Network Strengthening,Northeast,Mukdahan,Oct,646355,576474,100,86,2652,4.11
P02981,Community Health,Northeast,Mukdahan,Nov,1867108,1334646,100,97,421,3.95
P02982,Elderly Care,Northeast,Mukdahan,Nov,1349206,1012868,100,71,714,3.87
P02983,Mental Health,Northeast,Mukdahan,Nov,1256294,1044605,100,80,1006,3.88
P02984,Healthy School,Northeast,Mukdahan,Nov,950797,789733,100,75,2576,4.86
P02985,Food Safety,Northeast,Mukdahan,Nov,1307165,1222631,100,82,2993,3.81
P02986,NCD Prevention,Northeast,Mukdahan,Nov,1391062,1058615,100,91,2855,3.82
P02987,Health Data,Northeast,Mukdahan,Nov,1760399,1365463,100,82,2504,3.58
P02988,Health Promotion,Northeast,Mukdahan,Nov,1229977,1087879,100,80,2212,4.42
P02989,Policy Development,Northeast,Mukdahan,Nov,1996199,1945289,100,66,1192,4.59
P02990,Network Strengthening,Northeast,Mukdahan,Nov,1832776,1641240,100,72,1502,4.46
P02991,Community Health,Northeast,Mukdahan,Dec,1007448,966578,100,91,1437,3.65
P02992,Elderly Care,Northeast,Mukdahan,Dec,1045749,922029,100,87,1535,3.76
P02993,Mental Health,Northeast,Mukdahan,Dec,601985,443978,100,91,1890,4.06
P02994,Healthy School,Northeast,Mukdahan,Dec,1647495,1487535,100,62,2856,4.2
P02995,Food Safety,Northeast,Mukdahan,Dec,1015621,1013362,100,91,360,4.41
P02996,NCD Prevention,Northeast,Mukdahan,Dec,1574554,1349287,100,66,2597,3.73
P02997,Health Data,Northeast,Mukdahan,Dec,1830508,1533898,100,98,864,4.25
P02998,Health Promotion,Northeast,Mukdahan,Dec,666908,586415,100,85,1071,3.84
P02999,Policy Development,Northeast,Mukdahan,Dec,758351,666096,100,97,1375,3.52
P03000,Network Strengthening,Northeast,Mukdahan,Dec,1587543,1518190,100,76,1013,4.06
P03001,Community Health,Northeast,Yasothon,Jan,1668471,1380672,100,99,1515,4.71
P03002,Elderly Care,Northeast,Yasothon,Jan,1938521,1516457,100,99,1558,3.67
P03003,Mental Health,Northeast,Yasothon,Jan,1966528,1379733,100,69,400,3.61
P03004,Healthy School,Northeast,Yasothon,Jan,1171291,867825,100,100,2070,4.04
P03005,Food Safety,Northeast,Yasothon,Jan,568495,508625,100,64,564,4.02
P03006,NCD Prevention,Northeast,Yasothon,Jan,722475,557909,100,91,1297,4.65
P03007,Health Data,Northeast,Yasothon,Jan,1853012,1774732,100,62,2373,3.55
P03008,Health Promotion,Northeast,Yasothon,Jan,1253398,923963,100,95,2650,3.79
P03009,Policy Development,Northeast,Yasothon,Jan,1889151,1354295,100,100,349,4.25
P03010,Network Strengthening,Northeast,Yasothon,Jan,1639853,1560196,100,72,1189,4.12
P03011,Community Health,Northeast,Yasothon,Feb,1651892,1564540,100,94,2242,3.7
P03012,Elderly Care,Northeast,Yasothon,Feb,1831496,1346523,100,80,1915,4.19
P03013,Mental Health,Northeast,Yasothon,Feb,1346224,1134803,100,99,801,4.46
P03014,Healthy School,Northeast,Yasothon,Feb,962119,758413,100,89,517,4.99
P03015,Food Safety,Northeast,Yasothon,Feb,1700780,1458924,100,80,312,4.18
P03016,NCD Prevention,Northeast,Yasothon,Feb,1551777,1132055,100,87,2603,4.49
P03017,Health Data,Northeast,Yasothon,Feb,1254375,1018503,100,60,1267,3.73
P03018,Health Promotion,Northeast,Yasothon,Feb,565189,405935,100,89,2653,4.84
P03019,Policy Development,Northeast,Yasothon,Feb,780138,666550,100,65,1467,4.07
P03020,Network Strengthening,Northeast,Yasothon,Feb,1539690,1302796,100,90,331,4.72
P03021,Community Health,Northeast,Yasothon,Mar,1369600,1058150,100,70,2660,4.42
P03022,Elderly Care,Northeast,Yasothon,Mar,1110457,853032,100,84,1919,3.82
P03023,Mental Health,Northeast,Yasothon,Mar,1783969,1621227,100,85,622,3.55
P03024,Healthy School,Northeast,Yasothon,Mar,1299817,1115606,100,69,2217,4.63
P03025,Food Safety,Northeast,Yasothon,Mar,710300,571393,100,71,1561,3.9
P03026,NCD Prevention,Northeast,Yasothon,Mar,901579,634411,100,66,2868,3.7
P03027,Health Data,Northeast,Yasothon,Mar,1922261,1507919,100,92,2248,4.77
P03028,Health Promotion,Northeast,Yasothon,Mar,682810,635538,100,69,916,4.2
P03029,Policy Development,Northeast,Yasothon,Mar,1685973,1391343,100,77,789,4.94
P03030,Network Strengthening,Northeast,Yasothon,Mar,1239425,984906,100,64,1654,3.93
P03031,Community Health,Northeast,Yasothon,Apr,1186148,897888,100,64,959,3.87
P03032,Elderly Care,Northeast,Yasothon,Apr,1788851,1390325,100,99,2386,4.23
P03033,Mental Health,Northeast,Yasothon,Apr,1161615,1120852,100,64,2653,3.9
P03034,Healthy School,Northeast,Yasothon,Apr,730434,537309,100,75,1400,4.06
P03035,Food Safety,Northeast,Yasothon,Apr,1895171,1347555,100,67,2688,4.22
P03036,NCD Prevention,Northeast,Yasothon,Apr,564860,459378,100,67,2380,4.17
P03037,Health Data,Northeast,Yasothon,Apr,1463322,1447865,100,78,2921,3.98
P03038,Health Promotion,Northeast,Yasothon,Apr,1042857,1024909,100,98,2761,4.3
P03039,Policy Development,Northeast,Yasothon,Apr,1963651,1794444,100,72,2699,3.81
P03040,Network Strengthening,Northeast,Yasothon,Apr,591345,449624,100,61,1411,4.26
P03041,Community Health,Northeast,Yasothon,May,609204,525340,100,89,1016,4.35
P03042,Elderly Care,Northeast,Yasothon,May,1447196,1016699,100,89,883,4.5
P03043,Mental Health,Northeast,Yasothon,May,1023162,866643,100,83,2984,4.53
P03044,Healthy School,Northeast,Yasothon,May,1609816,1392501,100,97,980,4.58
P03045,Food Safety,Northeast,Yasothon,May,1119140,1067375,100,65,1985,3.52
P03046,NCD Prevention,Northeast,Yasothon,May,807755,763674,100,71,1509,4.58
P03047,Health Data,Northeast,Yasothon,May,938860,872257,100,75,1837,3.55
P03048,Health Promotion,Northeast,Yasothon,May,1222226,1121451,100,91,261,4.07
P03049,Policy Development,Northeast,Yasothon,May,1343033,1105516,100,97,1995,4.02
P03050,Network Strengthening,Northeast,Yasothon,May,1888757,1469408,100,62,1829,3.81
P03051,Community Health,Northeast,Yasothon,Jun,1473527,1383923,100,86,675,4.59
P03052,Elderly Care,Northeast,Yasothon,Jun,1362543,1164946,100,88,982,3.53
P03053,Mental Health,Northeast,Yasothon,Jun,1329989,1171582,100,94,2183,4.3
P03054,Healthy School,Northeast,Yasothon,Jun,1446184,1135492,100,83,1281,3.56
P03055,Food Safety,Northeast,Yasothon,Jun,895577,766878,100,60,2025,4.89
P03056,NCD Prevention,Northeast,Yasothon,Jun,1469190,1109715,100,96,1739,3.89
P03057,Health Data,Northeast,Yasothon,Jun,1923197,1833546,100,74,1998,4.36
P03058,Health Promotion,Northeast,Yasothon,Jun,1574186,1230008,100,89,2024,4.11
P03059,Policy Development,Northeast,Yasothon,Jun,1730906,1234524,100,60,2859,4.33
P03060,Network Strengthening,Northeast,Yasothon,Jun,950141,714685,100,70,2528,3.78
P03061,Community Health,Northeast,Yasothon,Jul,1926128,1575127,100,66,2979,4.33
P03062,Elderly Care,Northeast,Yasothon,Jul,1984989,1577757,100,93,1791,4.31
P03063,Mental Health,Northeast,Yasothon,Jul,1540952,1353218,100,82,375,4.08
P03064,Healthy School,Northeast,Yasothon,Jul,1782328,1587427,100,97,903,4.63
P03065,Food Safety,Northeast,Yasothon,Jul,1007891,736476,100,86,1044,3.9
P03066,NCD Prevention,Northeast,Yasothon,Jul,1385855,1341102,100,82,2312,3.79
P03067,Health Data,Northeast,Yasothon,Jul,1114773,867215,100,79,1942,3.74
P03068,Health Promotion,Northeast,Yasothon,Jul,764954,739734,100,85,2504,3.64
P03069,Policy Development,Northeast,Yasothon,Jul,957162,845537,100,86,1826,4.54
P03070,Network Strengthening,Northeast,Yasothon,Jul,1483931,1071429,100,68,1400,4.63
P03071,Community Health,Northeast,Yasothon,Aug,1359161,1270389,100,82,1428,3.57
P03072,Elderly Care,Northeast,Yasothon,Aug,1135115,867246,100,67,1812,4.3
P03073,Mental Health,Northeast,Yasothon,Aug,1185353,896966,100,69,1124,3.65
P03074,Healthy School,Northeast,Yasothon,Aug,973501,863994,100,61,2430,4.73
P03075,Food Safety,Northeast,Yasothon,Aug,554487,496627,100,88,212,3.53
P03076,NCD Prevention,Northeast,Yasothon,Aug,1765041,1318271,100,86,901,4.12
P03077,Health Data,Northeast,Yasothon,Aug,931636,817506,100,88,676,4.46
P03078,Health Promotion,Northeast,Yasothon,Aug,1838397,1823044,100,83,1592,3.57
P03079,Policy Development,Northeast,Yasothon,Aug,1314873,1184040,100,95,2445,3.85
P03080,Network Strengthening,Northeast,Yasothon,Aug,961424,907239,100,90,2105,4.89
P03081,Community Health,Northeast,Yasothon,Sep,1732995,1532814,100,78,734,3.67
P03082,Elderly Care,Northeast,Yasothon,Sep,1378189,1145281,100,98,2057,3.79
P03083,Mental Health,Northeast,Yasothon,Sep,1314574,1167320,100,74,320,4.99
P03084,Healthy School,Northeast,Yasothon,Sep,1037865,861617,100,80,731,4.55
P03085,Food Safety,Northeast,Yasothon,Sep,1837537,1586783,100,63,1915,4.08
P03086,NCD Prevention,Northeast,Yasothon,Sep,1707509,1437038,100,87,500,4.98
P03087,Health Data,Northeast,Yasothon,Sep,1458194,1322239,100,73,2452,4.83
P03088,Health Promotion,Northeast,Yasothon,Sep,1480423,1445406,100,76,833,4.39
P03089,Policy Development,Northeast,Yasothon,Sep,1709797,1561746,100,92,1652,4.46
P03090,Network Strengthening,Northeast,Yasothon,Sep,1136452,904457,100,82,2878,4.75
P03091,Community Health,Northeast,Yasothon,Oct,1031107,838325,100,90,2906,3.83
P03092,Elderly Care,Northeast,Yasothon,Oct,922678,661922,100,69,814,4.65
P03093,Mental Health,Northeast,Yasothon,Oct,1230231,878107,100,100,1125,4.0
P03094,Healthy School,Northeast,Yasothon,Oct,977551,950320,100,76,2117,4.63
P03095,Food Safety,Northeast,Yasothon,Oct,1582743,1129164,100,73,756,3.86
P03096,NCD Prevention,Northeast,Yasothon,Oct,1170039,1093613,100,96,1146,3.96
P03097,Health Data,Northeast,Yasothon,Oct,1005603,827507,100,94,2835,4.52
P03098,Health Promotion,Northeast,Yasothon,Oct,1766083,1373611,100,75,2852,3.79
P03099,Policy Development,Northeast,Yasothon,Oct,838256,747899,100,67,1823,3.81
P03100,Network Strengthening,Northeast,Yasothon,Oct,1855964,1814583,100,79,1090,3.84
P03101,Community Health,Northeast,Yasothon,Nov,879712,640114,100,79,994,4.92
P03102,Elderly Care,Northeast,Yasothon,Nov,1300129,1254856,100,99,605,4.04
P03103,Mental Health,Northeast,Yasothon,Nov,996443,921807,100,69,328,4.62
P03104,Healthy School,Northeast,Yasothon,Nov,1653847,1422059,100,84,825,4.36
P03105,Food Safety,Northeast,Yasothon,Nov,1796865,1722870,100,100,2188,4.39
P03106,NCD Prevention,Northeast,Yasothon,Nov,1081606,1047265,100,81,2635,3.7
P03107,Health Data,Northeast,Yasothon,Nov,1283404,1072929,100,86,254,3.82
P03108,Health Promotion,Northeast,Yasothon,Nov,1328785,961596,100,89,901,4.3
P03109,Policy Development,Northeast,Yasothon,Nov,1685474,1231308,100,96,2469,4.04
P03110,Network Strengthening,Northeast,Yasothon,Nov,619386,566776,100,100,2710,4.71
P03111,Community Health,Northeast,Yasothon,Dec,1091916,859947,100,83,2968,4.62
P03112,Elderly Care,Northeast,Yasothon,Dec,1671384,1175165,100,66,1675,4.56
P03113,Mental Health,Northeast,Yasothon,Dec,1649356,1533647,100,98,2467,3.76
P03114,Healthy School,Northeast,Yasothon,Dec,1350089,1059292,100,87,1430,3.53
P03115,Food Safety,Northeast,Yasothon,Dec,1876181,1835036,100,71,2740,4.06
P03116,NCD Prevention,Northeast,Yasothon,Dec,1946918,1778771,100,80,901,4.34
P03117,Health Data,Northeast,Yasothon,Dec,1015460,820984,100,75,1235,3.88
P03118,Health Promotion,Northeast,Yasothon,Dec,574590,473643,100,85,2834,4.25
P03119,Policy Development,Northeast,Yasothon,Dec,1980603,1552388,100,85,2180,4.98
P03120,Network Strengthening,Northeast,Yasothon,Dec,1395133,1217893,100,79,689,4.21
P03121,Community Health,Northeast,Amnat Charoen,Jan,995551,879466,100,75,1510,4.73
P03122,Elderly Care,Northeast,Amnat Charoen,Jan,1904791,1363878,100,83,1098,4.25
P03123,Mental Health,Northeast,Amnat Charoen,Jan,920063,775986,100,76,320,3.82
P03124,Healthy School,Northeast,Amnat Charoen,Jan,600455,543583,100,74,931,4.36
P03125,Food Safety,Northeast,Amnat Charoen,Jan,690901,613920,100,95,1036,4.75
P03126,NCD Prevention,Northeast,Amnat Charoen,Jan,1813974,1487382,100,88,953,4.99
P03127,Health Data,Northeast,Amnat Charoen,Jan,1436986,1230643,100,62,1151,4.23
P03128,Health Promotion,Northeast,Amnat Charoen,Jan,933865,661122,100,91,984,4.67
P03129,Policy Development,Northeast,Amnat Charoen,Jan,764062,537356,100,80,2285,3.9
P03130,Network Strengthening,Northeast,Amnat Charoen,Jan,1538906,1312059,100,72,390,4.75
P03131,Community Health,Northeast,Amnat Charoen,Feb,1801494,1362429,100,69,165,4.57
P03132,Elderly Care,Northeast,Amnat Charoen,Feb,1597516,1431558,100,93,1345,4.48
P03133,Mental Health,Northeast,Amnat Charoen,Feb,619193,473506,100,60,385,4.14
P03134,Healthy School,Northeast,Amnat Charoen,Feb,1846513,1496872,100,94,1571,4.87
P03135,Food Safety,Northeast,Amnat Charoen,Feb,675072,535809,100,99,1383,4.59
P03136,NCD Prevention,Northeast,Amnat Charoen,Feb,619730,580388,100,84,2507,4.96
P03137,Health Data,Northeast,Amnat Charoen,Feb,1082136,1044826,100,99,539,3.95
P03138,Health Promotion,Northeast,Amnat Charoen,Feb,1665007,1232566,100,93,575,3.85
P03139,Policy Development,Northeast,Amnat Charoen,Feb,1506711,1364023,100,95,2169,3.63
P03140,Network Strengthening,Northeast,Amnat Charoen,Feb,1240286,1219219,100,91,1085,4.21
P03141,Community Health,Northeast,Amnat Charoen,Mar,1649424,1577201,100,73,1084,4.17
P03142,Elderly Care,Northeast,Amnat Charoen,Mar,1495100,1418838,100,71,1151,4.94
P03143,Mental Health,Northeast,Amnat Charoen,Mar,1618086,1424938,100,86,1268,3.84
P03144,Healthy School,Northeast,Amnat Charoen,Mar,746366,541708,100,80,2102,3.76
P03145,Food Safety,Northeast,Amnat Charoen,Mar,1448019,1417922,100,68,301,4.85
P03146,NCD Prevention,Northeast,Amnat Charoen,Mar,1013717,992292,100,81,521,4.21
P03147,Health Data,Northeast,Amnat Charoen,Mar,586883,528629,100,62,2436,4.56
P03148,Health Promotion,Northeast,Amnat Charoen,Mar,1076848,1019543,100,64,274,3.75
P03149,Policy Development,Northeast,Amnat Charoen,Mar,1194180,1006863,100,79,2793,4.34
P03150,Network Strengthening,Northeast,Amnat Charoen,Mar,1127075,1074217,100,89,223,4.85
P03151,Community Health,Northeast,Amnat Charoen,Apr,1460748,1354838,100,71,2890,4.83
P03152,Elderly Care,Northeast,Amnat Charoen,Apr,1252567,1165564,100,73,1692,4.36
P03153,Mental Health,Northeast,Amnat Charoen,Apr,1827580,1550883,100,99,2546,4.15
P03154,Healthy School,Northeast,Amnat Charoen,Apr,1235149,1214278,100,72,2834,4.32
P03155,Food Safety,Northeast,Amnat Charoen,Apr,1692236,1209235,100,79,2073,4.35
P03156,NCD Prevention,Northeast,Amnat Charoen,Apr,699258,634019,100,71,791,3.6
P03157,Health Data,Northeast,Amnat Charoen,Apr,1568756,1215355,100,80,2643,4.86
P03158,Health Promotion,Northeast,Amnat Charoen,Apr,1321572,1124747,100,100,2365,3.87
P03159,Policy Development,Northeast,Amnat Charoen,Apr,982341,875338,100,95,862,4.41
P03160,Network Strengthening,Northeast,Amnat Charoen,Apr,760268,665180,100,62,2187,4.86
P03161,Community Health,Northeast,Amnat Charoen,May,516272,385889,100,98,838,4.36
P03162,Elderly Care,Northeast,Amnat Charoen,May,1520571,1326154,100,87,2676,3.75
P03163,Mental Health,Northeast,Amnat Charoen,May,778155,701791,100,86,2042,4.22
P03164,Healthy School,Northeast,Amnat Charoen,May,1169388,1131819,100,77,1780,4.58
P03165,Food Safety,Northeast,Amnat Charoen,May,1953269,1525780,100,79,2196,4.9
P03166,NCD Prevention,Northeast,Amnat Charoen,May,1767298,1740655,100,93,1935,4.0
P03167,Health Data,Northeast,Amnat Charoen,May,1243696,1082702,100,73,1012,4.36
P03168,Health Promotion,Northeast,Amnat Charoen,May,1989307,1461273,100,63,1495,4.25
P03169,Policy Development,Northeast,Amnat Charoen,May,1669393,1256257,100,62,2568,4.42
P03170,Network Strengthening,Northeast,Amnat Charoen,May,1037498,791133,100,85,791,3.75
P03171,Community Health,Northeast,Amnat Charoen,Jun,871117,829495,100,68,2464,4.73
P03172,Elderly Care,Northeast,Amnat Charoen,Jun,1743691,1369453,100,84,2515,3.91
P03173,Mental Health,Northeast,Amnat Charoen,Jun,1130189,928480,100,84,1296,4.9
P03174,Healthy School,Northeast,Amnat Charoen,Jun,503949,464749,100,63,411,3.56
P03175,Food Safety,Northeast,Amnat Charoen,Jun,664376,499200,100,72,338,4.83
P03176,NCD Prevention,Northeast,Amnat Charoen,Jun,1097369,802088,100,62,2674,3.94
P03177,Health Data,Northeast,Amnat Charoen,Jun,1562880,1329050,100,60,268,4.16
P03178,Health Promotion,Northeast,Amnat Charoen,Jun,709313,664403,100,88,2006,4.35
P03179,Policy Development,Northeast,Amnat Charoen,Jun,872507,657045,100,72,2776,4.32
P03180,Network Strengthening,Northeast,Amnat Charoen,Jun,807214,800645,100,65,2171,3.76
P03181,Community Health,Northeast,Amnat Charoen,Jul,921079,648629,100,82,1872,3.61
P03182,Elderly Care,Northeast,Amnat Charoen,Jul,1326835,1163946,100,76,202,4.88
P03183,Mental Health,Northeast,Amnat Charoen,Jul,1289238,1285114,100,95,2192,3.55
P03184,Healthy School,Northeast,Amnat Charoen,Jul,1164776,899176,100,65,1365,3.91
P03185,Food Safety,Northeast,Amnat Charoen,Jul,1141804,1007794,100,69,1604,4.03
P03186,NCD Prevention,Northeast,Amnat Charoen,Jul,1438265,1343554,100,70,2708,4.64
P03187,Health Data,Northeast,Amnat Charoen,Jul,795063,630505,100,83,336,4.93
P03188,Health Promotion,Northeast,Amnat Charoen,Jul,1541963,1511728,100,95,1554,4.37
P03189,Policy Development,Northeast,Amnat Charoen,Jul,1687381,1421376,100,76,1231,3.67
P03190,Network Strengthening,Northeast,Amnat Charoen,Jul,1875792,1640756,100,92,966,4.46
P03191,Community Health,Northeast,Amnat Charoen,Aug,700180,554574,100,63,1238,4.2
P03192,Elderly Care,Northeast,Amnat Charoen,Aug,1399632,1005272,100,74,2264,3.89
P03193,Mental Health,Northeast,Amnat Charoen,Aug,858719,737941,100,72,1704,4.3
P03194,Healthy School,Northeast,Amnat Charoen,Aug,776802,615364,100,65,2405,4.0
P03195,Food Safety,Northeast,Amnat Charoen,Aug,1263736,921852,100,83,1386,4.41
P03196,NCD Prevention,Northeast,Amnat Charoen,Aug,1966168,1529002,100,95,1837,4.95
P03197,Health Data,Northeast,Amnat Charoen,Aug,939052,871493,100,100,1256,3.59
P03198,Health Promotion,Northeast,Amnat Charoen,Aug,1118085,1100527,100,85,815,3.62
P03199,Policy Development,Northeast,Amnat Charoen,Aug,653205,594645,100,71,803,4.48
P03200,Network Strengthening,Northeast,Amnat Charoen,Aug,1907561,1563589,100,100,1817,3.73
P03201,Community Health,Northeast,Amnat Charoen,Sep,538514,457784,100,91,2068,4.34
P03202,Elderly Care,Northeast,Amnat Charoen,Sep,1701384,1321720,100,66,2305,4.32
P03203,Mental Health,Northeast,Amnat Charoen,Sep,1780050,1627308,100,89,397,3.52
P03204,Healthy School,Northeast,Amnat Charoen,Sep,669943,534524,100,85,310,3.9
P03205,Food Safety,Northeast,Amnat Charoen,Sep,924042,784333,100,95,1580,4.3
P03206,NCD Prevention,Northeast,Amnat Charoen,Sep,784464,653038,100,100,489,3.79
P03207,Health Data,Northeast,Amnat Charoen,Sep,729588,682207,100,98,823,4.27
P03208,Health Promotion,Northeast,Amnat Charoen,Sep,685880,632327,100,72,1342,4.55
P03209,Policy Development,Northeast,Amnat Charoen,Sep,1900571,1633941,100,63,2954,4.73
P03210,Network Strengthening,Northeast,Amnat Charoen,Sep,1638645,1468803,100,64,649,3.9
P03211,Community Health,Northeast,Amnat Charoen,Oct,1443355,1045063,100,63,421,4.19
P03212,Elderly Care,Northeast,Amnat Charoen,Oct,654951,567585,100,74,2332,4.75
P03213,Mental Health,Northeast,Amnat Charoen,Oct,1383274,1360423,100,78,2797,3.89
P03214,Healthy School,Northeast,Amnat Charoen,Oct,1577002,1143958,100,87,1473,3.68
P03215,Food Safety,Northeast,Amnat Charoen,Oct,1853624,1300579,100,73,1231,3.95
P03216,NCD Prevention,Northeast,Amnat Charoen,Oct,1427016,1041397,100,94,1860,4.92
P03217,Health Data,Northeast,Amnat Charoen,Oct,935478,742527,100,93,912,3.86
P03218,Health Promotion,Northeast,Amnat Charoen,Oct,763529,618361,100,79,285,4.63
P03219,Policy Development,Northeast,Amnat Charoen,Oct,1343990,959145,100,79,714,4.1
P03220,Network Strengthening,Northeast,Amnat Charoen,Oct,1884212,1626207,100,74,584,4.61
P03221,Community Health,Northeast,Amnat Charoen,Nov,638161,623572,100,86,551,3.81
P03222,Elderly Care,Northeast,Amnat Charoen,Nov,639688,638045,100,72,2934,4.1
P03223,Mental Health,Northeast,Amnat Charoen,Nov,865847,623922,100,64,1589,4.3
P03224,Healthy School,Northeast,Amnat Charoen,Nov,1247983,909844,100,95,631,4.43
P03225,Food Safety,Northeast,Amnat Charoen,Nov,1274416,1022483,100,100,1929,4.48
P03226,NCD Prevention,Northeast,Amnat Charoen,Nov,1335460,1094796,100,77,1632,4.2
P03227,Health Data,Northeast,Amnat Charoen,Nov,1812185,1672643,100,93,2476,4.55
P03228,Health Promotion,Northeast,Amnat Charoen,Nov,1139922,854809,100,63,1453,4.72
P03229,Policy Development,Northeast,Amnat Charoen,Nov,856995,734119,100,79,2214,3.59
P03230,Network Strengthening,Northeast,Amnat Charoen,Nov,936334,690885,100,63,1431,4.32
P03231,Community Health,Northeast,Amnat Charoen,Dec,854619,747175,100,94,2692,4.4
P03232,Elderly Care,Northeast,Amnat Charoen,Dec,984283,955655,100,61,1197,4.19
P03233,Mental Health,Northeast,Amnat Charoen,Dec,1969458,1427392,100,82,2759,4.41
P03234,Healthy School,Northeast,Amnat Charoen,Dec,1342791,1232514,100,78,2067,4.78
P03235,Food Safety,Northeast,Amnat Charoen,Dec,1008709,735404,100,83,353,4.77
P03236,NCD Prevention,Northeast,Amnat Charoen,Dec,1739432,1670929,100,94,172,3.77
P03237,Health Data,Northeast,Amnat Charoen,Dec,1543203,1187181,100,64,676,4.55
P03238,Health Promotion,Northeast,Amnat Charoen,Dec,617973,557785,100,98,536,4.3
P03239,Policy Development,Northeast,Amnat Charoen,Dec,1102344,1060846,100,68,1409,4.7
P03240,Network Strengthening,Northeast,Amnat Charoen,Dec,1888922,1751961,100,74,2100,3.87
P03241,Community Health,Northeast,Si Sa Ket,Jan,1743191,1255820,100,74,437,4.09
P03242,Elderly Care,Northeast,Si Sa Ket,Jan,1493194,1245743,100,85,2489,4.75
P03243,Mental Health,Northeast,Si Sa Ket,Jan,1956839,1553062,100,96,2558,3.84
P03244,Healthy School,Northeast,Si Sa Ket,Jan,1132297,799947,100,87,920,4.58
P03245,Food Safety,Northeast,Si Sa Ket,Jan,1111375,877117,100,84,2571,3.52
P03246,NCD Prevention,Northeast,Si Sa Ket,Jan,1866559,1382421,100,82,1341,4.42
P03247,Health Data,Northeast,Si Sa Ket,Jan,1777801,1542437,100,76,2374,3.85
P03248,Health Promotion,Northeast,Si Sa Ket,Jan,591832,494859,100,91,166,4.46
P03249,Policy Development,Northeast,Si Sa Ket,Jan,824239,610468,100,95,1592,3.94
P03250,Network Strengthening,Northeast,Si Sa Ket,Jan,1275744,1208040,100,67,2931,3.58
P03251,Community Health,Northeast,Si Sa Ket,Feb,1907518,1873953,100,89,2870,4.03
P03252,Elderly Care,Northeast,Si Sa Ket,Feb,1842176,1507191,100,66,1419,3.67
P03253,Mental Health,Northeast,Si Sa Ket,Feb,1485748,1189772,100,84,781,4.52
P03254,Healthy School,Northeast,Si Sa Ket,Feb,665911,607979,100,85,322,4.35
P03255,Food Safety,Northeast,Si Sa Ket,Feb,813140,575811,100,80,2833,4.71
P03256,NCD Prevention,Northeast,Si Sa Ket,Feb,1595735,1324492,100,98,1455,4.12
P03257,Health Data,Northeast,Si Sa Ket,Feb,1471297,1422574,100,89,2422,4.55
P03258,Health Promotion,Northeast,Si Sa Ket,Feb,1087878,895370,100,76,365,3.73
P03259,Policy Development,Northeast,Si Sa Ket,Feb,1203819,1017195,100,95,205,4.04
P03260,Network Strengthening,Northeast,Si Sa Ket,Feb,815615,722352,100,95,668,4.87
P03261,Community Health,Northeast,Si Sa Ket,Mar,1396177,1095604,100,88,389,4.17
P03262,Elderly Care,Northeast,Si Sa Ket,Mar,733418,664295,100,83,2746,4.59
P03263,Mental Health,Northeast,Si Sa Ket,Mar,947447,764827,100,60,1465,4.78
P03264,Healthy School,Northeast,Si Sa Ket,Mar,1779587,1458579,100,93,2515,4.84
P03265,Food Safety,Northeast,Si Sa Ket,Mar,1044344,1009069,100,85,565,4.71
P03266,NCD Prevention,Northeast,Si Sa Ket,Mar,1146985,981438,100,84,432,4.45
P03267,Health Data,Northeast,Si Sa Ket,Mar,1997374,1758106,100,100,2774,4.01
P03268,Health Promotion,Northeast,Si Sa Ket,Mar,1303545,1151041,100,75,680,3.57
P03269,Policy Development,Northeast,Si Sa Ket,Mar,1361415,985515,100,89,2009,3.57
P03270,Network Strengthening,Northeast,Si Sa Ket,Mar,708151,632638,100,79,2275,4.79
P03271,Community Health,Northeast,Si Sa Ket,Apr,840094,754724,100,97,2571,5.0
P03272,Elderly Care,Northeast,Si Sa Ket,Apr,645308,569037,100,96,1281,4.06
P03273,Mental Health,Northeast,Si Sa Ket,Apr,683834,529534,100,70,1261,4.95
P03274,Healthy School,Northeast,Si Sa Ket,Apr,508451,417838,100,83,827,3.68
P03275,Food Safety,Northeast,Si Sa Ket,Apr,1285762,903702,100,99,2396,3.98
P03276,NCD Prevention,Northeast,Si Sa Ket,Apr,611242,460154,100,86,1691,4.11
P03277,Health Data,Northeast,Si Sa Ket,Apr,1100657,832527,100,67,2452,4.29
P03278,Health Promotion,Northeast,Si Sa Ket,Apr,641510,472020,100,78,2190,3.93
P03279,Policy Development,Northeast,Si Sa Ket,Apr,1751079,1354292,100,98,2216,4.81
P03280,Network Strengthening,Northeast,Si Sa Ket,Apr,1383389,974562,100,78,2824,3.57
P03281,Community Health,Northeast,Si Sa Ket,May,1685757,1272272,100,61,885,3.94
P03282,Elderly Care,Northeast,Si Sa Ket,May,1575192,1445756,100,60,337,4.15
P03283,Mental Health,Northeast,Si Sa Ket,May,1661025,1393155,100,75,1029,3.67
P03284,Healthy School,Northeast,Si Sa Ket,May,1960204,1926612,100,71,1545,4.06
P03285,Food Safety,Northeast,Si Sa Ket,May,1213423,1143584,100,63,2267,4.7
P03286,NCD Prevention,Northeast,Si Sa Ket,May,974644,843002,100,95,288,4.91
P03287,Health Data,Northeast,Si Sa Ket,May,1310918,1226132,100,98,1998,3.93
P03288,Health Promotion,Northeast,Si Sa Ket,May,790371,557908,100,73,1519,4.74
P03289,Policy Development,Northeast,Si Sa Ket,May,1665487,1372961,100,71,644,4.0
P03290,Network Strengthening,Northeast,Si Sa Ket,May,1568175,1140125,100,60,2282,3.51
P03291,Community Health,Northeast,Si Sa Ket,Jun,1563537,1529775,100,87,1205,3.84
P03292,Elderly Care,Northeast,Si Sa Ket,Jun,518302,439179,100,95,1109,3.58
P03293,Mental Health,Northeast,Si Sa Ket,Jun,1634752,1197099,100,79,1831,4.06
P03294,Healthy School,Northeast,Si Sa Ket,Jun,599397,427292,100,96,2797,4.6
P03295,Food Safety,Northeast,Si Sa Ket,Jun,803979,653346,100,72,2691,3.86
P03296,NCD Prevention,Northeast,Si Sa Ket,Jun,625885,590739,100,90,876,4.73
P03297,Health Data,Northeast,Si Sa Ket,Jun,1034292,849762,100,67,597,4.02
P03298,Health Promotion,Northeast,Si Sa Ket,Jun,598187,557951,100,78,637,3.78
P03299,Policy Development,Northeast,Si Sa Ket,Jun,1197116,904053,100,91,2963,4.7
P03300,Network Strengthening,Northeast,Si Sa Ket,Jun,1105785,839067,100,94,2340,4.5
P03301,Community Health,Northeast,Si Sa Ket,Jul,1646981,1627340,100,71,1123,4.2
P03302,Elderly Care,Northeast,Si Sa Ket,Jul,837902,594078,100,88,885,4.24
P03303,Mental Health,Northeast,Si Sa Ket,Jul,1070252,930863,100,89,1426,4.7
P03304,Healthy School,Northeast,Si Sa Ket,Jul,595217,488263,100,82,492,4.49
P03305,Food Safety,Northeast,Si Sa Ket,Jul,1652153,1443452,100,97,1052,4.42
P03306,NCD Prevention,Northeast,Si Sa Ket,Jul,521009,398460,100,71,2476,4.27
P03307,Health Data,Northeast,Si Sa Ket,Jul,1617535,1132885,100,92,2953,4.08
P03308,Health Promotion,Northeast,Si Sa Ket,Jul,1115387,1102661,100,64,628,4.9
P03309,Policy Development,Northeast,Si Sa Ket,Jul,1125374,1032493,100,81,1336,4.39
P03310,Network Strengthening,Northeast,Si Sa Ket,Jul,1955039,1684408,100,81,665,4.03
P03311,Community Health,Northeast,Si Sa Ket,Aug,1476370,1426514,100,88,1715,4.5
P03312,Elderly Care,Northeast,Si Sa Ket,Aug,1408166,1334493,100,75,1165,4.52
P03313,Mental Health,Northeast,Si Sa Ket,Aug,1997538,1525635,100,94,2629,4.44
P03314,Healthy School,Northeast,Si Sa Ket,Aug,1390081,1123787,100,64,2341,4.11
P03315,Food Safety,Northeast,Si Sa Ket,Aug,1762222,1707451,100,83,2040,4.72
P03316,NCD Prevention,Northeast,Si Sa Ket,Aug,1360402,1305240,100,75,1314,4.3
P03317,Health Data,Northeast,Si Sa Ket,Aug,1527104,1076139,100,66,1873,4.12
P03318,Health Promotion,Northeast,Si Sa Ket,Aug,1785428,1747895,100,65,2512,4.19
P03319,Policy Development,Northeast,Si Sa Ket,Aug,863562,687891,100,90,2761,4.12
P03320,Network Strengthening,Northeast,Si Sa Ket,Aug,730523,718921,100,64,1470,4.36
P03321,Community Health,Northeast,Si Sa Ket,Sep,575769,524968,100,86,1474,3.6
P03322,Elderly Care,Northeast,Si Sa Ket,Sep,1242314,1054964,100,77,2654,4.86
P03323,Mental Health,Northeast,Si Sa Ket,Sep,1130724,893201,100,60,1089,4.05
P03324,Healthy School,Northeast,Si Sa Ket,Sep,1736389,1734554,100,88,2157,4.25
P03325,Food Safety,Northeast,Si Sa Ket,Sep,1426450,1181640,100,61,743,4.16
P03326,NCD Prevention,Northeast,Si Sa Ket,Sep,616082,438586,100,76,1392,3.68
P03327,Health Data,Northeast,Si Sa Ket,Sep,1097934,939370,100,92,2232,4.6
P03328,Health Promotion,Northeast,Si Sa Ket,Sep,895102,773969,100,65,1408,4.87
P03329,Policy Development,Northeast,Si Sa Ket,Sep,737271,705616,100,70,604,4.94
P03330,Network Strengthening,Northeast,Si Sa Ket,Sep,761040,541256,100,100,1059,4.92
P03331,Community Health,Northeast,Si Sa Ket,Oct,1310202,1092618,100,81,692,4.85
P03332,Elderly Care,Northeast,Si Sa Ket,Oct,906324,804857,100,60,667,3.96
P03333,Mental Health,Northeast,Si Sa Ket,Oct,832081,675791,100,94,2120,3.78
P03334,Healthy School,Northeast,Si Sa Ket,Oct,1158541,1033335,100,76,1899,4.33
P03335,Food Safety,Northeast,Si Sa Ket,Oct,1378695,1344344,100,98,2263,3.51
P03336,NCD Prevention,Northeast,Si Sa Ket,Oct,1463511,1353341,100,63,2383,4.86
P03337,Health Data,Northeast,Si Sa Ket,Oct,714887,556416,100,93,2358,3.81
P03338,Health Promotion,Northeast,Si Sa Ket,Oct,1744041,1641279,100,91,580,4.51
P03339,Policy Development,Northeast,Si Sa Ket,Oct,1562918,1260558,100,61,494,3.51
P03340,Network Strengthening,Northeast,Si Sa Ket,Oct,1028110,771501,100,65,2930,4.98
P03341,Community Health,Northeast,Si Sa Ket,Nov,1981654,1584343,100,71,1746,4.51
P03342,Elderly Care,Northeast,Si Sa Ket,Nov,952086,785799,100,84,1609,4.74
P03343,Mental Health,Northeast,Si Sa Ket,Nov,652810,584083,100,98,490,3.59
P03344,Healthy School,Northeast,Si Sa Ket,Nov,1201538,982021,100,79,1800,4.0
P03345,Food Safety,Northeast,Si Sa Ket,Nov,553086,421047,100,79,1439,3.63
P03346,NCD Prevention,Northeast,Si Sa Ket,Nov,1305307,1065417,100,88,2556,4.74
P03347,Health Data,Northeast,Si Sa Ket,Nov,683923,626447,100,69,1152,3.85
P03348,Health Promotion,Northeast,Si Sa Ket,Nov,1169548,1083076,100,66,662,4.99
P03349,Policy Development,Northeast,Si Sa Ket,Nov,1757975,1434317,100,70,2258,4.98
P03350,Network Strengthening,Northeast,Si Sa Ket,Nov,1299645,1294380,100,68,2325,4.88
P03351,Community Health,Northeast,Si Sa Ket,Dec,1702217,1280757,100,63,2544,3.87
P03352,Elderly Care,Northeast,Si Sa Ket,Dec,1320662,1010257,100,99,1787,3.82
P03353,Mental Health,Northeast,Si Sa Ket,Dec,1521364,1248960,100,63,347,3.7
P03354,Healthy School,Northeast,Si Sa Ket,Dec,1545135,1169100,100,93,1728,4.93
P03355,Food Safety,Northeast,Si Sa Ket,Dec,597575,512793,100,90,1375,4.62
P03356,NCD Prevention,Northeast,Si Sa Ket,Dec,1880219,1797558,100,85,1092,4.88
P03357,Health Data,Northeast,Si Sa Ket,Dec,1489080,1451948,100,85,777,3.99
P03358,Health Promotion,Northeast,Si Sa Ket,Dec,1625770,1355797,100,67,236,3.89
P03359,Policy Development,Northeast,Si Sa Ket,Dec,1970381,1512997,100,60,2757,4.44
P03360,Network Strengthening,Northeast,Si Sa Ket,Dec,1392150,1257561,100,89,824,3.84
P03361,Community Health,Northeast,Surin,Jan,971943,841542,100,99,799,4.96
P03362,Elderly Care,Northeast,Surin,Jan,681860,500526,100,63,1297,3.76
P03363,Mental Health,Northeast,Surin,Jan,1759879,1323772,100,89,2068,4.61
P03364,Healthy School,Northeast,Surin,Jan,588731,540288,100,65,748,4.06
P03365,Food Safety,Northeast,Surin,Jan,1109531,937114,100,87,2662,4.7
P03366,NCD Prevention,Northeast,Surin,Jan,1175204,1022595,100,88,960,3.54
P03367,Health Data,Northeast,Surin,Jan,583332,574579,100,98,2663,3.7
P03368,Health Promotion,Northeast,Surin,Jan,999757,953025,100,82,2237,4.67
P03369,Policy Development,Northeast,Surin,Jan,1801350,1701392,100,61,563,4.46
P03370,Network Strengthening,Northeast,Surin,Jan,1358518,1155649,100,76,647,4.02
P03371,Community Health,Northeast,Surin,Feb,1425101,1118193,100,99,2817,4.48
P03372,Elderly Care,Northeast,Surin,Feb,1078930,881583,100,78,602,3.96
P03373,Mental Health,Northeast,Surin,Feb,1496285,1169189,100,91,662,3.85
P03374,Healthy School,Northeast,Surin,Feb,1522344,1495597,100,82,583,3.91
P03375,Food Safety,Northeast,Surin,Feb,1161686,1056126,100,84,1249,4.15
P03376,NCD Prevention,Northeast,Surin,Feb,1787428,1581685,100,62,227,4.02
P03377,Health Data,Northeast,Surin,Feb,510113,375248,100,66,500,4.98
P03378,Health Promotion,Northeast,Surin,Feb,1509017,1372137,100,67,1275,4.6
P03379,Policy Development,Northeast,Surin,Feb,1500232,1344556,100,68,2713,3.57
P03380,Network Strengthening,Northeast,Surin,Feb,1858256,1754094,100,97,351,3.52
P03381,Community Health,Northeast,Surin,Mar,848124,755201,100,69,999,3.59
P03382,Elderly Care,Northeast,Surin,Mar,1583591,1483261,100,89,772,4.67
P03383,Mental Health,Northeast,Surin,Mar,1824711,1794947,100,82,2026,3.59
P03384,Healthy School,Northeast,Surin,Mar,1579515,1569538,100,60,1978,4.67
P03385,Food Safety,Northeast,Surin,Mar,1497904,1364459,100,97,2150,4.38
P03386,NCD Prevention,Northeast,Surin,Mar,1972912,1633823,100,95,1274,3.92
P03387,Health Data,Northeast,Surin,Mar,1158571,999420,100,92,1827,4.37
P03388,Health Promotion,Northeast,Surin,Mar,1977217,1433311,100,94,2630,4.99
P03389,Policy Development,Northeast,Surin,Mar,1342732,1273165,100,63,2234,4.32
P03390,Network Strengthening,Northeast,Surin,Mar,1403332,1401493,100,80,1115,3.7
P03391,Community Health,Northeast,Surin,Apr,1991048,1553893,100,95,152,4.38
P03392,Elderly Care,Northeast,Surin,Apr,1537302,1291498,100,88,2717,3.64
P03393,Mental Health,Northeast,Surin,Apr,1147688,857925,100,68,1077,4.07
P03394,Healthy School,Northeast,Surin,Apr,991260,718224,100,68,1704,3.86
P03395,Food Safety,Northeast,Surin,Apr,1757893,1259474,100,83,2622,4.95
P03396,NCD Prevention,Northeast,Surin,Apr,1013705,977799,100,92,288,4.88
P03397,Health Data,Northeast,Surin,Apr,710899,507808,100,85,459,4.53
P03398,Health Promotion,Northeast,Surin,Apr,1148586,824086,100,96,2604,4.02
P03399,Policy Development,Northeast,Surin,Apr,901843,735524,100,86,268,3.61
P03400,Network Strengthening,Northeast,Surin,Apr,1491166,1070379,100,67,1375,3.87
P03401,Community Health,Northeast,Surin,May,1762409,1488305,100,100,2860,4.69
P03402,Elderly Care,Northeast,Surin,May,1440823,1304641,100,96,1209,3.99
P03403,Mental Health,Northeast,Surin,May,814120,778029,100,97,2683,4.28
P03404,Healthy School,Northeast,Surin,May,987853,802552,100,76,362,4.91
P03405,Food Safety,Northeast,Surin,May,1291070,989064,100,71,1023,4.85
P03406,NCD Prevention,Northeast,Surin,May,1967357,1519915,100,100,357,4.98
P03407,Health Data,Northeast,Surin,May,1985693,1721245,100,62,438,4.87
P03408,Health Promotion,Northeast,Surin,May,1348355,986237,100,66,2160,3.74
P03409,Policy Development,Northeast,Surin,May,1988340,1756930,100,83,2911,4.61
P03410,Network Strengthening,Northeast,Surin,May,1831503,1678837,100,78,2408,3.7
P03411,Community Health,Northeast,Surin,Jun,1069769,1021611,100,76,2587,4.62
P03412,Elderly Care,Northeast,Surin,Jun,1069729,992876,100,65,1435,4.13
P03413,Mental Health,Northeast,Surin,Jun,1871794,1723226,100,84,348,4.83
P03414,Healthy School,Northeast,Surin,Jun,1659754,1653701,100,100,247,4.71
P03415,Food Safety,Northeast,Surin,Jun,1084433,833207,100,74,1321,3.9
P03416,NCD Prevention,Northeast,Surin,Jun,1958518,1865892,100,69,287,4.08
P03417,Health Data,Northeast,Surin,Jun,794156,663816,100,64,1576,3.91
P03418,Health Promotion,Northeast,Surin,Jun,1952945,1369442,100,95,521,4.53
P03419,Policy Development,Northeast,Surin,Jun,1566695,1452769,100,60,1968,4.83
P03420,Network Strengthening,Northeast,Surin,Jun,1340387,1313205,100,80,1116,3.56
P03421,Community Health,Northeast,Surin,Jul,1392174,1029997,100,71,2879,3.85
P03422,Elderly Care,Northeast,Surin,Jul,1527838,1437849,100,91,1746,3.82
P03423,Mental Health,Northeast,Surin,Jul,727511,694051,100,74,1384,4.89
P03424,Healthy School,Northeast,Surin,Jul,1924969,1683792,100,78,1039,3.8
P03425,Food Safety,Northeast,Surin,Jul,1137726,802096,100,74,421,4.24
P03426,NCD Prevention,Northeast,Surin,Jul,1104677,865742,100,86,740,3.96
P03427,Health Data,Northeast,Surin,Jul,1348422,1174451,100,60,2645,3.98
P03428,Health Promotion,Northeast,Surin,Jul,648241,526448,100,82,2191,4.0
P03429,Policy Development,Northeast,Surin,Jul,1875069,1470669,100,70,1981,4.1
P03430,Network Strengthening,Northeast,Surin,Jul,761152,634435,100,81,2894,4.91
P03431,Community Health,Northeast,Surin,Aug,680047,673052,100,63,2905,3.58
P03432,Elderly Care,Northeast,Surin,Aug,1872768,1734696,100,89,1471,4.43
P03433,Mental Health,Northeast,Surin,Aug,614665,562819,100,84,1424,4.42
P03434,Healthy School,Northeast,Surin,Aug,665805,635875,100,93,1419,4.16
P03435,Food Safety,Northeast,Surin,Aug,565995,478482,100,91,1267,4.66
P03436,NCD Prevention,Northeast,Surin,Aug,1824533,1421578,100,61,794,3.78
P03437,Health Data,Northeast,Surin,Aug,1641866,1435877,100,87,1589,4.03
P03438,Health Promotion,Northeast,Surin,Aug,1683782,1651405,100,83,1893,4.51
P03439,Policy Development,Northeast,Surin,Aug,1947584,1584980,100,98,1536,4.2
P03440,Network Strengthening,Northeast,Surin,Aug,829786,620642,100,65,947,4.03
P03441,Community Health,Northeast,Surin,Sep,1294873,1005866,100,89,662,4.15
P03442,Elderly Care,Northeast,Surin,Sep,1033069,989217,100,71,2662,4.46
P03443,Mental Health,Northeast,Surin,Sep,1318651,1031587,100,92,1629,3.86
P03444,Healthy School,Northeast,Surin,Sep,1321077,1153126,100,87,1650,4.04
P03445,Food Safety,Northeast,Surin,Sep,868732,745926,100,88,509,4.72
P03446,NCD Prevention,Northeast,Surin,Sep,1847898,1449238,100,98,2331,3.75
P03447,Health Data,Northeast,Surin,Sep,1907651,1445348,100,66,645,3.81
P03448,Health Promotion,Northeast,Surin,Sep,1615150,1369314,100,87,2449,4.3
P03449,Policy Development,Northeast,Surin,Sep,1263250,1003109,100,77,1474,4.14
P03450,Network Strengthening,Northeast,Surin,Sep,1425053,1231407,100,67,2027,4.36
P03451,Community Health,Northeast,Surin,Oct,816572,607883,100,63,685,4.8
P03452,Elderly Care,Northeast,Surin,Oct,1771431,1580569,100,72,1284,4.41
P03453,Mental Health,Northeast,Surin,Oct,703612,599798,100,70,1777,4.11
P03454,Healthy School,Northeast,Surin,Oct,1153752,1119257,100,86,1129,4.03
P03455,Food Safety,Northeast,Surin,Oct,608925,486861,100,99,423,3.89
P03456,NCD Prevention,Northeast,Surin,Oct,1519635,1126263,100,69,1600,4.83
P03457,Health Data,Northeast,Surin,Oct,1208895,945890,100,61,2225,4.41
P03458,Health Promotion,Northeast,Surin,Oct,1088594,950301,100,62,2857,3.85
P03459,Policy Development,Northeast,Surin,Oct,787480,564700,100,82,890,4.59
P03460,Network Strengthening,Northeast,Surin,Oct,1559713,1173129,100,97,2103,4.31
P03461,Community Health,Northeast,Surin,Nov,776805,772792,100,82,236,4.49
P03462,Elderly Care,Northeast,Surin,Nov,1013037,1000696,100,98,2279,4.37
P03463,Mental Health,Northeast,Surin,Nov,641381,480473,100,91,1986,4.2
P03464,Healthy School,Northeast,Surin,Nov,922306,828388,100,69,2298,3.85
P03465,Food Safety,Northeast,Surin,Nov,1293924,1051184,100,68,2631,4.74
P03466,NCD Prevention,Northeast,Surin,Nov,1518819,1167690,100,95,2976,4.91
P03467,Health Data,Northeast,Surin,Nov,545392,411521,100,69,2626,4.52
P03468,Health Promotion,Northeast,Surin,Nov,1647785,1471715,100,83,2487,4.3
P03469,Policy Development,Northeast,Surin,Nov,1522498,1187311,100,97,1435,4.43
P03470,Network Strengthening,Northeast,Surin,Nov,1916127,1829361,100,92,1837,4.31
P03471,Community Health,Northeast,Surin,Dec,1170542,912485,100,94,2556,3.52
P03472,Elderly Care,Northeast,Surin,Dec,1139662,1081648,100,73,290,4.89
P03473,Mental Health,Northeast,Surin,Dec,1016297,898129,100,64,1793,4.37
P03474,Healthy School,Northeast,Surin,Dec,710273,579017,100,70,2602,4.36
P03475,Food Safety,Northeast,Surin,Dec,1056811,946241,100,78,2489,4.54
P03476,NCD Prevention,Northeast,Surin,Dec,595084,472626,100,83,390,3.53
P03477,Health Data,Northeast,Surin,Dec,601858,528229,100,80,961,3.62
P03478,Health Promotion,Northeast,Surin,Dec,774981,696312,100,66,2315,4.16
P03479,Policy Development,Northeast,Surin,Dec,655820,625946,100,88,1185,4.4
P03480,Network Strengthening,Northeast,Surin,Dec,1588891,1490963,100,91,1689,3.95
P03481,Community Health,Northeast,Buri Ram,Jan,1421914,1032423,100,95,2035,3.72
P03482,Elderly Care,Northeast,Buri Ram,Jan,1173606,1036202,100,65,2181,3.57
P03483,Mental Health,Northeast,Buri Ram,Jan,1276158,1014364,100,81,188,4.4
P03484,Healthy School,Northeast,Buri Ram,Jan,974423,716090,100,96,336,3.98
P03485,Food Safety,Northeast,Buri Ram,Jan,1325719,965403,100,80,975,4.6
P03486,NCD Prevention,Northeast,Buri Ram,Jan,1012091,743093,100,82,618,4.44
P03487,Health Data,Northeast,Buri Ram,Jan,754010,649728,100,76,1412,4.16
P03488,Health Promotion,Northeast,Buri Ram,Jan,1559985,1538044,100,61,252,4.32
P03489,Policy Development,Northeast,Buri Ram,Jan,527749,392787,100,70,2462,4.34
P03490,Network Strengthening,Northeast,Buri Ram,Jan,1029587,1006531,100,99,373,4.91
P03491,Community Health,Northeast,Buri Ram,Feb,1581058,1215079,100,74,1140,3.91
P03492,Elderly Care,Northeast,Buri Ram,Feb,680482,503129,100,74,2249,3.78
P03493,Mental Health,Northeast,Buri Ram,Feb,1625056,1430859,100,85,2849,4.43
P03494,Healthy School,Northeast,Buri Ram,Feb,1815445,1662298,100,67,1477,4.48
P03495,Food Safety,Northeast,Buri Ram,Feb,1638636,1618359,100,80,1874,4.25
P03496,NCD Prevention,Northeast,Buri Ram,Feb,1803891,1770667,100,71,2119,3.53
P03497,Health Data,Northeast,Buri Ram,Feb,696443,658729,100,80,2651,3.55
P03498,Health Promotion,Northeast,Buri Ram,Feb,1516652,1172353,100,93,1969,4.93
P03499,Policy Development,Northeast,Buri Ram,Feb,1059799,762596,100,71,1364,4.75
P03500,Network Strengthening,Northeast,Buri Ram,Feb,1841459,1618584,100,98,1791,4.48
P03501,Community Health,Northeast,Buri Ram,Mar,1004309,968041,100,77,680,3.85
P03502,Elderly Care,Northeast,Buri Ram,Mar,962667,862946,100,63,947,4.06
P03503,Mental Health,Northeast,Buri Ram,Mar,1515077,1132559,100,73,2972,4.17
P03504,Healthy School,Northeast,Buri Ram,Mar,1499037,1464765,100,61,2773,4.13
P03505,Food Safety,Northeast,Buri Ram,Mar,1243793,1209748,100,78,557,4.34
P03506,NCD Prevention,Northeast,Buri Ram,Mar,936617,786010,100,68,2559,3.66
P03507,Health Data,Northeast,Buri Ram,Mar,1498413,1295162,100,98,2649,3.69
P03508,Health Promotion,Northeast,Buri Ram,Mar,1335926,1038382,100,85,2531,3.63
P03509,Policy Development,Northeast,Buri Ram,Mar,1569548,1104761,100,99,398,4.82
P03510,Network Strengthening,Northeast,Buri Ram,Mar,1373646,1016534,100,74,1674,4.66
P03511,Community Health,Northeast,Buri Ram,Apr,1524466,1271436,100,100,1276,4.47
P03512,Elderly Care,Northeast,Buri Ram,Apr,964026,750282,100,89,778,3.96
P03513,Mental Health,Northeast,Buri Ram,Apr,1697116,1647985,100,99,216,4.58
P03514,Healthy School,Northeast,Buri Ram,Apr,801831,670158,100,63,2199,3.98
P03515,Food Safety,Northeast,Buri Ram,Apr,1361765,1263429,100,88,2338,4.95
P03516,NCD Prevention,Northeast,Buri Ram,Apr,1549018,1459569,100,64,1411,4.49
P03517,Health Data,Northeast,Buri Ram,Apr,1632806,1304674,100,89,2282,4.96
P03518,Health Promotion,Northeast,Buri Ram,Apr,1713598,1339210,100,62,2332,4.85
P03519,Policy Development,Northeast,Buri Ram,Apr,1034847,837045,100,90,2010,4.49
P03520,Network Strengthening,Northeast,Buri Ram,Apr,1677680,1320163,100,93,2195,4.61
P03521,Community Health,Northeast,Buri Ram,May,1506549,1153946,100,62,974,4.94
P03522,Elderly Care,Northeast,Buri Ram,May,1829741,1731292,100,85,1266,4.21
P03523,Mental Health,Northeast,Buri Ram,May,1882305,1601859,100,97,1156,3.82
P03524,Healthy School,Northeast,Buri Ram,May,1392778,1203245,100,64,262,3.57
P03525,Food Safety,Northeast,Buri Ram,May,1117417,948083,100,70,2047,3.63
P03526,NCD Prevention,Northeast,Buri Ram,May,1448566,1242975,100,79,1345,4.0
P03527,Health Data,Northeast,Buri Ram,May,1920016,1368551,100,85,371,3.88
P03528,Health Promotion,Northeast,Buri Ram,May,1705843,1680933,100,68,729,4.33
P03529,Policy Development,Northeast,Buri Ram,May,1406796,1362618,100,86,2162,4.02
P03530,Network Strengthening,Northeast,Buri Ram,May,1268527,974608,100,94,733,3.88
P03531,Community Health,Northeast,Buri Ram,Jun,1710529,1400115,100,66,890,4.22
P03532,Elderly Care,Northeast,Buri Ram,Jun,1691954,1188182,100,91,1479,4.93
P03533,Mental Health,Northeast,Buri Ram,Jun,1292756,993841,100,92,648,3.85
P03534,Healthy School,Northeast,Buri Ram,Jun,694134,632159,100,61,1716,3.94
P03535,Food Safety,Northeast,Buri Ram,Jun,668773,561825,100,63,1051,3.73
P03536,NCD Prevention,Northeast,Buri Ram,Jun,1096502,1083883,100,69,545,4.79
P03537,Health Data,Northeast,Buri Ram,Jun,1940262,1377819,100,79,2985,3.55
P03538,Health Promotion,Northeast,Buri Ram,Jun,1306071,1213833,100,62,2586,4.08
P03539,Policy Development,Northeast,Buri Ram,Jun,1378920,974597,100,95,810,3.56
P03540,Network Strengthening,Northeast,Buri Ram,Jun,1280873,1166318,100,61,2859,4.74
P03541,Community Health,Northeast,Buri Ram,Jul,979179,714115,100,91,1291,3.75
P03542,Elderly Care,Northeast,Buri Ram,Jul,1559138,1144820,100,82,233,4.61
P03543,Mental Health,Northeast,Buri Ram,Jul,725783,603124,100,79,2464,3.95
P03544,Healthy School,Northeast,Buri Ram,Jul,974501,865011,100,75,1533,5.0
P03545,Food Safety,Northeast,Buri Ram,Jul,1889381,1765119,100,77,2421,4.09
P03546,NCD Prevention,Northeast,Buri Ram,Jul,714901,656361,100,81,2205,3.52
P03547,Health Data,Northeast,Buri Ram,Jul,1665353,1343911,100,95,1652,3.5
P03548,Health Promotion,Northeast,Buri Ram,Jul,1603416,1298941,100,86,1621,3.95
P03549,Policy Development,Northeast,Buri Ram,Jul,1915108,1775060,100,93,1311,3.94
P03550,Network Strengthening,Northeast,Buri Ram,Jul,981109,728620,100,100,2994,4.49
P03551,Community Health,Northeast,Buri Ram,Aug,1877741,1374044,100,73,641,3.94
P03552,Elderly Care,Northeast,Buri Ram,Aug,1699022,1209004,100,67,267,3.55
P03553,Mental Health,Northeast,Buri Ram,Aug,1193469,926220,100,78,1746,3.64
P03554,Healthy School,Northeast,Buri Ram,Aug,1400548,1068293,100,87,922,4.74
P03555,Food Safety,Northeast,Buri Ram,Aug,1437519,1330097,100,61,2382,4.81
P03556,NCD Prevention,Northeast,Buri Ram,Aug,1416460,1386904,100,88,2744,3.7
P03557,Health Data,Northeast,Buri Ram,Aug,1881384,1715843,100,81,1133,3.55
P03558,Health Promotion,Northeast,Buri Ram,Aug,1436875,1033653,100,91,1507,4.33
P03559,Policy Development,Northeast,Buri Ram,Aug,1324969,1082656,100,78,2796,3.91
P03560,Network Strengthening,Northeast,Buri Ram,Aug,1193501,1177045,100,95,1093,4.49
P03561,Community Health,Northeast,Buri Ram,Sep,1467925,1096919,100,68,1631,4.58
P03562,Elderly Care,Northeast,Buri Ram,Sep,537440,390761,100,92,221,4.1
P03563,Mental Health,Northeast,Buri Ram,Sep,1678768,1448846,100,63,2221,3.74
P03564,Healthy School,Northeast,Buri Ram,Sep,1806968,1439122,100,69,2368,3.97
P03565,Food Safety,Northeast,Buri Ram,Sep,1282647,1276033,100,94,1908,3.78
P03566,NCD Prevention,Northeast,Buri Ram,Sep,1706773,1264915,100,97,1191,3.74
P03567,Health Data,Northeast,Buri Ram,Sep,934534,799919,100,79,253,4.2
P03568,Health Promotion,Northeast,Buri Ram,Sep,1186742,1157975,100,84,761,3.81
P03569,Policy Development,Northeast,Buri Ram,Sep,1156690,1005850,100,73,697,4.95
P03570,Network Strengthening,Northeast,Buri Ram,Sep,661533,642352,100,89,673,4.26
P03571,Community Health,Northeast,Buri Ram,Oct,1214949,863105,100,92,249,4.87
P03572,Elderly Care,Northeast,Buri Ram,Oct,1906196,1562749,100,79,1684,5.0
P03573,Mental Health,Northeast,Buri Ram,Oct,1681000,1249362,100,97,1453,4.49
P03574,Healthy School,Northeast,Buri Ram,Oct,1006889,950700,100,60,1921,4.3
P03575,Food Safety,Northeast,Buri Ram,Oct,1170730,1065049,100,69,2638,4.79
P03576,NCD Prevention,Northeast,Buri Ram,Oct,1768494,1424303,100,73,2098,4.55
P03577,Health Data,Northeast,Buri Ram,Oct,942567,760927,100,73,385,4.97
P03578,Health Promotion,Northeast,Buri Ram,Oct,522811,488640,100,91,1574,3.71
P03579,Policy Development,Northeast,Buri Ram,Oct,1138051,1025483,100,100,2635,4.24
P03580,Network Strengthening,Northeast,Buri Ram,Oct,1324561,1015834,100,94,1939,3.83
P03581,Community Health,Northeast,Buri Ram,Nov,1730737,1644167,100,90,1571,4.16
P03582,Elderly Care,Northeast,Buri Ram,Nov,1458752,1417364,100,63,1367,4.04
P03583,Mental Health,Northeast,Buri Ram,Nov,1314579,1206846,100,74,713,3.58
P03584,Healthy School,Northeast,Buri Ram,Nov,813868,571322,100,61,1549,4.56
P03585,Food Safety,Northeast,Buri Ram,Nov,1951544,1892098,100,81,2065,4.01
P03586,NCD Prevention,Northeast,Buri Ram,Nov,613318,523464,100,69,2088,4.46
P03587,Health Data,Northeast,Buri Ram,Nov,1854571,1539362,100,87,1524,4.26
P03588,Health Promotion,Northeast,Buri Ram,Nov,1709669,1564977,100,85,1664,4.3
P03589,Policy Development,Northeast,Buri Ram,Nov,573570,492196,100,63,2434,3.7
P03590,Network Strengthening,Northeast,Buri Ram,Nov,662172,544787,100,80,1359,4.27
P03591,Community Health,Northeast,Buri Ram,Dec,1075438,1068350,100,78,2197,3.92
P03592,Elderly Care,Northeast,Buri Ram,Dec,1589592,1560987,100,67,1139,4.56
P03593,Mental Health,Northeast,Buri Ram,Dec,633693,554273,100,100,196,3.73
P03594,Healthy School,Northeast,Buri Ram,Dec,1827417,1393601,100,94,1810,3.91
P03595,Food Safety,Northeast,Buri Ram,Dec,500695,407233,100,99,468,3.96
P03596,NCD Prevention,Northeast,Buri Ram,Dec,639673,448607,100,83,266,4.5
P03597,Health Data,Northeast,Buri Ram,Dec,1755855,1242913,100,96,1729,4.03
P03598,Health Promotion,Northeast,Buri Ram,Dec,1195466,948447,100,100,1440,4.56
P03599,Policy Development,Northeast,Buri Ram,Dec,1025831,745795,100,72,874,3.77
P03600,Network Strengthening,Northeast,Buri Ram,Dec,1431572,1386768,100,99,1631,4.12
P03601,Community Health,Northeast,Chaiyaphum,Jan,1678024,1640571,100,99,381,3.95
P03602,Elderly Care,Northeast,Chaiyaphum,Jan,851153,715687,100,92,755,3.86
P03603,Mental Health,Northeast,Chaiyaphum,Jan,1055752,751378,100,83,2732,3.95
P03604,Healthy School,Northeast,Chaiyaphum,Jan,1921369,1660462,100,97,1625,4.7
P03605,Food Safety,Northeast,Chaiyaphum,Jan,1101808,893803,100,96,159,4.36
P03606,NCD Prevention,Northeast,Chaiyaphum,Jan,526977,458086,100,79,462,4.71
P03607,Health Data,Northeast,Chaiyaphum,Jan,1405677,1221087,100,80,2783,3.8
P03608,Health Promotion,Northeast,Chaiyaphum,Jan,1008057,830027,100,87,1587,3.91
P03609,Policy Development,Northeast,Chaiyaphum,Jan,1900738,1685845,100,95,2786,3.7
P03610,Network Strengthening,Northeast,Chaiyaphum,Jan,637875,491348,100,99,575,4.32
P03611,Community Health,Northeast,Chaiyaphum,Feb,617922,547185,100,96,2317,4.54
P03612,Elderly Care,Northeast,Chaiyaphum,Feb,1081355,770278,100,62,1369,3.54
P03613,Mental Health,Northeast,Chaiyaphum,Feb,1469547,1303031,100,92,2265,3.67
P03614,Healthy School,Northeast,Chaiyaphum,Feb,1690566,1219724,100,91,2741,4.73
P03615,Food Safety,Northeast,Chaiyaphum,Feb,1474927,1236305,100,85,1993,4.46
P03616,NCD Prevention,Northeast,Chaiyaphum,Feb,895535,734562,100,99,2661,3.57
P03617,Health Data,Northeast,Chaiyaphum,Feb,1650225,1352556,100,60,933,4.59
P03618,Health Promotion,Northeast,Chaiyaphum,Feb,1290993,986451,100,71,1420,4.48
P03619,Policy Development,Northeast,Chaiyaphum,Feb,1313156,1175961,100,74,1343,3.8
P03620,Network Strengthening,Northeast,Chaiyaphum,Feb,866431,817589,100,63,386,3.83
P03621,Community Health,Northeast,Chaiyaphum,Mar,676603,583769,100,97,2341,4.78
P03622,Elderly Care,Northeast,Chaiyaphum,Mar,1695563,1552369,100,72,1938,4.09
P03623,Mental Health,Northeast,Chaiyaphum,Mar,720169,683834,100,61,2346,3.68
P03624,Healthy School,Northeast,Chaiyaphum,Mar,1319179,1272985,100,94,745,4.35
P03625,Food Safety,Northeast,Chaiyaphum,Mar,1825692,1575042,100,78,565,3.62
P03626,NCD Prevention,Northeast,Chaiyaphum,Mar,965158,921426,100,83,2668,3.99
P03627,Health Data,Northeast,Chaiyaphum,Mar,1103327,784521,100,100,2701,4.2
P03628,Health Promotion,Northeast,Chaiyaphum,Mar,1817861,1677172,100,86,2807,4.03
P03629,Policy Development,Northeast,Chaiyaphum,Mar,1895593,1543229,100,77,2781,4.06
P03630,Network Strengthening,Northeast,Chaiyaphum,Mar,1879812,1448834,100,77,2532,3.99
P03631,Community Health,Northeast,Chaiyaphum,Apr,1141664,919424,100,83,2524,4.69
P03632,Elderly Care,Northeast,Chaiyaphum,Apr,755216,735377,100,68,2700,4.8
P03633,Mental Health,Northeast,Chaiyaphum,Apr,1543741,1127452,100,63,654,4.19
P03634,Healthy School,Northeast,Chaiyaphum,Apr,1406532,1352974,100,79,192,4.51
P03635,Food Safety,Northeast,Chaiyaphum,Apr,1790987,1699580,100,75,2769,3.7
P03636,NCD Prevention,Northeast,Chaiyaphum,Apr,913287,673162,100,91,266,4.29
P03637,Health Data,Northeast,Chaiyaphum,Apr,1618230,1291927,100,93,616,3.61
P03638,Health Promotion,Northeast,Chaiyaphum,Apr,1055926,838757,100,74,1039,4.3
P03639,Policy Development,Northeast,Chaiyaphum,Apr,1523767,1337141,100,93,242,3.67
P03640,Network Strengthening,Northeast,Chaiyaphum,Apr,947079,783306,100,67,260,3.76
P03641,Community Health,Northeast,Chaiyaphum,May,1564954,1264507,100,75,2270,3.51
P03642,Elderly Care,Northeast,Chaiyaphum,May,1994313,1975517,100,100,1671,3.8
P03643,Mental Health,Northeast,Chaiyaphum,May,1737494,1590947,100,91,2581,4.43
P03644,Healthy School,Northeast,Chaiyaphum,May,546288,405587,100,82,1817,4.97
P03645,Food Safety,Northeast,Chaiyaphum,May,1301673,966770,100,84,1142,4.53
P03646,NCD Prevention,Northeast,Chaiyaphum,May,896933,782300,100,89,513,3.8
P03647,Health Data,Northeast,Chaiyaphum,May,1954131,1685056,100,66,2777,3.52
P03648,Health Promotion,Northeast,Chaiyaphum,May,1814414,1812677,100,67,1582,4.14
P03649,Policy Development,Northeast,Chaiyaphum,May,1555495,1539176,100,60,2463,4.55
P03650,Network Strengthening,Northeast,Chaiyaphum,May,1599979,1332891,100,80,2825,4.7
P03651,Community Health,Northeast,Chaiyaphum,Jun,1963303,1643007,100,73,2884,4.41
P03652,Elderly Care,Northeast,Chaiyaphum,Jun,937282,894501,100,80,171,4.18
P03653,Mental Health,Northeast,Chaiyaphum,Jun,1385558,1053415,100,77,2822,4.27
P03654,Healthy School,Northeast,Chaiyaphum,Jun,1104969,991896,100,97,2178,4.54
P03655,Food Safety,Northeast,Chaiyaphum,Jun,1966973,1810820,100,85,2398,3.92
P03656,NCD Prevention,Northeast,Chaiyaphum,Jun,708209,592274,100,86,2220,4.25
P03657,Health Data,Northeast,Chaiyaphum,Jun,1345425,1297559,100,66,1934,4.84
P03658,Health Promotion,Northeast,Chaiyaphum,Jun,1370692,1359777,100,81,2464,4.04
P03659,Policy Development,Northeast,Chaiyaphum,Jun,1353214,1040201,100,64,1222,4.96
P03660,Network Strengthening,Northeast,Chaiyaphum,Jun,1277065,1083976,100,98,1575,4.11
P03661,Community Health,Northeast,Chaiyaphum,Jul,1265353,1135333,100,73,2412,3.77
P03662,Elderly Care,Northeast,Chaiyaphum,Jul,1309617,1283752,100,94,2458,4.31
P03663,Mental Health,Northeast,Chaiyaphum,Jul,1838093,1407923,100,92,2951,4.11
P03664,Healthy School,Northeast,Chaiyaphum,Jul,898900,855826,100,69,2632,4.43
P03665,Food Safety,Northeast,Chaiyaphum,Jul,1445146,1341384,100,79,1210,3.57
P03666,NCD Prevention,Northeast,Chaiyaphum,Jul,1577624,1367001,100,72,504,3.72
P03667,Health Data,Northeast,Chaiyaphum,Jul,790140,580285,100,84,576,3.71
P03668,Health Promotion,Northeast,Chaiyaphum,Jul,727757,674191,100,86,1720,3.59
P03669,Policy Development,Northeast,Chaiyaphum,Jul,580005,516857,100,70,2883,4.95
P03670,Network Strengthening,Northeast,Chaiyaphum,Jul,822047,707730,100,95,527,4.46
P03671,Community Health,Northeast,Chaiyaphum,Aug,1663504,1602429,100,72,1771,4.24
P03672,Elderly Care,Northeast,Chaiyaphum,Aug,1292878,1112486,100,70,1861,4.03
P03673,Mental Health,Northeast,Chaiyaphum,Aug,838213,760702,100,69,1360,4.05
P03674,Healthy School,Northeast,Chaiyaphum,Aug,1105725,819759,100,79,1367,4.74
P03675,Food Safety,Northeast,Chaiyaphum,Aug,1594141,1314885,100,97,2193,4.5
P03676,NCD Prevention,Northeast,Chaiyaphum,Aug,1675856,1436324,100,80,1492,4.29
P03677,Health Data,Northeast,Chaiyaphum,Aug,629599,541198,100,83,1046,3.99
P03678,Health Promotion,Northeast,Chaiyaphum,Aug,1653740,1536993,100,61,1261,4.35
P03679,Policy Development,Northeast,Chaiyaphum,Aug,1891008,1490927,100,73,1532,4.63
P03680,Network Strengthening,Northeast,Chaiyaphum,Aug,550297,466787,100,73,703,3.89
P03681,Community Health,Northeast,Chaiyaphum,Sep,1754137,1243985,100,82,766,4.54
P03682,Elderly Care,Northeast,Chaiyaphum,Sep,1893553,1792402,100,60,2329,3.73
P03683,Mental Health,Northeast,Chaiyaphum,Sep,913538,790995,100,60,903,4.08
P03684,Healthy School,Northeast,Chaiyaphum,Sep,1222364,1068556,100,77,2022,4.68
P03685,Food Safety,Northeast,Chaiyaphum,Sep,1527026,1307627,100,79,337,4.47
P03686,NCD Prevention,Northeast,Chaiyaphum,Sep,557700,446984,100,69,1465,4.54
P03687,Health Data,Northeast,Chaiyaphum,Sep,781392,616073,100,76,269,4.89
P03688,Health Promotion,Northeast,Chaiyaphum,Sep,876172,761316,100,83,2725,3.59
P03689,Policy Development,Northeast,Chaiyaphum,Sep,660670,645856,100,82,1265,4.04
P03690,Network Strengthening,Northeast,Chaiyaphum,Sep,1372610,1244172,100,77,1220,3.97
P03691,Community Health,Northeast,Chaiyaphum,Oct,769158,552642,100,90,396,3.7
P03692,Elderly Care,Northeast,Chaiyaphum,Oct,708000,603498,100,84,2396,4.39
P03693,Mental Health,Northeast,Chaiyaphum,Oct,1285541,1262661,100,82,1898,4.94
P03694,Healthy School,Northeast,Chaiyaphum,Oct,1892297,1436466,100,94,1837,4.07
P03695,Food Safety,Northeast,Chaiyaphum,Oct,975739,704544,100,92,2360,3.85
P03696,NCD Prevention,Northeast,Chaiyaphum,Oct,669579,608886,100,95,2595,3.94
P03697,Health Data,Northeast,Chaiyaphum,Oct,1135995,938484,100,90,2533,4.14
P03698,Health Promotion,Northeast,Chaiyaphum,Oct,1988796,1915954,100,98,2886,4.28
P03699,Policy Development,Northeast,Chaiyaphum,Oct,1996772,1623048,100,74,424,4.67
P03700,Network Strengthening,Northeast,Chaiyaphum,Oct,765861,658506,100,64,1594,3.65
P03701,Community Health,Northeast,Chaiyaphum,Nov,555627,426556,100,91,1255,3.98
P03702,Elderly Care,Northeast,Chaiyaphum,Nov,1393671,1190448,100,74,2319,4.54
P03703,Mental Health,Northeast,Chaiyaphum,Nov,1098062,928533,100,73,401,4.94
P03704,Healthy School,Northeast,Chaiyaphum,Nov,1985993,1914367,100,60,1705,3.9
P03705,Food Safety,Northeast,Chaiyaphum,Nov,1790136,1475407,100,83,2362,3.9
P03706,NCD Prevention,Northeast,Chaiyaphum,Nov,1091037,1085962,100,85,2169,4.21
P03707,Health Data,Northeast,Chaiyaphum,Nov,1935360,1828641,100,81,820,4.17
P03708,Health Promotion,Northeast,Chaiyaphum,Nov,612984,439982,100,81,312,3.86
P03709,Policy Development,Northeast,Chaiyaphum,Nov,1091521,1003895,100,60,891,4.91
P03710,Network Strengthening,Northeast,Chaiyaphum,Nov,763135,608195,100,93,1771,3.94
P03711,Community Health,Northeast,Chaiyaphum,Dec,1644021,1576051,100,68,2502,4.74
P03712,Elderly Care,Northeast,Chaiyaphum,Dec,736489,612252,100,67,2218,4.0
P03713,Mental Health,Northeast,Chaiyaphum,Dec,1453384,1440395,100,100,297,4.18
P03714,Healthy School,Northeast,Chaiyaphum,Dec,1577939,1382284,100,77,1851,4.49
P03715,Food Safety,Northeast,Chaiyaphum,Dec,1753509,1403724,100,95,174,4.03
P03716,NCD Prevention,Northeast,Chaiyaphum,Dec,1046139,797584,100,83,587,3.91
P03717,Health Data,Northeast,Chaiyaphum,Dec,1686787,1651095,100,66,1658,4.75
P03718,Health Promotion,Northeast,Chaiyaphum,Dec,699460,522792,100,69,871,3.59
P03719,Policy Development,Northeast,Chaiyaphum,Dec,1680467,1548522,100,61,844,4.38
P03720,Network Strengthening,Northeast,Chaiyaphum,Dec,688958,512255,100,68,808,3.65
P03721,Community Health,Northeast,Nong Khai,Jan,1140479,934753,100,97,1964,4.71
P03722,Elderly Care,Northeast,Nong Khai,Jan,1078507,755197,100,100,783,4.84
P03723,Mental Health,Northeast,Nong Khai,Jan,1640767,1150766,100,96,356,4.82
P03724,Healthy School,Northeast,Nong Khai,Jan,1654753,1390181,100,83,2355,4.52
P03725,Food Safety,Northeast,Nong Khai,Jan,656727,630457,100,72,2628,4.74
P03726,NCD Prevention,Northeast,Nong Khai,Jan,1635312,1265037,100,91,648,4.25
P03727,Health Data,Northeast,Nong Khai,Jan,1235656,912019,100,70,2157,4.09
P03728,Health Promotion,Northeast,Nong Khai,Jan,686237,575376,100,68,879,4.98
P03729,Policy Development,Northeast,Nong Khai,Jan,1731993,1570643,100,94,2564,4.74
P03730,Network Strengthening,Northeast,Nong Khai,Jan,1910213,1699076,100,93,1158,3.54
P03731,Community Health,Northeast,Nong Khai,Feb,576324,520566,100,71,2140,4.28
P03732,Elderly Care,Northeast,Nong Khai,Feb,1108256,1032772,100,63,611,4.86
P03733,Mental Health,Northeast,Nong Khai,Feb,1328830,1203567,100,94,1556,4.63
P03734,Healthy School,Northeast,Nong Khai,Feb,1940033,1864809,100,65,1940,4.52
P03735,Food Safety,Northeast,Nong Khai,Feb,594439,494380,100,88,609,3.76
P03736,NCD Prevention,Northeast,Nong Khai,Feb,1242483,977989,100,79,2136,4.01
P03737,Health Data,Northeast,Nong Khai,Feb,1231412,1212090,100,69,2265,4.78
P03738,Health Promotion,Northeast,Nong Khai,Feb,1812285,1463215,100,94,1264,4.34
P03739,Policy Development,Northeast,Nong Khai,Feb,1504294,1421067,100,77,2942,4.89
P03740,Network Strengthening,Northeast,Nong Khai,Feb,836607,749019,100,75,1128,3.76
P03741,Community Health,Northeast,Nong Khai,Mar,1654078,1435616,100,72,1565,4.32
P03742,Elderly Care,Northeast,Nong Khai,Mar,508723,475321,100,75,1434,4.64
P03743,Mental Health,Northeast,Nong Khai,Mar,1563932,1170732,100,75,1196,3.89
P03744,Healthy School,Northeast,Nong Khai,Mar,1507758,1161553,100,68,1242,3.66
P03745,Food Safety,Northeast,Nong Khai,Mar,1328210,952753,100,68,2020,4.3
P03746,NCD Prevention,Northeast,Nong Khai,Mar,840787,825430,100,83,169,4.7
P03747,Health Data,Northeast,Nong Khai,Mar,1164102,1017796,100,63,1304,4.78
P03748,Health Promotion,Northeast,Nong Khai,Mar,1136076,806401,100,95,1234,4.38
P03749,Policy Development,Northeast,Nong Khai,Mar,1011490,1005630,100,63,156,3.64
P03750,Network Strengthening,Northeast,Nong Khai,Mar,1120764,847449,100,60,736,4.81
P03751,Community Health,Northeast,Nong Khai,Apr,680233,654418,100,98,1456,3.96
P03752,Elderly Care,Northeast,Nong Khai,Apr,1758572,1291472,100,64,1462,3.97
P03753,Mental Health,Northeast,Nong Khai,Apr,931059,887853,100,80,1245,3.65
P03754,Healthy School,Northeast,Nong Khai,Apr,1173442,1054000,100,67,715,4.75
P03755,Food Safety,Northeast,Nong Khai,Apr,1031200,753608,100,83,531,4.73
P03756,NCD Prevention,Northeast,Nong Khai,Apr,1834497,1758442,100,67,235,4.33
P03757,Health Data,Northeast,Nong Khai,Apr,1761704,1691023,100,98,2314,3.64
P03758,Health Promotion,Northeast,Nong Khai,Apr,1879094,1689406,100,84,643,3.99
P03759,Policy Development,Northeast,Nong Khai,Apr,1361973,1220501,100,75,908,4.3
P03760,Network Strengthening,Northeast,Nong Khai,Apr,1540725,1183625,100,96,1534,4.99
P03761,Community Health,Northeast,Nong Khai,May,1688423,1253064,100,64,2051,4.67
P03762,Elderly Care,Northeast,Nong Khai,May,1151989,1122630,100,97,2237,3.9
P03763,Mental Health,Northeast,Nong Khai,May,1427847,1402257,100,85,1973,4.41
P03764,Healthy School,Northeast,Nong Khai,May,515139,489863,100,85,2236,4.84
P03765,Food Safety,Northeast,Nong Khai,May,1760609,1587083,100,73,1418,4.09
P03766,NCD Prevention,Northeast,Nong Khai,May,734045,559181,100,60,315,4.67
P03767,Health Data,Northeast,Nong Khai,May,1243782,1122037,100,100,1518,4.61
P03768,Health Promotion,Northeast,Nong Khai,May,1287913,1004423,100,89,2384,3.54
P03769,Policy Development,Northeast,Nong Khai,May,1574800,1157296,100,98,2787,4.1
P03770,Network Strengthening,Northeast,Nong Khai,May,1649347,1337184,100,79,1540,4.04
P03771,Community Health,Northeast,Nong Khai,Jun,1015661,914262,100,62,937,4.13
P03772,Elderly Care,Northeast,Nong Khai,Jun,1266356,1206471,100,97,1393,4.02
P03773,Mental Health,Northeast,Nong Khai,Jun,1901577,1671764,100,93,2318,4.96
P03774,Healthy School,Northeast,Nong Khai,Jun,1167724,1070862,100,73,299,4.05
P03775,Food Safety,Northeast,Nong Khai,Jun,1404552,1095976,100,71,739,4.28
P03776,NCD Prevention,Northeast,Nong Khai,Jun,563544,480383,100,93,1780,3.74
P03777,Health Data,Northeast,Nong Khai,Jun,966205,702970,100,86,1395,4.12
P03778,Health Promotion,Northeast,Nong Khai,Jun,678278,525660,100,100,1642,4.92
P03779,Policy Development,Northeast,Nong Khai,Jun,938025,811339,100,87,2227,4.55
P03780,Network Strengthening,Northeast,Nong Khai,Jun,568401,458216,100,98,1898,4.51
P03781,Community Health,Northeast,Nong Khai,Jul,1110541,922734,100,91,2271,4.52
P03782,Elderly Care,Northeast,Nong Khai,Jul,1696747,1194654,100,85,1617,4.86
P03783,Mental Health,Northeast,Nong Khai,Jul,1937720,1443933,100,78,2135,4.47
P03784,Healthy School,Northeast,Nong Khai,Jul,1270601,1130240,100,80,203,3.84
P03785,Food Safety,Northeast,Nong Khai,Jul,518032,435627,100,82,999,4.0
P03786,NCD Prevention,Northeast,Nong Khai,Jul,1587082,1355166,100,83,432,4.64
P03787,Health Data,Northeast,Nong Khai,Jul,1224049,871551,100,87,2514,4.9
P03788,Health Promotion,Northeast,Nong Khai,Jul,931724,704232,100,91,246,4.26
P03789,Policy Development,Northeast,Nong Khai,Jul,1556470,1189840,100,93,239,4.37
P03790,Network Strengthening,Northeast,Nong Khai,Jul,747409,607865,100,68,2799,4.74
P03791,Community Health,Northeast,Nong Khai,Aug,1379781,1352549,100,75,1426,4.77
P03792,Elderly Care,Northeast,Nong Khai,Aug,852757,624404,100,81,2831,4.6
P03793,Mental Health,Northeast,Nong Khai,Aug,1180064,949975,100,67,283,3.84
P03794,Healthy School,Northeast,Nong Khai,Aug,1257598,1142110,100,63,313,4.3
P03795,Food Safety,Northeast,Nong Khai,Aug,1361956,1250142,100,85,1476,3.75
P03796,NCD Prevention,Northeast,Nong Khai,Aug,583673,482135,100,80,324,4.61
P03797,Health Data,Northeast,Nong Khai,Aug,1403899,1078684,100,74,255,3.94
P03798,Health Promotion,Northeast,Nong Khai,Aug,801213,727263,100,80,1778,4.01
P03799,Policy Development,Northeast,Nong Khai,Aug,1630710,1306077,100,76,1793,4.55
P03800,Network Strengthening,Northeast,Nong Khai,Aug,1106230,891856,100,81,531,3.84
P03801,Community Health,Northeast,Nong Khai,Sep,1606857,1374070,100,60,2473,4.85
P03802,Elderly Care,Northeast,Nong Khai,Sep,1687072,1273229,100,75,307,4.34
P03803,Mental Health,Northeast,Nong Khai,Sep,697637,675667,100,60,2285,4.73
P03804,Healthy School,Northeast,Nong Khai,Sep,1967570,1596679,100,83,444,4.05
P03805,Food Safety,Northeast,Nong Khai,Sep,1440927,1275065,100,83,2466,4.84
P03806,NCD Prevention,Northeast,Nong Khai,Sep,1951888,1875961,100,71,287,3.73
P03807,Health Data,Northeast,Nong Khai,Sep,1542556,1087666,100,75,374,3.63
P03808,Health Promotion,Northeast,Nong Khai,Sep,1836082,1435637,100,96,454,4.24
P03809,Policy Development,Northeast,Nong Khai,Sep,858952,639503,100,65,265,3.6
P03810,Network Strengthening,Northeast,Nong Khai,Sep,1501046,1162109,100,91,2371,3.8
P03811,Community Health,Northeast,Nong Khai,Oct,1189149,1163737,100,72,1331,4.77
P03812,Elderly Care,Northeast,Nong Khai,Oct,1929660,1578681,100,80,1107,4.55
P03813,Mental Health,Northeast,Nong Khai,Oct,1574941,1127793,100,68,849,4.14
P03814,Healthy School,Northeast,Nong Khai,Oct,1572287,1411745,100,89,1748,4.01
P03815,Food Safety,Northeast,Nong Khai,Oct,1192962,1109333,100,84,877,3.96
P03816,NCD Prevention,Northeast,Nong Khai,Oct,1256408,1152849,100,94,584,4.43
P03817,Health Data,Northeast,Nong Khai,Oct,1728047,1466612,100,99,677,3.65
P03818,Health Promotion,Northeast,Nong Khai,Oct,1659056,1264436,100,89,1212,4.32
P03819,Policy Development,Northeast,Nong Khai,Oct,1747145,1589424,100,97,388,4.6
P03820,Network Strengthening,Northeast,Nong Khai,Oct,922864,730062,100,94,1968,4.63
P03821,Community Health,Northeast,Nong Khai,Nov,699820,646714,100,72,898,4.54
P03822,Elderly Care,Northeast,Nong Khai,Nov,1906398,1515785,100,93,1607,3.78
P03823,Mental Health,Northeast,Nong Khai,Nov,1526018,1382428,100,69,434,4.6
P03824,Healthy School,Northeast,Nong Khai,Nov,1254509,1125985,100,84,1970,4.56
P03825,Food Safety,Northeast,Nong Khai,Nov,610499,602331,100,64,583,4.49
P03826,NCD Prevention,Northeast,Nong Khai,Nov,1779221,1726852,100,86,888,4.72
P03827,Health Data,Northeast,Nong Khai,Nov,650563,532193,100,98,2530,4.36
P03828,Health Promotion,Northeast,Nong Khai,Nov,762663,544033,100,77,305,4.87
P03829,Policy Development,Northeast,Nong Khai,Nov,1513481,1096620,100,62,154,3.95
P03830,Network Strengthening,Northeast,Nong Khai,Nov,1246434,919998,100,68,1225,3.8
P03831,Community Health,Northeast,Nong Khai,Dec,1665775,1203800,100,95,1160,4.83
P03832,Elderly Care,Northeast,Nong Khai,Dec,1628011,1366230,100,92,892,3.66
P03833,Mental Health,Northeast,Nong Khai,Dec,1002236,947247,100,97,159,3.96
P03834,Healthy School,Northeast,Nong Khai,Dec,1477195,1248762,100,98,2900,4.3
P03835,Food Safety,Northeast,Nong Khai,Dec,1638928,1571779,100,82,1562,3.52
P03836,NCD Prevention,Northeast,Nong Khai,Dec,1546340,1412860,100,82,454,4.7
P03837,Health Data,Northeast,Nong Khai,Dec,1514068,1144609,100,90,235,4.15
P03838,Health Promotion,Northeast,Nong Khai,Dec,892838,676982,100,94,1753,3.83
P03839,Policy Development,Northeast,Nong Khai,Dec,1934878,1422725,100,77,2941,4.16
P03840,Network Strengthening,Northeast,Nong Khai,Dec,1054964,826681,100,80,1790,4.26
P03841,Community Health,Northeast,Nong Bua Lam Phu,Jan,1223315,1005916,100,65,1306,4.45
P03842,Elderly Care,Northeast,Nong Bua Lam Phu,Jan,1235618,998984,100,95,440,4.39
P03843,Mental Health,Northeast,Nong Bua Lam Phu,Jan,1214647,1165524,100,95,1764,4.26
P03844,Healthy School,Northeast,Nong Bua Lam Phu,Jan,986372,945802,100,96,1281,4.51
P03845,Food Safety,Northeast,Nong Bua Lam Phu,Jan,778819,758739,100,95,2886,4.97
P03846,NCD Prevention,Northeast,Nong Bua Lam Phu,Jan,1450974,1295821,100,94,1402,4.41
P03847,Health Data,Northeast,Nong Bua Lam Phu,Jan,718254,667738,100,81,2028,4.19
P03848,Health Promotion,Northeast,Nong Bua Lam Phu,Jan,528827,429643,100,95,1228,4.44
P03849,Policy Development,Northeast,Nong Bua Lam Phu,Jan,951856,763108,100,68,1672,3.53
P03850,Network Strengthening,Northeast,Nong Bua Lam Phu,Jan,559647,435478,100,62,2155,4.7
P03851,Community Health,Northeast,Nong Bua Lam Phu,Feb,1104237,840090,100,90,1093,3.98
P03852,Elderly Care,Northeast,Nong Bua Lam Phu,Feb,505654,436616,100,85,2321,4.71
P03853,Mental Health,Northeast,Nong Bua Lam Phu,Feb,1116160,1017301,100,79,1959,4.17
P03854,Healthy School,Northeast,Nong Bua Lam Phu,Feb,986094,721591,100,74,188,4.41
P03855,Food Safety,Northeast,Nong Bua Lam Phu,Feb,627986,602406,100,75,1141,3.88
P03856,NCD Prevention,Northeast,Nong Bua Lam Phu,Feb,1491308,1111155,100,63,1732,4.79
P03857,Health Data,Northeast,Nong Bua Lam Phu,Feb,688552,515128,100,93,1542,3.76
P03858,Health Promotion,Northeast,Nong Bua Lam Phu,Feb,1668218,1316288,100,81,767,4.16
P03859,Policy Development,Northeast,Nong Bua Lam Phu,Feb,1789436,1484698,100,73,1767,4.09
P03860,Network Strengthening,Northeast,Nong Bua Lam Phu,Feb,1417559,1351576,100,85,1555,4.92
P03861,Community Health,Northeast,Nong Bua Lam Phu,Mar,1163993,864598,100,94,1544,3.69
P03862,Elderly Care,Northeast,Nong Bua Lam Phu,Mar,803247,649394,100,67,2771,4.15
P03863,Mental Health,Northeast,Nong Bua Lam Phu,Mar,633942,524314,100,97,1269,4.05
P03864,Healthy School,Northeast,Nong Bua Lam Phu,Mar,1371747,1300420,100,65,1701,4.9
P03865,Food Safety,Northeast,Nong Bua Lam Phu,Mar,639388,608622,100,74,1319,3.87
P03866,NCD Prevention,Northeast,Nong Bua Lam Phu,Mar,928125,840510,100,81,2476,3.81
P03867,Health Data,Northeast,Nong Bua Lam Phu,Mar,1254495,994645,100,90,2554,3.57
P03868,Health Promotion,Northeast,Nong Bua Lam Phu,Mar,608334,457464,100,95,2262,4.77
P03869,Policy Development,Northeast,Nong Bua Lam Phu,Mar,1101863,1093631,100,88,2206,4.91
P03870,Network Strengthening,Northeast,Nong Bua Lam Phu,Mar,1963183,1504373,100,60,2273,4.02
P03871,Community Health,Northeast,Nong Bua Lam Phu,Apr,1595594,1425641,100,92,886,4.83
P03872,Elderly Care,Northeast,Nong Bua Lam Phu,Apr,605273,565546,100,96,630,4.29
P03873,Mental Health,Northeast,Nong Bua Lam Phu,Apr,1731320,1471754,100,76,1447,4.34
P03874,Healthy School,Northeast,Nong Bua Lam Phu,Apr,1723214,1268215,100,94,2959,4.19
P03875,Food Safety,Northeast,Nong Bua Lam Phu,Apr,1757433,1532905,100,95,500,4.64
P03876,NCD Prevention,Northeast,Nong Bua Lam Phu,Apr,542744,536450,100,93,868,4.28
P03877,Health Data,Northeast,Nong Bua Lam Phu,Apr,1953658,1773642,100,60,1504,4.62
P03878,Health Promotion,Northeast,Nong Bua Lam Phu,Apr,849594,749608,100,89,2635,4.81
P03879,Policy Development,Northeast,Nong Bua Lam Phu,Apr,970563,774021,100,85,2621,4.28
P03880,Network Strengthening,Northeast,Nong Bua Lam Phu,Apr,1858982,1420942,100,97,1003,4.37
P03881,Community Health,Northeast,Nong Bua Lam Phu,May,1182628,936589,100,89,1159,3.7
P03882,Elderly Care,Northeast,Nong Bua Lam Phu,May,721867,593870,100,64,2340,4.01
P03883,Mental Health,Northeast,Nong Bua Lam Phu,May,1701385,1245931,100,89,1182,4.71
P03884,Healthy School,Northeast,Nong Bua Lam Phu,May,1778112,1663412,100,92,744,3.63
P03885,Food Safety,Northeast,Nong Bua Lam Phu,May,721192,592286,100,95,468,4.39
P03886,NCD Prevention,Northeast,Nong Bua Lam Phu,May,891868,783588,100,93,947,3.64
P03887,Health Data,Northeast,Nong Bua Lam Phu,May,1044706,737348,100,61,1160,4.73
P03888,Health Promotion,Northeast,Nong Bua Lam Phu,May,1727807,1479091,100,93,1095,4.32
P03889,Policy Development,Northeast,Nong Bua Lam Phu,May,973004,882716,100,72,1822,4.39
P03890,Network Strengthening,Northeast,Nong Bua Lam Phu,May,1081321,894878,100,67,2578,4.78
P03891,Community Health,Northeast,Nong Bua Lam Phu,Jun,755048,559630,100,98,2043,4.8
P03892,Elderly Care,Northeast,Nong Bua Lam Phu,Jun,1936286,1705638,100,78,2612,4.11
P03893,Mental Health,Northeast,Nong Bua Lam Phu,Jun,1846416,1755828,100,82,444,4.51
P03894,Healthy School,Northeast,Nong Bua Lam Phu,Jun,1621104,1455072,100,63,1596,3.92
P03895,Food Safety,Northeast,Nong Bua Lam Phu,Jun,1995169,1931125,100,66,2104,4.83
P03896,NCD Prevention,Northeast,Nong Bua Lam Phu,Jun,1903109,1418913,100,70,2799,4.13
P03897,Health Data,Northeast,Nong Bua Lam Phu,Jun,1980169,1576953,100,85,327,4.73
P03898,Health Promotion,Northeast,Nong Bua Lam Phu,Jun,566629,505056,100,83,611,4.53
P03899,Policy Development,Northeast,Nong Bua Lam Phu,Jun,1508624,1366989,100,63,2680,4.57
P03900,Network Strengthening,Northeast,Nong Bua Lam Phu,Jun,1346200,1117357,100,84,1151,3.57
P03901,Community Health,Northeast,Nong Bua Lam Phu,Jul,1214892,901719,100,91,1970,4.03
P03902,Elderly Care,Northeast,Nong Bua Lam Phu,Jul,1508781,1267885,100,77,2391,4.75
P03903,Mental Health,Northeast,Nong Bua Lam Phu,Jul,1558822,1464273,100,80,2480,3.96
P03904,Healthy School,Northeast,Nong Bua Lam Phu,Jul,710303,687782,100,90,1092,3.59
P03905,Food Safety,Northeast,Nong Bua Lam Phu,Jul,1186786,948749,100,61,960,3.93
P03906,NCD Prevention,Northeast,Nong Bua Lam Phu,Jul,1180434,923057,100,63,1318,4.71
P03907,Health Data,Northeast,Nong Bua Lam Phu,Jul,1414825,1265600,100,94,1038,4.34
P03908,Health Promotion,Northeast,Nong Bua Lam Phu,Jul,1514011,1332716,100,90,539,4.36
P03909,Policy Development,Northeast,Nong Bua Lam Phu,Jul,1299764,1142642,100,94,2070,3.92
P03910,Network Strengthening,Northeast,Nong Bua Lam Phu,Jul,1852230,1484734,100,91,2116,4.62
P03911,Community Health,Northeast,Nong Bua Lam Phu,Aug,700857,608168,100,92,281,4.87
P03912,Elderly Care,Northeast,Nong Bua Lam Phu,Aug,767246,640378,100,63,2032,4.42
P03913,Mental Health,Northeast,Nong Bua Lam Phu,Aug,1893460,1428870,100,66,2477,4.33
P03914,Healthy School,Northeast,Nong Bua Lam Phu,Aug,1288754,1154301,100,74,395,3.54
P03915,Food Safety,Northeast,Nong Bua Lam Phu,Aug,726579,712093,100,100,432,3.75
P03916,NCD Prevention,Northeast,Nong Bua Lam Phu,Aug,1790794,1613856,100,69,2906,4.61
P03917,Health Data,Northeast,Nong Bua Lam Phu,Aug,1886967,1649473,100,82,2874,4.94
P03918,Health Promotion,Northeast,Nong Bua Lam Phu,Aug,597660,452401,100,74,2809,4.19
P03919,Policy Development,Northeast,Nong Bua Lam Phu,Aug,1331966,1222163,100,62,2276,4.63
P03920,Network Strengthening,Northeast,Nong Bua Lam Phu,Aug,1295312,1289357,100,99,1592,3.62
P03921,Community Health,Northeast,Nong Bua Lam Phu,Sep,602355,601897,100,77,2958,4.11
P03922,Elderly Care,Northeast,Nong Bua Lam Phu,Sep,1855581,1619947,100,96,2857,4.71
P03923,Mental Health,Northeast,Nong Bua Lam Phu,Sep,1212742,1191068,100,63,2884,4.89
P03924,Healthy School,Northeast,Nong Bua Lam Phu,Sep,1709607,1691230,100,99,2848,5.0
P03925,Food Safety,Northeast,Nong Bua Lam Phu,Sep,1746469,1455179,100,62,1439,3.75
P03926,NCD Prevention,Northeast,Nong Bua Lam Phu,Sep,625649,450596,100,65,187,3.86
P03927,Health Data,Northeast,Nong Bua Lam Phu,Sep,1693090,1562679,100,93,1555,4.21
P03928,Health Promotion,Northeast,Nong Bua Lam Phu,Sep,1576661,1562544,100,82,1139,3.98
P03929,Policy Development,Northeast,Nong Bua Lam Phu,Sep,1465895,1287922,100,75,1380,4.08
P03930,Network Strengthening,Northeast,Nong Bua Lam Phu,Sep,1800178,1716617,100,67,2585,3.97
P03931,Community Health,Northeast,Nong Bua Lam Phu,Oct,1452694,1320178,100,74,463,3.58
P03932,Elderly Care,Northeast,Nong Bua Lam Phu,Oct,840044,811567,100,72,1690,4.14
P03933,Mental Health,Northeast,Nong Bua Lam Phu,Oct,1076743,1052761,100,92,1873,4.02
P03934,Healthy School,Northeast,Nong Bua Lam Phu,Oct,1064601,832564,100,97,1296,4.53
P03935,Food Safety,Northeast,Nong Bua Lam Phu,Oct,1722995,1664640,100,74,1229,4.32
P03936,NCD Prevention,Northeast,Nong Bua Lam Phu,Oct,712765,659622,100,90,711,4.31
P03937,Health Data,Northeast,Nong Bua Lam Phu,Oct,1723539,1344501,100,83,1560,4.33
P03938,Health Promotion,Northeast,Nong Bua Lam Phu,Oct,1566521,1291264,100,73,1786,4.13
P03939,Policy Development,Northeast,Nong Bua Lam Phu,Oct,1223775,1028273,100,98,2527,4.55
P03940,Network Strengthening,Northeast,Nong Bua Lam Phu,Oct,1484261,1115054,100,84,2843,3.77
P03941,Community Health,Northeast,Nong Bua Lam Phu,Nov,853240,846607,100,75,2892,4.5
P03942,Elderly Care,Northeast,Nong Bua Lam Phu,Nov,612332,501025,100,63,2942,4.74
P03943,Mental Health,Northeast,Nong Bua Lam Phu,Nov,837036,620625,100,98,563,4.88
P03944,Healthy School,Northeast,Nong Bua Lam Phu,Nov,1692721,1344606,100,69,1304,4.14
P03945,Food Safety,Northeast,Nong Bua Lam Phu,Nov,1238089,967527,100,90,2939,4.61
P03946,NCD Prevention,Northeast,Nong Bua Lam Phu,Nov,961932,935650,100,86,2734,4.26
P03947,Health Data,Northeast,Nong Bua Lam Phu,Nov,538415,423559,100,88,883,3.55
P03948,Health Promotion,Northeast,Nong Bua Lam Phu,Nov,740874,603900,100,86,1223,3.87
P03949,Policy Development,Northeast,Nong Bua Lam Phu,Nov,1482977,1260040,100,94,2323,4.36
P03950,Network Strengthening,Northeast,Nong Bua Lam Phu,Nov,734448,600526,100,83,2139,4.75
P03951,Community Health,Northeast,Nong Bua Lam Phu,Dec,1999614,1504415,100,70,2708,4.12
P03952,Elderly Care,Northeast,Nong Bua Lam Phu,Dec,872796,759890,100,100,2621,3.99
P03953,Mental Health,Northeast,Nong Bua Lam Phu,Dec,1082601,757987,100,94,1084,4.82
P03954,Healthy School,Northeast,Nong Bua Lam Phu,Dec,1886809,1321961,100,100,2333,4.46
P03955,Food Safety,Northeast,Nong Bua Lam Phu,Dec,1010134,838655,100,77,2786,4.65
P03956,NCD Prevention,Northeast,Nong Bua Lam Phu,Dec,1783470,1397167,100,75,2128,4.37
P03957,Health Data,Northeast,Nong Bua Lam Phu,Dec,1859208,1524421,100,87,747,3.52
P03958,Health Promotion,Northeast,Nong Bua Lam Phu,Dec,645846,503889,100,93,1169,4.84
P03959,Policy Development,Northeast,Nong Bua Lam Phu,Dec,1389358,1292696,100,73,1252,4.94
P03960,Network Strengthening,Northeast,Nong Bua Lam Phu,Dec,1194886,1158022,100,98,2786,4.12
P03961,Community Health,Northeast,Maha Sarakham,Jan,653421,599566,100,75,2127,4.94
P03962,Elderly Care,Northeast,Maha Sarakham,Jan,837363,695897,100,96,928,4.66
P03963,Mental Health,Northeast,Maha Sarakham,Jan,551195,545019,100,61,219,3.59
P03964,Healthy School,Northeast,Maha Sarakham,Jan,547810,408204,100,87,2671,4.96
P03965,Food Safety,Northeast,Maha Sarakham,Jan,1582817,1225603,100,95,973,3.87
P03966,NCD Prevention,Northeast,Maha Sarakham,Jan,821256,618962,100,91,1948,4.03
P03967,Health Data,Northeast,Maha Sarakham,Jan,598603,580441,100,81,1405,3.84
P03968,Health Promotion,Northeast,Maha Sarakham,Jan,1574820,1178116,100,76,255,4.79
P03969,Policy Development,Northeast,Maha Sarakham,Jan,1765420,1307236,100,73,724,3.83
P03970,Network Strengthening,Northeast,Maha Sarakham,Jan,1631766,1435046,100,88,2048,3.54
P03971,Community Health,Northeast,Maha Sarakham,Feb,1251637,1104389,100,76,1192,4.9
P03972,Elderly Care,Northeast,Maha Sarakham,Feb,719045,704970,100,64,2833,4.27
P03973,Mental Health,Northeast,Maha Sarakham,Feb,631957,623704,100,64,2787,4.38
P03974,Healthy School,Northeast,Maha Sarakham,Feb,1375703,1364319,100,74,1085,4.2
P03975,Food Safety,Northeast,Maha Sarakham,Feb,674546,599973,100,77,2356,4.54
P03976,NCD Prevention,Northeast,Maha Sarakham,Feb,537083,438168,100,100,1147,4.18
P03977,Health Data,Northeast,Maha Sarakham,Feb,1566745,1252226,100,91,701,3.75
P03978,Health Promotion,Northeast,Maha Sarakham,Feb,869703,727973,100,70,867,3.53
P03979,Policy Development,Northeast,Maha Sarakham,Feb,910979,699245,100,91,2883,4.97
P03980,Network Strengthening,Northeast,Maha Sarakham,Feb,1513421,1154835,100,96,1827,3.6
P03981,Community Health,Northeast,Maha Sarakham,Mar,1121651,959300,100,65,2115,3.78
P03982,Elderly Care,Northeast,Maha Sarakham,Mar,1035263,846256,100,90,2730,4.93
P03983,Mental Health,Northeast,Maha Sarakham,Mar,1751210,1269172,100,62,206,3.61
P03984,Healthy School,Northeast,Maha Sarakham,Mar,1398011,1310598,100,62,2851,3.67
P03985,Food Safety,Northeast,Maha Sarakham,Mar,922483,680333,100,82,1750,4.83
P03986,NCD Prevention,Northeast,Maha Sarakham,Mar,1420117,1346440,100,72,1276,4.18
P03987,Health Data,Northeast,Maha Sarakham,Mar,1450606,1255708,100,80,2889,4.55
P03988,Health Promotion,Northeast,Maha Sarakham,Mar,1051018,983162,100,71,2420,3.89
P03989,Policy Development,Northeast,Maha Sarakham,Mar,779191,774699,100,76,963,4.18
P03990,Network Strengthening,Northeast,Maha Sarakham,Mar,787194,781899,100,92,158,4.82
P03991,Community Health,Northeast,Maha Sarakham,Apr,669770,551948,100,60,1773,3.94
P03992,Elderly Care,Northeast,Maha Sarakham,Apr,508637,397615,100,60,336,4.91
P03993,Mental Health,Northeast,Maha Sarakham,Apr,1025014,775240,100,69,531,4.49
P03994,Healthy School,Northeast,Maha Sarakham,Apr,1440904,1066895,100,77,2039,4.25
P03995,Food Safety,Northeast,Maha Sarakham,Apr,1988731,1785974,100,82,987,4.09
P03996,NCD Prevention,Northeast,Maha Sarakham,Apr,1867114,1536792,100,70,2034,4.48
P03997,Health Data,Northeast,Maha Sarakham,Apr,501137,353582,100,73,2999,3.92
P03998,Health Promotion,Northeast,Maha Sarakham,Apr,521583,459894,100,91,1098,3.62
P03999,Policy Development,Northeast,Maha Sarakham,Apr,1155023,935841,100,67,1127,4.97
P04000,Network Strengthening,Northeast,Maha Sarakham,Apr,1002007,755497,100,75,2170,3.85
P04001,Community Health,Northeast,Maha Sarakham,May,1839495,1672495,100,69,2334,3.89
P04002,Elderly Care,Northeast,Maha Sarakham,May,1725916,1238056,100,71,2462,3.61
P04003,Mental Health,Northeast,Maha Sarakham,May,1038168,867804,100,89,2950,4.13
P04004,Healthy School,Northeast,Maha Sarakham,May,1939994,1744913,100,84,2519,3.85
P04005,Food Safety,Northeast,Maha Sarakham,May,1422961,1326788,100,66,512,3.9
P04006,NCD Prevention,Northeast,Maha Sarakham,May,1027908,782109,100,91,2644,3.59
P04007,Health Data,Northeast,Maha Sarakham,May,844647,672635,100,97,2973,4.48
P04008,Health Promotion,Northeast,Maha Sarakham,May,1142207,1054786,100,95,2881,4.43
P04009,Policy Development,Northeast,Maha Sarakham,May,1596573,1258074,100,69,2079,4.78
P04010,Network Strengthening,Northeast,Maha Sarakham,May,1649094,1256757,100,65,2050,4.74
P04011,Community Health,Northeast,Maha Sarakham,Jun,510501,389819,100,90,734,4.96
P04012,Elderly Care,Northeast,Maha Sarakham,Jun,1374152,1248466,100,62,520,3.58
P04013,Mental Health,Northeast,Maha Sarakham,Jun,960365,838478,100,67,928,3.93
P04014,Healthy School,Northeast,Maha Sarakham,Jun,1304868,1117559,100,61,2483,4.08
P04015,Food Safety,Northeast,Maha Sarakham,Jun,1786681,1339593,100,81,469,4.03
P04016,NCD Prevention,Northeast,Maha Sarakham,Jun,1192057,901413,100,68,934,4.37
P04017,Health Data,Northeast,Maha Sarakham,Jun,1392366,1028985,100,64,2583,4.48
P04018,Health Promotion,Northeast,Maha Sarakham,Jun,1719676,1388256,100,86,1237,4.76
P04019,Policy Development,Northeast,Maha Sarakham,Jun,684269,544907,100,66,783,4.92
P04020,Network Strengthening,Northeast,Maha Sarakham,Jun,1995699,1771709,100,92,217,4.05
P04021,Community Health,Northeast,Maha Sarakham,Jul,1393674,1256873,100,80,573,3.62
P04022,Elderly Care,Northeast,Maha Sarakham,Jul,1132510,798371,100,68,2475,3.69
P04023,Mental Health,Northeast,Maha Sarakham,Jul,1020775,916653,100,84,1490,4.18
P04024,Healthy School,Northeast,Maha Sarakham,Jul,1370289,1000481,100,89,1173,4.23
P04025,Food Safety,Northeast,Maha Sarakham,Jul,626860,614838,100,69,614,3.63
P04026,NCD Prevention,Northeast,Maha Sarakham,Jul,982966,743664,100,92,693,4.08
P04027,Health Data,Northeast,Maha Sarakham,Jul,979492,796184,100,81,1246,4.29
P04028,Health Promotion,Northeast,Maha Sarakham,Jul,1126450,1120901,100,80,2178,4.76
P04029,Policy Development,Northeast,Maha Sarakham,Jul,1195338,983741,100,72,2136,4.97
P04030,Network Strengthening,Northeast,Maha Sarakham,Jul,1004708,743438,100,79,799,4.43
P04031,Community Health,Northeast,Maha Sarakham,Aug,893155,799176,100,64,1080,4.96
P04032,Elderly Care,Northeast,Maha Sarakham,Aug,835021,748353,100,73,2083,4.82
P04033,Mental Health,Northeast,Maha Sarakham,Aug,869213,844545,100,66,1978,4.5
P04034,Healthy School,Northeast,Maha Sarakham,Aug,1537192,1327764,100,75,809,4.34
P04035,Food Safety,Northeast,Maha Sarakham,Aug,991580,846213,100,87,1464,4.64
P04036,NCD Prevention,Northeast,Maha Sarakham,Aug,677899,479248,100,72,1205,4.67
P04037,Health Data,Northeast,Maha Sarakham,Aug,1829990,1420615,100,69,2048,4.02
P04038,Health Promotion,Northeast,Maha Sarakham,Aug,1514008,1107724,100,86,1124,3.78
P04039,Policy Development,Northeast,Maha Sarakham,Aug,957749,677881,100,80,318,4.29
P04040,Network Strengthening,Northeast,Maha Sarakham,Aug,1978116,1569621,100,62,1315,4.45
P04041,Community Health,Northeast,Maha Sarakham,Sep,1124655,994191,100,83,2342,3.79
P04042,Elderly Care,Northeast,Maha Sarakham,Sep,1999806,1632384,100,100,2760,3.73
P04043,Mental Health,Northeast,Maha Sarakham,Sep,1885149,1471188,100,69,2651,3.83
P04044,Healthy School,Northeast,Maha Sarakham,Sep,1341367,1259341,100,90,2790,3.71
P04045,Food Safety,Northeast,Maha Sarakham,Sep,1524859,1277355,100,82,1185,4.11
P04046,NCD Prevention,Northeast,Maha Sarakham,Sep,956629,902769,100,91,2750,4.49
P04047,Health Data,Northeast,Maha Sarakham,Sep,835306,775565,100,65,902,4.78
P04048,Health Promotion,Northeast,Maha Sarakham,Sep,804088,593873,100,62,2726,4.82
P04049,Policy Development,Northeast,Maha Sarakham,Sep,1872045,1661725,100,63,311,4.81
P04050,Network Strengthening,Northeast,Maha Sarakham,Sep,1346184,948163,100,81,2181,4.47
P04051,Community Health,Northeast,Maha Sarakham,Oct,1923683,1840733,100,83,1696,3.76
P04052,Elderly Care,Northeast,Maha Sarakham,Oct,581826,500460,100,60,1111,3.74
P04053,Mental Health,Northeast,Maha Sarakham,Oct,1348643,1260474,100,86,2219,4.18
P04054,Healthy School,Northeast,Maha Sarakham,Oct,1141691,1055448,100,95,819,4.24
P04055,Food Safety,Northeast,Maha Sarakham,Oct,1190548,862316,100,96,2784,4.23
P04056,NCD Prevention,Northeast,Maha Sarakham,Oct,1435628,1177779,100,82,1804,3.77
P04057,Health Data,Northeast,Maha Sarakham,Oct,1126994,946222,100,61,2469,4.59
P04058,Health Promotion,Northeast,Maha Sarakham,Oct,1898500,1823018,100,99,1019,4.31
P04059,Policy Development,Northeast,Maha Sarakham,Oct,1822016,1574472,100,100,2476,3.62
P04060,Network Strengthening,Northeast,Maha Sarakham,Oct,960370,871832,100,66,853,4.79
P04061,Community Health,Northeast,Maha Sarakham,Nov,1506354,1207411,100,68,1664,4.49
P04062,Elderly Care,Northeast,Maha Sarakham,Nov,1918476,1787361,100,93,1469,4.46
P04063,Mental Health,Northeast,Maha Sarakham,Nov,1719551,1310724,100,80,1896,3.98
P04064,Healthy School,Northeast,Maha Sarakham,Nov,502589,464832,100,66,273,4.88
P04065,Food Safety,Northeast,Maha Sarakham,Nov,1897053,1775309,100,92,931,4.99
P04066,NCD Prevention,Northeast,Maha Sarakham,Nov,1771022,1305414,100,79,2063,3.64
P04067,Health Data,Northeast,Maha Sarakham,Nov,1853040,1774360,100,95,391,4.65
P04068,Health Promotion,Northeast,Maha Sarakham,Nov,1465570,1182260,100,62,1793,3.88
P04069,Policy Development,Northeast,Maha Sarakham,Nov,580907,506463,100,64,1923,4.16
P04070,Network Strengthening,Northeast,Maha Sarakham,Nov,1682478,1430366,100,62,1307,3.69
P04071,Community Health,Northeast,Maha Sarakham,Dec,1062917,1058020,100,82,877,4.09
P04072,Elderly Care,Northeast,Maha Sarakham,Dec,1630187,1144677,100,61,2022,3.8
P04073,Mental Health,Northeast,Maha Sarakham,Dec,1789641,1381238,100,99,852,3.9
P04074,Healthy School,Northeast,Maha Sarakham,Dec,1514100,1269319,100,76,1992,3.9
P04075,Food Safety,Northeast,Maha Sarakham,Dec,563900,397686,100,78,1693,4.07
P04076,NCD Prevention,Northeast,Maha Sarakham,Dec,1318703,1182941,100,76,268,3.71
P04077,Health Data,Northeast,Maha Sarakham,Dec,1365769,1028745,100,67,2805,4.82
P04078,Health Promotion,Northeast,Maha Sarakham,Dec,715718,638123,100,98,2708,3.73
P04079,Policy Development,Northeast,Maha Sarakham,Dec,1539976,1153555,100,90,2326,3.94
P04080,Network Strengthening,Northeast,Maha Sarakham,Dec,1931161,1770891,100,87,2079,4.14
P04081,Community Health,Northeast,Bueng Kan,Jan,1739693,1582040,100,99,549,3.69
P04082,Elderly Care,Northeast,Bueng Kan,Jan,1885013,1633671,100,100,2912,4.46
P04083,Mental Health,Northeast,Bueng Kan,Jan,1596726,1198073,100,66,1576,4.11
P04084,Healthy School,Northeast,Bueng Kan,Jan,1763680,1433101,100,62,1916,4.77
P04085,Food Safety,Northeast,Bueng Kan,Jan,1210499,903940,100,70,1449,3.76
P04086,NCD Prevention,Northeast,Bueng Kan,Jan,562416,503930,100,97,367,4.31
P04087,Health Data,Northeast,Bueng Kan,Jan,1993733,1502575,100,71,805,4.61
P04088,Health Promotion,Northeast,Bueng Kan,Jan,1308715,1201939,100,75,2778,3.88
P04089,Policy Development,Northeast,Bueng Kan,Jan,1992160,1816305,100,92,1425,4.45
P04090,Network Strengthening,Northeast,Bueng Kan,Jan,1200059,1127322,100,88,1622,4.96
P04091,Community Health,Northeast,Bueng Kan,Feb,1518778,1249530,100,94,1317,3.5
P04092,Elderly Care,Northeast,Bueng Kan,Feb,1140527,840080,100,99,1297,4.67
P04093,Mental Health,Northeast,Bueng Kan,Feb,1392420,1068854,100,62,765,4.99
P04094,Healthy School,Northeast,Bueng Kan,Feb,920197,694305,100,68,1324,4.82
P04095,Food Safety,Northeast,Bueng Kan,Feb,1063890,971397,100,63,2306,4.78
P04096,NCD Prevention,Northeast,Bueng Kan,Feb,701424,521069,100,78,2229,3.85
P04097,Health Data,Northeast,Bueng Kan,Feb,1597940,1338668,100,94,228,4.52
P04098,Health Promotion,Northeast,Bueng Kan,Feb,899527,809490,100,97,1444,4.42
P04099,Policy Development,Northeast,Bueng Kan,Feb,941938,746588,100,74,2574,4.77
P04100,Network Strengthening,Northeast,Bueng Kan,Feb,1246244,920508,100,74,1743,4.75
P04101,Community Health,Northeast,Bueng Kan,Mar,1409193,1165509,100,70,2008,4.41
P04102,Elderly Care,Northeast,Bueng Kan,Mar,1291611,1222661,100,82,1186,4.6
P04103,Mental Health,Northeast,Bueng Kan,Mar,716911,693738,100,74,2471,4.53
P04104,Healthy School,Northeast,Bueng Kan,Mar,548559,538025,100,98,690,4.98
P04105,Food Safety,Northeast,Bueng Kan,Mar,974304,858429,100,91,823,3.94
P04106,NCD Prevention,Northeast,Bueng Kan,Mar,543558,472161,100,78,529,4.33
P04107,Health Data,Northeast,Bueng Kan,Mar,774913,610331,100,100,331,3.84
P04108,Health Promotion,Northeast,Bueng Kan,Mar,1967153,1862638,100,70,2572,3.83
P04109,Policy Development,Northeast,Bueng Kan,Mar,1957025,1454075,100,98,657,3.55
P04110,Network Strengthening,Northeast,Bueng Kan,Mar,1786521,1417797,100,69,2669,3.98
P04111,Community Health,Northeast,Bueng Kan,Apr,1719281,1505144,100,60,2619,3.63
P04112,Elderly Care,Northeast,Bueng Kan,Apr,1502703,1232857,100,84,1123,4.71
P04113,Mental Health,Northeast,Bueng Kan,Apr,1006062,767018,100,90,2118,4.41
P04114,Healthy School,Northeast,Bueng Kan,Apr,860021,857757,100,76,2639,3.79
P04115,Food Safety,Northeast,Bueng Kan,Apr,1915236,1495272,100,84,884,3.64
P04116,NCD Prevention,Northeast,Bueng Kan,Apr,1141179,1077834,100,62,746,4.84
P04117,Health Data,Northeast,Bueng Kan,Apr,1393470,1305637,100,74,1016,4.64
P04118,Health Promotion,Northeast,Bueng Kan,Apr,1809046,1539024,100,90,1689,4.55
P04119,Policy Development,Northeast,Bueng Kan,Apr,1545582,1386591,100,72,280,4.2
P04120,Network Strengthening,Northeast,Bueng Kan,Apr,1140565,1129021,100,78,1494,4.96
P04121,Community Health,Northeast,Bueng Kan,May,774262,544128,100,95,1221,4.96
P04122,Elderly Care,Northeast,Bueng Kan,May,1907640,1735556,100,66,2823,4.85
P04123,Mental Health,Northeast,Bueng Kan,May,1156445,1054156,100,98,1057,3.9
P04124,Healthy School,Northeast,Bueng Kan,May,1558948,1437088,100,82,2059,4.85
P04125,Food Safety,Northeast,Bueng Kan,May,523981,420224,100,90,200,3.96
P04126,NCD Prevention,Northeast,Bueng Kan,May,1327020,1045186,100,74,716,3.98
P04127,Health Data,Northeast,Bueng Kan,May,881951,724731,100,65,692,4.87
P04128,Health Promotion,Northeast,Bueng Kan,May,1412454,1298896,100,60,2744,4.91
P04129,Policy Development,Northeast,Bueng Kan,May,834743,687550,100,98,658,4.22
P04130,Network Strengthening,Northeast,Bueng Kan,May,1737014,1553797,100,60,1194,4.0
P04131,Community Health,Northeast,Bueng Kan,Jun,1450142,1360843,100,68,747,5.0
P04132,Elderly Care,Northeast,Bueng Kan,Jun,1774349,1754410,100,79,746,4.47
P04133,Mental Health,Northeast,Bueng Kan,Jun,1638384,1227225,100,81,2345,3.93
P04134,Healthy School,Northeast,Bueng Kan,Jun,1527500,1136144,100,68,505,3.98
P04135,Food Safety,Northeast,Bueng Kan,Jun,835670,675922,100,91,2010,4.94
P04136,NCD Prevention,Northeast,Bueng Kan,Jun,1244994,1098609,100,76,2521,4.57
P04137,Health Data,Northeast,Bueng Kan,Jun,1324413,1095500,100,75,227,4.79
P04138,Health Promotion,Northeast,Bueng Kan,Jun,1802841,1487680,100,74,941,4.81
P04139,Policy Development,Northeast,Bueng Kan,Jun,830695,670945,100,91,1329,4.2
P04140,Network Strengthening,Northeast,Bueng Kan,Jun,1676556,1231465,100,100,1884,3.88
P04141,Community Health,Northeast,Bueng Kan,Jul,664278,487151,100,93,2900,4.36
P04142,Elderly Care,Northeast,Bueng Kan,Jul,698366,625056,100,67,1750,3.72
P04143,Mental Health,Northeast,Bueng Kan,Jul,1091318,834365,100,98,2626,4.12
P04144,Healthy School,Northeast,Bueng Kan,Jul,1558218,1165247,100,82,382,3.65
P04145,Food Safety,Northeast,Bueng Kan,Jul,1998834,1459549,100,79,2308,4.73
P04146,NCD Prevention,Northeast,Bueng Kan,Jul,1937101,1740817,100,86,1166,4.73
P04147,Health Data,Northeast,Bueng Kan,Jul,1341115,1188557,100,86,1854,4.38
P04148,Health Promotion,Northeast,Bueng Kan,Jul,1189497,1045505,100,95,2758,4.32
P04149,Policy Development,Northeast,Bueng Kan,Jul,892385,817396,100,66,1741,4.73
P04150,Network Strengthening,Northeast,Bueng Kan,Jul,809759,724593,100,75,958,4.96
P04151,Community Health,Northeast,Bueng Kan,Aug,1867397,1641512,100,80,2717,4.28
P04152,Elderly Care,Northeast,Bueng Kan,Aug,1484699,1468523,100,76,1768,4.22
P04153,Mental Health,Northeast,Bueng Kan,Aug,823121,734285,100,100,2903,4.24
P04154,Healthy School,Northeast,Bueng Kan,Aug,1175226,1165094,100,76,2175,3.73
P04155,Food Safety,Northeast,Bueng Kan,Aug,1717745,1649749,100,81,1869,4.05
P04156,NCD Prevention,Northeast,Bueng Kan,Aug,961508,831610,100,98,2402,4.51
P04157,Health Data,Northeast,Bueng Kan,Aug,635864,474388,100,87,1554,3.82
P04158,Health Promotion,Northeast,Bueng Kan,Aug,1390633,1308119,100,94,2429,3.59
P04159,Policy Development,Northeast,Bueng Kan,Aug,1843298,1818180,100,84,596,4.56
P04160,Network Strengthening,Northeast,Bueng Kan,Aug,1375009,1274375,100,83,2998,4.82
P04161,Community Health,Northeast,Bueng Kan,Sep,1808889,1790832,100,80,1276,3.67
P04162,Elderly Care,Northeast,Bueng Kan,Sep,1831841,1664114,100,77,1380,4.63
P04163,Mental Health,Northeast,Bueng Kan,Sep,816528,771616,100,85,637,4.28
P04164,Healthy School,Northeast,Bueng Kan,Sep,660379,657051,100,83,1207,4.35
P04165,Food Safety,Northeast,Bueng Kan,Sep,1344755,1249846,100,74,1371,3.82
P04166,NCD Prevention,Northeast,Bueng Kan,Sep,1517382,1348949,100,61,2122,4.94
P04167,Health Data,Northeast,Bueng Kan,Sep,1396805,1004896,100,81,2018,4.21
P04168,Health Promotion,Northeast,Bueng Kan,Sep,1965693,1556407,100,66,1366,4.12
P04169,Policy Development,Northeast,Bueng Kan,Sep,1435895,1417592,100,68,618,4.29
P04170,Network Strengthening,Northeast,Bueng Kan,Sep,583674,457536,100,76,959,4.05
P04171,Community Health,Northeast,Bueng Kan,Oct,693438,543846,100,60,2879,4.71
P04172,Elderly Care,Northeast,Bueng Kan,Oct,1036948,1013843,100,93,1966,3.64
P04173,Mental Health,Northeast,Bueng Kan,Oct,584138,429902,100,71,985,4.83
P04174,Healthy School,Northeast,Bueng Kan,Oct,1442105,1037157,100,72,1202,4.89
P04175,Food Safety,Northeast,Bueng Kan,Oct,941212,827567,100,61,821,4.35
P04176,NCD Prevention,Northeast,Bueng Kan,Oct,1538337,1507807,100,83,1710,4.77
P04177,Health Data,Northeast,Bueng Kan,Oct,1304999,983051,100,73,2595,4.35
P04178,Health Promotion,Northeast,Bueng Kan,Oct,622963,558678,100,86,1455,4.09
P04179,Policy Development,Northeast,Bueng Kan,Oct,1141711,991451,100,91,1048,4.57
P04180,Network Strengthening,Northeast,Bueng Kan,Oct,1495023,1124288,100,79,2049,4.65
P04181,Community Health,Northeast,Bueng Kan,Nov,1019678,779951,100,93,980,4.4
P04182,Elderly Care,Northeast,Bueng Kan,Nov,1851075,1628838,100,89,1513,4.43
P04183,Mental Health,Northeast,Bueng Kan,Nov,1551820,1494348,100,90,2989,4.84
P04184,Healthy School,Northeast,Bueng Kan,Nov,1594820,1521660,100,63,2790,4.51
P04185,Food Safety,Northeast,Bueng Kan,Nov,1117997,832555,100,82,762,4.7
P04186,NCD Prevention,Northeast,Bueng Kan,Nov,1627879,1616497,100,70,1010,4.28
P04187,Health Data,Northeast,Bueng Kan,Nov,1472691,1149762,100,87,1321,3.93
P04188,Health Promotion,Northeast,Bueng Kan,Nov,1480244,1265461,100,94,1348,4.35
P04189,Policy Development,Northeast,Bueng Kan,Nov,994444,749640,100,70,2653,3.77
P04190,Network Strengthening,Northeast,Bueng Kan,Nov,771911,641917,100,76,2893,4.13
P04191,Community Health,Northeast,Bueng Kan,Dec,1166695,852294,100,85,277,4.95
P04192,Elderly Care,Northeast,Bueng Kan,Dec,1674029,1262866,100,60,2524,4.64
P04193,Mental Health,Northeast,Bueng Kan,Dec,1874073,1735795,100,72,1000,4.51
P04194,Healthy School,Northeast,Bueng Kan,Dec,1078518,952217,100,94,2957,4.88
P04195,Food Safety,Northeast,Bueng Kan,Dec,811876,785936,100,97,1547,3.93
P04196,NCD Prevention,Northeast,Bueng Kan,Dec,795578,636231,100,64,2319,4.26
P04197,Health Data,Northeast,Bueng Kan,Dec,1724619,1291872,100,78,1126,3.54
P04198,Health Promotion,Northeast,Bueng Kan,Dec,525749,420920,100,90,781,4.73
P04199,Policy Development,Northeast,Bueng Kan,Dec,1358680,1105191,100,99,2451,4.24
P04200,Network Strengthening,Northeast,Bueng Kan,Dec,1220990,1017342,100,69,1478,3.66
P04201,Community Health,Northeast,Loei,Jan,1624925,1463899,100,63,1154,4.28
P04202,Elderly Care,Northeast,Loei,Jan,1692530,1520502,100,64,1869,4.99
P04203,Mental Health,Northeast,Loei,Jan,1819368,1359770,100,83,1885,4.18
P04204,Healthy School,Northeast,Loei,Jan,896153,850454,100,78,1984,4.02
P04205,Food Safety,Northeast,Loei,Jan,1988303,1844270,100,84,296,4.57
P04206,NCD Prevention,Northeast,Loei,Jan,852685,801113,100,98,2865,4.16
P04207,Health Data,Northeast,Loei,Jan,1769189,1644588,100,69,1824,3.76
P04208,Health Promotion,Northeast,Loei,Jan,680181,499395,100,70,849,4.97
P04209,Policy Development,Northeast,Loei,Jan,1092452,879645,100,67,1963,3.83
P04210,Network Strengthening,Northeast,Loei,Jan,1122035,918963,100,95,2498,4.35
P04211,Community Health,Northeast,Loei,Feb,1844863,1325511,100,90,2704,4.35
P04212,Elderly Care,Northeast,Loei,Feb,920018,884752,100,74,915,4.8
P04213,Mental Health,Northeast,Loei,Feb,1101714,831492,100,96,758,4.77
P04214,Healthy School,Northeast,Loei,Feb,1697438,1581316,100,70,2010,4.03
P04215,Food Safety,Northeast,Loei,Feb,780096,557466,100,81,1655,4.61
P04216,NCD Prevention,Northeast,Loei,Feb,1922006,1386576,100,97,1764,3.86
P04217,Health Data,Northeast,Loei,Feb,1709622,1432294,100,69,2504,3.57
P04218,Health Promotion,Northeast,Loei,Feb,1658303,1610255,100,86,2415,3.82
P04219,Policy Development,Northeast,Loei,Feb,1340733,1228894,100,67,1345,3.61
P04220,Network Strengthening,Northeast,Loei,Feb,625205,602228,100,93,818,4.06
P04221,Community Health,Northeast,Loei,Mar,1201518,1041761,100,86,980,4.87
P04222,Elderly Care,Northeast,Loei,Mar,1610240,1218195,100,72,978,4.83
P04223,Mental Health,Northeast,Loei,Mar,1667749,1239179,100,77,2870,4.22
P04224,Healthy School,Northeast,Loei,Mar,1351416,1305230,100,61,2879,4.33
P04225,Food Safety,Northeast,Loei,Mar,1926430,1767001,100,62,376,4.12
P04226,NCD Prevention,Northeast,Loei,Mar,989452,903988,100,65,2720,3.51
P04227,Health Data,Northeast,Loei,Mar,1898388,1455550,100,97,2300,3.61
P04228,Health Promotion,Northeast,Loei,Mar,1978078,1926165,100,87,2244,4.38
P04229,Policy Development,Northeast,Loei,Mar,795825,760202,100,96,1307,4.3
P04230,Network Strengthening,Northeast,Loei,Mar,1921616,1721500,100,76,561,4.41
P04231,Community Health,Northeast,Loei,Apr,576896,438577,100,76,1522,4.12
P04232,Elderly Care,Northeast,Loei,Apr,590272,582490,100,89,2846,4.35
P04233,Mental Health,Northeast,Loei,Apr,1123991,904362,100,72,405,4.12
P04234,Healthy School,Northeast,Loei,Apr,1827357,1376374,100,79,1820,3.65
P04235,Food Safety,Northeast,Loei,Apr,1604667,1216772,100,69,1970,3.57
P04236,NCD Prevention,Northeast,Loei,Apr,1204962,952455,100,76,308,4.33
P04237,Health Data,Northeast,Loei,Apr,1272900,981279,100,77,214,3.84
P04238,Health Promotion,Northeast,Loei,Apr,1017670,979468,100,69,2089,3.7
P04239,Policy Development,Northeast,Loei,Apr,509309,422007,100,98,880,3.87
P04240,Network Strengthening,Northeast,Loei,Apr,1670514,1594224,100,93,1055,4.55
P04241,Community Health,Northeast,Loei,May,956188,877525,100,61,254,4.01
P04242,Elderly Care,Northeast,Loei,May,1734912,1692167,100,62,1028,4.67
P04243,Mental Health,Northeast,Loei,May,903947,840505,100,93,2234,4.1
P04244,Healthy School,Northeast,Loei,May,1569879,1107530,100,68,2535,4.05
P04245,Food Safety,Northeast,Loei,May,1288198,961428,100,70,825,3.67
P04246,NCD Prevention,Northeast,Loei,May,1527347,1269721,100,88,795,3.87
P04247,Health Data,Northeast,Loei,May,681268,564245,100,63,2722,3.98
P04248,Health Promotion,Northeast,Loei,May,1580611,1225951,100,70,2436,4.48
P04249,Policy Development,Northeast,Loei,May,581374,494188,100,80,1948,4.27
P04250,Network Strengthening,Northeast,Loei,May,1936650,1626865,100,69,319,4.45
P04251,Community Health,Northeast,Loei,Jun,1967051,1681028,100,84,249,4.27
P04252,Elderly Care,Northeast,Loei,Jun,1233916,986079,100,72,1252,3.98
P04253,Mental Health,Northeast,Loei,Jun,665744,488742,100,76,1741,4.69
P04254,Healthy School,Northeast,Loei,Jun,581990,452976,100,97,345,4.5
P04255,Food Safety,Northeast,Loei,Jun,841529,597425,100,85,170,3.68
P04256,NCD Prevention,Northeast,Loei,Jun,991579,759255,100,83,1049,4.79
P04257,Health Data,Northeast,Loei,Jun,1505914,1362143,100,74,1583,4.16
P04258,Health Promotion,Northeast,Loei,Jun,1455651,1452067,100,69,2229,4.32
P04259,Policy Development,Northeast,Loei,Jun,1738322,1352329,100,76,1895,4.56
P04260,Network Strengthening,Northeast,Loei,Jun,1454264,1231623,100,87,435,3.8
P04261,Community Health,Northeast,Loei,Jul,1942625,1644557,100,80,1879,4.39
P04262,Elderly Care,Northeast,Loei,Jul,1899637,1703201,100,78,2544,4.58
P04263,Mental Health,Northeast,Loei,Jul,870342,779090,100,80,1340,3.96
P04264,Healthy School,Northeast,Loei,Jul,675859,486909,100,63,2968,3.72
P04265,Food Safety,Northeast,Loei,Jul,1489739,1269704,100,75,2586,4.53
P04266,NCD Prevention,Northeast,Loei,Jul,1820553,1357681,100,91,2064,3.55
P04267,Health Data,Northeast,Loei,Jul,1629087,1252585,100,84,2784,3.51
P04268,Health Promotion,Northeast,Loei,Jul,866917,810726,100,93,1529,3.76
P04269,Policy Development,Northeast,Loei,Jul,1272652,994099,100,100,1220,4.1
P04270,Network Strengthening,Northeast,Loei,Jul,1913620,1813554,100,78,900,3.55
P04271,Community Health,Northeast,Loei,Aug,1542503,1217656,100,66,2869,3.51
P04272,Elderly Care,Northeast,Loei,Aug,1346939,1025935,100,81,1947,3.58
P04273,Mental Health,Northeast,Loei,Aug,738385,569164,100,71,3000,4.98
P04274,Healthy School,Northeast,Loei,Aug,748144,638341,100,82,2214,3.7
P04275,Food Safety,Northeast,Loei,Aug,1840639,1824432,100,77,344,3.96
P04276,NCD Prevention,Northeast,Loei,Aug,1593657,1521155,100,86,2087,3.63
P04277,Health Data,Northeast,Loei,Aug,819866,737455,100,94,405,4.0
P04278,Health Promotion,Northeast,Loei,Aug,1966542,1528795,100,90,2218,4.16
P04279,Policy Development,Northeast,Loei,Aug,936217,927889,100,90,957,4.29
P04280,Network Strengthening,Northeast,Loei,Aug,779137,773373,100,96,2280,4.78
P04281,Community Health,Northeast,Loei,Sep,1012591,881975,100,93,410,4.57
P04282,Elderly Care,Northeast,Loei,Sep,1632339,1431279,100,94,1191,4.7
P04283,Mental Health,Northeast,Loei,Sep,810903,686650,100,91,1192,3.84
P04284,Healthy School,Northeast,Loei,Sep,1000821,797376,100,65,1002,4.1
P04285,Food Safety,Northeast,Loei,Sep,1945806,1396053,100,98,1143,4.96
P04286,NCD Prevention,Northeast,Loei,Sep,1496151,1414617,100,84,474,3.82
P04287,Health Data,Northeast,Loei,Sep,1458978,1341344,100,68,1673,4.36
P04288,Health Promotion,Northeast,Loei,Sep,777911,635580,100,89,1166,4.49
P04289,Policy Development,Northeast,Loei,Sep,1890065,1526553,100,60,171,4.47
P04290,Network Strengthening,Northeast,Loei,Sep,1457255,1127127,100,80,1017,3.7
P04291,Community Health,Northeast,Loei,Oct,755968,615175,100,77,2301,4.36
P04292,Elderly Care,Northeast,Loei,Oct,1032534,853259,100,79,1369,3.99
P04293,Mental Health,Northeast,Loei,Oct,1445062,1371720,100,65,823,4.05
P04294,Healthy School,Northeast,Loei,Oct,913023,813403,100,65,2330,4.57
P04295,Food Safety,Northeast,Loei,Oct,1827910,1382375,100,63,1951,4.63
P04296,NCD Prevention,Northeast,Loei,Oct,1428390,1384290,100,79,2569,4.75
P04297,Health Data,Northeast,Loei,Oct,972796,700053,100,92,753,4.94
P04298,Health Promotion,Northeast,Loei,Oct,1664817,1375746,100,78,352,4.91
P04299,Policy Development,Northeast,Loei,Oct,1882522,1727170,100,80,2806,4.57
P04300,Network Strengthening,Northeast,Loei,Oct,1074758,1036040,100,100,2659,4.45
P04301,Community Health,Northeast,Loei,Nov,1741464,1724326,100,63,722,3.78
P04302,Elderly Care,Northeast,Loei,Nov,1416421,1173370,100,93,2913,4.86
P04303,Mental Health,Northeast,Loei,Nov,1798808,1767547,100,97,411,3.84
P04304,Healthy School,Northeast,Loei,Nov,985738,755409,100,87,909,4.84
P04305,Food Safety,Northeast,Loei,Nov,1530495,1202256,100,83,500,4.68
P04306,NCD Prevention,Northeast,Loei,Nov,1198680,965461,100,91,1656,4.38
P04307,Health Data,Northeast,Loei,Nov,1573889,1506125,100,66,291,3.51
P04308,Health Promotion,Northeast,Loei,Nov,911264,815733,100,73,1697,3.89
P04309,Policy Development,Northeast,Loei,Nov,1986237,1918476,100,82,2158,3.54
P04310,Network Strengthening,Northeast,Loei,Nov,1522463,1488750,100,73,736,4.48
P04311,Community Health,Northeast,Loei,Dec,783905,758834,100,72,2739,3.74
P04312,Elderly Care,Northeast,Loei,Dec,1349399,1216481,100,66,213,3.96
P04313,Mental Health,Northeast,Loei,Dec,1513420,1160930,100,71,2444,4.97
P04314,Healthy School,Northeast,Loei,Dec,1653011,1457425,100,88,2686,3.55
P04315,Food Safety,Northeast,Loei,Dec,1239617,1093368,100,60,2163,3.95
P04316,NCD Prevention,Northeast,Loei,Dec,1726950,1438834,100,70,510,3.89
P04317,Health Data,Northeast,Loei,Dec,877517,738197,100,69,2936,4.83
P04318,Health Promotion,Northeast,Loei,Dec,1625738,1484473,100,72,2348,4.87
P04319,Policy Development,Northeast,Loei,Dec,1381061,1335560,100,69,713,3.59
P04320,Network Strengthening,Northeast,Loei,Dec,1158588,1028341,100,94,2108,4.31
P04321,Community Health,Northeast,Nakhon Phanom,Jan,1572631,1139277,100,85,1154,3.72
P04322,Elderly Care,Northeast,Nakhon Phanom,Jan,1290631,927678,100,66,2071,3.83
P04323,Mental Health,Northeast,Nakhon Phanom,Jan,729022,681300,100,91,1092,4.87
P04324,Healthy School,Northeast,Nakhon Phanom,Jan,563935,497606,100,60,1651,3.99
P04325,Food Safety,Northeast,Nakhon Phanom,Jan,1665330,1315654,100,62,888,4.85
P04326,NCD Prevention,Northeast,Nakhon Phanom,Jan,737422,567147,100,66,2302,4.19
P04327,Health Data,Northeast,Nakhon Phanom,Jan,1113872,1062243,100,82,1800,4.58
P04328,Health Promotion,Northeast,Nakhon Phanom,Jan,1457196,1448939,100,80,2703,4.03
P04329,Policy Development,Northeast,Nakhon Phanom,Jan,982083,750469,100,89,1627,3.85
P04330,Network Strengthening,Northeast,Nakhon Phanom,Jan,728131,681240,100,70,1022,4.36
P04331,Community Health,Northeast,Nakhon Phanom,Feb,1950093,1788251,100,92,2523,4.4
P04332,Elderly Care,Northeast,Nakhon Phanom,Feb,1674161,1214038,100,89,2329,4.73
P04333,Mental Health,Northeast,Nakhon Phanom,Feb,1329422,1055478,100,90,2466,4.01
P04334,Healthy School,Northeast,Nakhon Phanom,Feb,1944109,1622109,100,99,936,4.96
P04335,Food Safety,Northeast,Nakhon Phanom,Feb,1538461,1128394,100,70,2140,4.22
P04336,NCD Prevention,Northeast,Nakhon Phanom,Feb,978858,860424,100,96,1545,3.77
P04337,Health Data,Northeast,Nakhon Phanom,Feb,1307719,1184055,100,91,2488,4.95
P04338,Health Promotion,Northeast,Nakhon Phanom,Feb,748219,536466,100,69,1758,4.54
P04339,Policy Development,Northeast,Nakhon Phanom,Feb,1911585,1762467,100,91,267,3.98
P04340,Network Strengthening,Northeast,Nakhon Phanom,Feb,736611,717541,100,72,2436,3.71
P04341,Community Health,Northeast,Nakhon Phanom,Mar,1408826,1369244,100,75,2857,4.34
P04342,Elderly Care,Northeast,Nakhon Phanom,Mar,1497631,1187802,100,98,1153,3.84
P04343,Mental Health,Northeast,Nakhon Phanom,Mar,1545742,1538834,100,87,1184,3.94
P04344,Healthy School,Northeast,Nakhon Phanom,Mar,964591,727607,100,70,764,4.14
P04345,Food Safety,Northeast,Nakhon Phanom,Mar,952275,853291,100,81,1403,3.6
P04346,NCD Prevention,Northeast,Nakhon Phanom,Mar,1116697,982186,100,80,2590,5.0
P04347,Health Data,Northeast,Nakhon Phanom,Mar,1799886,1272129,100,72,772,3.84
P04348,Health Promotion,Northeast,Nakhon Phanom,Mar,816702,797657,100,72,1870,4.5
P04349,Policy Development,Northeast,Nakhon Phanom,Mar,1095011,834465,100,73,563,4.85
P04350,Network Strengthening,Northeast,Nakhon Phanom,Mar,1910653,1857973,100,94,2848,4.39
P04351,Community Health,Northeast,Nakhon Phanom,Apr,864011,720577,100,64,1244,4.66
P04352,Elderly Care,Northeast,Nakhon Phanom,Apr,779706,750910,100,68,2569,4.76
P04353,Mental Health,Northeast,Nakhon Phanom,Apr,1004251,950330,100,66,2218,4.91
P04354,Healthy School,Northeast,Nakhon Phanom,Apr,1274294,1174183,100,79,900,4.14
P04355,Food Safety,Northeast,Nakhon Phanom,Apr,1606164,1243704,100,84,2353,4.96
P04356,NCD Prevention,Northeast,Nakhon Phanom,Apr,1700203,1613024,100,63,284,4.76
P04357,Health Data,Northeast,Nakhon Phanom,Apr,1054006,904709,100,85,2609,3.87
P04358,Health Promotion,Northeast,Nakhon Phanom,Apr,566834,545363,100,64,463,4.36
P04359,Policy Development,Northeast,Nakhon Phanom,Apr,1314250,1279048,100,76,2224,4.77
P04360,Network Strengthening,Northeast,Nakhon Phanom,Apr,1178964,1006368,100,61,684,3.97
P04361,Community Health,Northeast,Nakhon Phanom,May,903748,871894,100,67,760,3.78
P04362,Elderly Care,Northeast,Nakhon Phanom,May,920202,765199,100,94,2463,3.61
P04363,Mental Health,Northeast,Nakhon Phanom,May,1746447,1716012,100,74,2088,3.61
P04364,Healthy School,Northeast,Nakhon Phanom,May,1277613,1110272,100,66,1021,4.13
P04365,Food Safety,Northeast,Nakhon Phanom,May,506207,450484,100,65,2739,4.33
P04366,NCD Prevention,Northeast,Nakhon Phanom,May,751214,724489,100,92,2570,3.83
P04367,Health Data,Northeast,Nakhon Phanom,May,1525444,1148987,100,71,208,4.28
P04368,Health Promotion,Northeast,Nakhon Phanom,May,1220781,955844,100,61,2540,4.5
P04369,Policy Development,Northeast,Nakhon Phanom,May,1393780,1281423,100,77,356,4.08
P04370,Network Strengthening,Northeast,Nakhon Phanom,May,1085270,827399,100,74,243,4.96
P04371,Community Health,Northeast,Nakhon Phanom,Jun,887822,631549,100,100,2356,4.59
P04372,Elderly Care,Northeast,Nakhon Phanom,Jun,912199,845781,100,66,2494,4.26
P04373,Mental Health,Northeast,Nakhon Phanom,Jun,501733,448546,100,82,1649,3.86
P04374,Healthy School,Northeast,Nakhon Phanom,Jun,1210274,1099754,100,88,563,3.67
P04375,Food Safety,Northeast,Nakhon Phanom,Jun,1577373,1478295,100,70,1908,4.49
P04376,NCD Prevention,Northeast,Nakhon Phanom,Jun,962340,923429,100,66,2088,4.36
P04377,Health Data,Northeast,Nakhon Phanom,Jun,826483,643019,100,93,1476,4.82
P04378,Health Promotion,Northeast,Nakhon Phanom,Jun,510566,407530,100,69,1022,4.77
P04379,Policy Development,Northeast,Nakhon Phanom,Jun,1067354,944281,100,67,2189,4.14
P04380,Network Strengthening,Northeast,Nakhon Phanom,Jun,1526923,1211163,100,100,353,4.6
P04381,Community Health,Northeast,Nakhon Phanom,Jul,1827404,1406502,100,76,848,4.15
P04382,Elderly Care,Northeast,Nakhon Phanom,Jul,1636435,1442492,100,84,2067,3.59
P04383,Mental Health,Northeast,Nakhon Phanom,Jul,1635745,1523925,100,64,2577,4.91
P04384,Healthy School,Northeast,Nakhon Phanom,Jul,1402962,1331772,100,71,2878,4.72
P04385,Food Safety,Northeast,Nakhon Phanom,Jul,1668101,1247862,100,86,1032,3.6
P04386,NCD Prevention,Northeast,Nakhon Phanom,Jul,1795907,1533641,100,85,2713,4.73
P04387,Health Data,Northeast,Nakhon Phanom,Jul,1511975,1114886,100,78,624,4.22
P04388,Health Promotion,Northeast,Nakhon Phanom,Jul,1437657,1201241,100,68,783,4.63
P04389,Policy Development,Northeast,Nakhon Phanom,Jul,1527485,1436407,100,66,2145,3.95
P04390,Network Strengthening,Northeast,Nakhon Phanom,Jul,601107,535446,100,76,2035,3.75
P04391,Community Health,Northeast,Nakhon Phanom,Aug,1513337,1397225,100,99,1632,4.53
P04392,Elderly Care,Northeast,Nakhon Phanom,Aug,782220,559081,100,83,2545,4.43
P04393,Mental Health,Northeast,Nakhon Phanom,Aug,659081,557090,100,65,2361,4.7
P04394,Healthy School,Northeast,Nakhon Phanom,Aug,1034705,750436,100,91,2762,4.67
P04395,Food Safety,Northeast,Nakhon Phanom,Aug,1198525,897134,100,61,1760,3.82
P04396,NCD Prevention,Northeast,Nakhon Phanom,Aug,1165953,888700,100,71,818,4.56
P04397,Health Data,Northeast,Nakhon Phanom,Aug,881544,779463,100,97,1704,4.55
P04398,Health Promotion,Northeast,Nakhon Phanom,Aug,1266443,1166084,100,96,538,4.16
P04399,Policy Development,Northeast,Nakhon Phanom,Aug,696013,538626,100,64,187,4.71
P04400,Network Strengthening,Northeast,Nakhon Phanom,Aug,1048874,814204,100,64,1151,4.27
P04401,Community Health,Northeast,Nakhon Phanom,Sep,1510650,1449666,100,83,1543,4.18
P04402,Elderly Care,Northeast,Nakhon Phanom,Sep,797236,666594,100,80,1985,3.98
P04403,Mental Health,Northeast,Nakhon Phanom,Sep,1864812,1791828,100,80,2743,4.51
P04404,Healthy School,Northeast,Nakhon Phanom,Sep,825510,603042,100,93,268,3.62
P04405,Food Safety,Northeast,Nakhon Phanom,Sep,653322,600909,100,73,1228,4.41
P04406,NCD Prevention,Northeast,Nakhon Phanom,Sep,1375433,1356310,100,78,469,4.35
P04407,Health Data,Northeast,Nakhon Phanom,Sep,953865,683339,100,90,290,4.94
P04408,Health Promotion,Northeast,Nakhon Phanom,Sep,1640043,1569504,100,70,795,4.34
P04409,Policy Development,Northeast,Nakhon Phanom,Sep,1942221,1715933,100,100,1855,4.61
P04410,Network Strengthening,Northeast,Nakhon Phanom,Sep,897565,880725,100,97,2051,4.39
P04411,Community Health,Northeast,Nakhon Phanom,Oct,1948702,1450884,100,84,1792,4.48
P04412,Elderly Care,Northeast,Nakhon Phanom,Oct,1414447,1252357,100,66,1471,4.21
P04413,Mental Health,Northeast,Nakhon Phanom,Oct,1486469,1058685,100,97,909,4.71
P04414,Healthy School,Northeast,Nakhon Phanom,Oct,802582,654099,100,72,2457,4.47
P04415,Food Safety,Northeast,Nakhon Phanom,Oct,892550,626480,100,61,392,4.78
P04416,NCD Prevention,Northeast,Nakhon Phanom,Oct,1958425,1418528,100,65,1380,4.92
P04417,Health Data,Northeast,Nakhon Phanom,Oct,631603,451995,100,76,2357,4.82
P04418,Health Promotion,Northeast,Nakhon Phanom,Oct,820654,751224,100,80,2045,4.87
P04419,Policy Development,Northeast,Nakhon Phanom,Oct,1818136,1539001,100,85,1747,4.05
P04420,Network Strengthening,Northeast,Nakhon Phanom,Oct,1577962,1387268,100,62,559,3.71
P04421,Community Health,Northeast,Nakhon Phanom,Nov,876908,648352,100,73,2891,4.37
P04422,Elderly Care,Northeast,Nakhon Phanom,Nov,1608609,1377939,100,62,298,3.71
P04423,Mental Health,Northeast,Nakhon Phanom,Nov,661944,518952,100,60,177,4.49
P04424,Healthy School,Northeast,Nakhon Phanom,Nov,1774765,1766938,100,66,1295,4.52
P04425,Food Safety,Northeast,Nakhon Phanom,Nov,1743984,1458036,100,89,1887,4.09
P04426,NCD Prevention,Northeast,Nakhon Phanom,Nov,634132,474173,100,86,2339,4.21
P04427,Health Data,Northeast,Nakhon Phanom,Nov,796545,775541,100,86,1514,4.35
P04428,Health Promotion,Northeast,Nakhon Phanom,Nov,1973914,1680787,100,60,2429,4.23
P04429,Policy Development,Northeast,Nakhon Phanom,Nov,1765895,1241633,100,67,2574,4.04
P04430,Network Strengthening,Northeast,Nakhon Phanom,Nov,1308630,1249263,100,75,1919,4.76
P04431,Community Health,Northeast,Nakhon Phanom,Dec,1150542,1034747,100,79,2290,4.44
P04432,Elderly Care,Northeast,Nakhon Phanom,Dec,1468995,1465221,100,83,1017,3.75
P04433,Mental Health,Northeast,Nakhon Phanom,Dec,1888866,1367707,100,74,2462,4.36
P04434,Healthy School,Northeast,Nakhon Phanom,Dec,775754,688832,100,78,536,3.97
P04435,Food Safety,Northeast,Nakhon Phanom,Dec,1485174,1319466,100,86,2145,3.67
P04436,NCD Prevention,Northeast,Nakhon Phanom,Dec,868651,689862,100,93,1421,3.78
P04437,Health Data,Northeast,Nakhon Phanom,Dec,1177515,1176155,100,86,2350,4.5
P04438,Health Promotion,Northeast,Nakhon Phanom,Dec,1645791,1588937,100,76,1331,4.63
P04439,Policy Development,Northeast,Nakhon Phanom,Dec,1318703,1191275,100,90,1298,4.92
P04440,Network Strengthening,Northeast,Nakhon Phanom,Dec,967758,956463,100,91,1419,4.46
P04441,Community Health,Central,Bangkok,Jan,997576,805762,100,78,1336,3.83
P04442,Elderly Care,Central,Bangkok,Jan,1379778,1143140,100,79,2149,4.61
P04443,Mental Health,Central,Bangkok,Jan,1437875,1420096,100,76,2921,4.2
P04444,Healthy School,Central,Bangkok,Jan,697009,490918,100,92,2413,4.09
P04445,Food Safety,Central,Bangkok,Jan,1931712,1519662,100,65,1422,4.68
P04446,NCD Prevention,Central,Bangkok,Jan,1877160,1474260,100,92,209,3.68
P04447,Health Data,Central,Bangkok,Jan,1973070,1501493,100,73,1408,4.96
P04448,Health Promotion,Central,Bangkok,Jan,599234,578099,100,94,1097,3.59
P04449,Policy Development,Central,Bangkok,Jan,1541823,1500651,100,64,1328,4.1
P04450,Network Strengthening,Central,Bangkok,Jan,1133959,1077482,100,83,2966,4.55
P04451,Community Health,Central,Bangkok,Feb,1137406,1026020,100,73,467,4.8
P04452,Elderly Care,Central,Bangkok,Feb,1867598,1546529,100,68,2191,4.86
P04453,Mental Health,Central,Bangkok,Feb,1345452,1264556,100,61,1907,4.32
P04454,Healthy School,Central,Bangkok,Feb,1686397,1652341,100,61,1732,4.42
P04455,Food Safety,Central,Bangkok,Feb,1676973,1293751,100,70,650,3.79
P04456,NCD Prevention,Central,Bangkok,Feb,846416,790261,100,82,1548,4.08
P04457,Health Data,Central,Bangkok,Feb,1842957,1407828,100,66,478,3.54
P04458,Health Promotion,Central,Bangkok,Feb,1457474,1449613,100,87,2719,4.45
P04459,Policy Development,Central,Bangkok,Feb,1537988,1265675,100,87,1712,3.66
P04460,Network Strengthening,Central,Bangkok,Feb,691488,546585,100,68,1047,4.92
P04461,Community Health,Central,Bangkok,Mar,1060286,874197,100,68,2623,3.66
P04462,Elderly Care,Central,Bangkok,Mar,599023,479973,100,94,858,4.15
P04463,Mental Health,Central,Bangkok,Mar,1316738,1244402,100,68,520,4.02
P04464,Healthy School,Central,Bangkok,Mar,1414723,1142894,100,73,517,4.19
P04465,Food Safety,Central,Bangkok,Mar,642583,609391,100,83,2226,4.14
P04466,NCD Prevention,Central,Bangkok,Mar,1559116,1501842,100,61,1780,4.0
P04467,Health Data,Central,Bangkok,Mar,1735535,1343773,100,74,1148,4.77
P04468,Health Promotion,Central,Bangkok,Mar,759423,754928,100,70,1529,4.21
P04469,Policy Development,Central,Bangkok,Mar,843300,628561,100,72,2412,4.5
P04470,Network Strengthening,Central,Bangkok,Mar,1275125,1092791,100,77,1413,3.56
P04471,Community Health,Central,Bangkok,Apr,1377208,1357865,100,97,527,3.77
P04472,Elderly Care,Central,Bangkok,Apr,580441,560553,100,66,2307,3.55
P04473,Mental Health,Central,Bangkok,Apr,1444391,1082028,100,67,1762,4.47
P04474,Healthy School,Central,Bangkok,Apr,1791217,1776207,100,65,2684,4.5
P04475,Food Safety,Central,Bangkok,Apr,1905967,1353163,100,89,1170,3.64
P04476,NCD Prevention,Central,Bangkok,Apr,1857969,1689127,100,63,308,3.74
P04477,Health Data,Central,Bangkok,Apr,1037326,924197,100,78,2518,4.85
P04478,Health Promotion,Central,Bangkok,Apr,1823765,1785981,100,75,2900,4.31
P04479,Policy Development,Central,Bangkok,Apr,601136,570921,100,65,1953,4.95
P04480,Network Strengthening,Central,Bangkok,Apr,1710112,1272704,100,90,283,3.88
P04481,Community Health,Central,Bangkok,May,1355219,990743,100,94,624,4.8
P04482,Elderly Care,Central,Bangkok,May,740413,565399,100,74,2051,4.98
P04483,Mental Health,Central,Bangkok,May,1896167,1776336,100,94,383,3.79
P04484,Healthy School,Central,Bangkok,May,603144,508357,100,82,595,3.63
P04485,Food Safety,Central,Bangkok,May,1815694,1600105,100,90,2634,3.69
P04486,NCD Prevention,Central,Bangkok,May,920674,730583,100,97,862,4.91
P04487,Health Data,Central,Bangkok,May,1076126,870757,100,95,2179,4.43
P04488,Health Promotion,Central,Bangkok,May,1066352,863491,100,96,1147,4.91
P04489,Policy Development,Central,Bangkok,May,1719558,1539582,100,64,1730,4.31
P04490,Network Strengthening,Central,Bangkok,May,740300,644555,100,98,154,4.36
P04491,Community Health,Central,Bangkok,Jun,1204274,1094273,100,69,1329,4.28
P04492,Elderly Care,Central,Bangkok,Jun,1316652,1238423,100,79,2292,4.75
P04493,Mental Health,Central,Bangkok,Jun,1682405,1570448,100,66,2230,3.74
P04494,Healthy School,Central,Bangkok,Jun,1579578,1383514,100,95,620,4.55
P04495,Food Safety,Central,Bangkok,Jun,1516820,1449217,100,90,2786,3.58
P04496,NCD Prevention,Central,Bangkok,Jun,1386089,1025386,100,80,1786,3.87
P04497,Health Data,Central,Bangkok,Jun,920372,713032,100,67,2656,4.5
P04498,Health Promotion,Central,Bangkok,Jun,1828322,1704219,100,68,215,3.65
P04499,Policy Development,Central,Bangkok,Jun,1334410,1219530,100,91,2976,4.64
P04500,Network Strengthening,Central,Bangkok,Jun,652811,611972,100,67,1953,4.72
P04501,Community Health,Central,Bangkok,Jul,1910330,1675923,100,100,511,3.68
P04502,Elderly Care,Central,Bangkok,Jul,1495197,1058722,100,92,1742,3.61
P04503,Mental Health,Central,Bangkok,Jul,514663,435896,100,92,2359,3.92
P04504,Healthy School,Central,Bangkok,Jul,1707163,1290780,100,87,680,4.27
P04505,Food Safety,Central,Bangkok,Jul,631158,505427,100,66,813,4.59
P04506,NCD Prevention,Central,Bangkok,Jul,1397170,1219175,100,88,570,3.96
P04507,Health Data,Central,Bangkok,Jul,1964440,1500202,100,68,1200,4.0
P04508,Health Promotion,Central,Bangkok,Jul,1487590,1231045,100,67,2008,4.01
P04509,Policy Development,Central,Bangkok,Jul,1093074,862544,100,96,506,4.9
P04510,Network Strengthening,Central,Bangkok,Jul,819771,676302,100,94,1146,4.24
P04511,Community Health,Central,Bangkok,Aug,1737386,1302916,100,63,1224,3.66
P04512,Elderly Care,Central,Bangkok,Aug,940707,701664,100,69,724,4.6
P04513,Mental Health,Central,Bangkok,Aug,982526,772019,100,97,2344,3.98
P04514,Healthy School,Central,Bangkok,Aug,929428,659614,100,93,1605,4.84
P04515,Food Safety,Central,Bangkok,Aug,1885148,1675636,100,63,1831,4.1
P04516,NCD Prevention,Central,Bangkok,Aug,1233967,1159796,100,65,2233,3.95
P04517,Health Data,Central,Bangkok,Aug,1395655,1021349,100,98,2684,3.63
P04518,Health Promotion,Central,Bangkok,Aug,1220166,1102542,100,100,649,3.77
P04519,Policy Development,Central,Bangkok,Aug,817596,654540,100,94,1810,4.3
P04520,Network Strengthening,Central,Bangkok,Aug,946644,802452,100,67,1490,3.52
P04521,Community Health,Central,Bangkok,Sep,822446,679269,100,63,2687,4.91
P04522,Elderly Care,Central,Bangkok,Sep,1024656,985352,100,91,940,4.51
P04523,Mental Health,Central,Bangkok,Sep,1367890,1297540,100,87,1651,3.74
P04524,Healthy School,Central,Bangkok,Sep,1759737,1266652,100,60,2405,3.51
P04525,Food Safety,Central,Bangkok,Sep,1508674,1262561,100,82,1195,4.08
P04526,NCD Prevention,Central,Bangkok,Sep,1944085,1703421,100,90,1053,4.86
P04527,Health Data,Central,Bangkok,Sep,1850277,1808908,100,87,1205,3.58
P04528,Health Promotion,Central,Bangkok,Sep,1683681,1365364,100,70,1718,3.75
P04529,Policy Development,Central,Bangkok,Sep,1717837,1233617,100,91,2531,3.85
P04530,Network Strengthening,Central,Bangkok,Sep,1423720,1422153,100,87,227,4.66
P04531,Community Health,Central,Bangkok,Oct,711392,685513,100,80,1563,3.76
P04532,Elderly Care,Central,Bangkok,Oct,1945393,1870746,100,100,1206,3.61
P04533,Mental Health,Central,Bangkok,Oct,554875,418141,100,85,474,3.87
P04534,Healthy School,Central,Bangkok,Oct,759774,588220,100,99,2237,4.89
P04535,Food Safety,Central,Bangkok,Oct,763829,740216,100,98,2578,3.63
P04536,NCD Prevention,Central,Bangkok,Oct,1673556,1441333,100,92,176,3.93
P04537,Health Data,Central,Bangkok,Oct,933527,719560,100,65,1347,4.0
P04538,Health Promotion,Central,Bangkok,Oct,742675,642725,100,82,1996,3.53
P04539,Policy Development,Central,Bangkok,Oct,1926856,1729768,100,89,2708,4.44
P04540,Network Strengthening,Central,Bangkok,Oct,1779100,1587624,100,66,1407,4.58
P04541,Community Health,Central,Bangkok,Nov,1867978,1725512,100,93,1200,4.06
P04542,Elderly Care,Central,Bangkok,Nov,1866095,1695040,100,71,2129,4.34
P04543,Mental Health,Central,Bangkok,Nov,1199014,870566,100,90,2512,4.56
P04544,Healthy School,Central,Bangkok,Nov,1338780,1059934,100,73,227,3.75
P04545,Food Safety,Central,Bangkok,Nov,902448,799615,100,67,304,4.47
P04546,NCD Prevention,Central,Bangkok,Nov,1624357,1300156,100,84,1537,4.2
P04547,Health Data,Central,Bangkok,Nov,1069671,1028455,100,95,936,4.6
P04548,Health Promotion,Central,Bangkok,Nov,1820653,1438030,100,82,2095,4.7
P04549,Policy Development,Central,Bangkok,Nov,903050,637839,100,87,2324,3.96
P04550,Network Strengthening,Central,Bangkok,Nov,1206110,1115391,100,89,1339,4.3
P04551,Community Health,Central,Bangkok,Dec,1826337,1606880,100,68,1983,4.89
P04552,Elderly Care,Central,Bangkok,Dec,1341043,1256239,100,100,2095,4.74
P04553,Mental Health,Central,Bangkok,Dec,635414,611629,100,97,2895,4.34
P04554,Healthy School,Central,Bangkok,Dec,1598156,1354096,100,66,2844,4.48
P04555,Food Safety,Central,Bangkok,Dec,1627281,1363668,100,90,2641,4.17
P04556,NCD Prevention,Central,Bangkok,Dec,1975024,1808796,100,61,2782,3.65
P04557,Health Data,Central,Bangkok,Dec,1540273,1121941,100,94,1643,4.89
P04558,Health Promotion,Central,Bangkok,Dec,1907176,1340580,100,97,770,4.21
P04559,Policy Development,Central,Bangkok,Dec,1849191,1707131,100,72,633,4.46
P04560,Network Strengthening,Central,Bangkok,Dec,540274,521052,100,86,1781,4.29
P04561,Community Health,Central,Nonthaburi,Jan,1945363,1757423,100,70,298,4.53
P04562,Elderly Care,Central,Nonthaburi,Jan,763108,574820,100,76,606,3.67
P04563,Mental Health,Central,Nonthaburi,Jan,1845135,1838340,100,71,2965,4.28
P04564,Healthy School,Central,Nonthaburi,Jan,674326,596648,100,74,1927,4.59
P04565,Food Safety,Central,Nonthaburi,Jan,1653214,1621244,100,79,1849,4.3
P04566,NCD Prevention,Central,Nonthaburi,Jan,1838288,1680518,100,82,602,3.64
P04567,Health Data,Central,Nonthaburi,Jan,945375,865467,100,72,2128,4.78
P04568,Health Promotion,Central,Nonthaburi,Jan,764540,647403,100,77,2115,4.14
P04569,Policy Development,Central,Nonthaburi,Jan,1628906,1264352,100,96,939,3.71
P04570,Network Strengthening,Central,Nonthaburi,Jan,1667978,1609832,100,91,1386,4.67
P04571,Community Health,Central,Nonthaburi,Feb,995771,713877,100,73,171,4.14
P04572,Elderly Care,Central,Nonthaburi,Feb,1147389,911385,100,65,2368,4.49
P04573,Mental Health,Central,Nonthaburi,Feb,968960,826878,100,64,661,4.19
P04574,Healthy School,Central,Nonthaburi,Feb,1375297,1209978,100,77,950,4.49
P04575,Food Safety,Central,Nonthaburi,Feb,1049230,880840,100,65,2557,3.74
P04576,NCD Prevention,Central,Nonthaburi,Feb,801923,792562,100,73,1555,3.66
P04577,Health Data,Central,Nonthaburi,Feb,1801421,1502254,100,79,2331,3.86
P04578,Health Promotion,Central,Nonthaburi,Feb,1209331,854940,100,99,1831,4.79
P04579,Policy Development,Central,Nonthaburi,Feb,1438866,1308458,100,68,2051,3.65
P04580,Network Strengthening,Central,Nonthaburi,Feb,1094016,1013080,100,80,1369,4.39
P04581,Community Health,Central,Nonthaburi,Mar,1278027,926989,100,91,605,3.93
P04582,Elderly Care,Central,Nonthaburi,Mar,1594869,1287611,100,65,723,4.55
P04583,Mental Health,Central,Nonthaburi,Mar,1293151,933049,100,67,1573,3.59
P04584,Healthy School,Central,Nonthaburi,Mar,1014232,779945,100,79,1580,4.58
P04585,Food Safety,Central,Nonthaburi,Mar,1028174,733485,100,76,406,4.36
P04586,NCD Prevention,Central,Nonthaburi,Mar,1102078,1085306,100,66,543,4.47
P04587,Health Data,Central,Nonthaburi,Mar,1171615,871689,100,70,1806,4.42
P04588,Health Promotion,Central,Nonthaburi,Mar,1210579,991043,100,82,2565,4.59
P04589,Policy Development,Central,Nonthaburi,Mar,1436041,1100363,100,79,2987,4.65
P04590,Network Strengthening,Central,Nonthaburi,Mar,506008,418819,100,94,688,4.45
P04591,Community Health,Central,Nonthaburi,Apr,1558962,1132753,100,76,2945,4.91
P04592,Elderly Care,Central,Nonthaburi,Apr,1451289,1113598,100,82,3000,4.69
P04593,Mental Health,Central,Nonthaburi,Apr,1624227,1184125,100,97,766,4.33
P04594,Healthy School,Central,Nonthaburi,Apr,1092578,847118,100,67,706,4.87
P04595,Food Safety,Central,Nonthaburi,Apr,1931961,1746125,100,83,2739,3.75
P04596,NCD Prevention,Central,Nonthaburi,Apr,1099550,1074455,100,91,332,4.05
P04597,Health Data,Central,Nonthaburi,Apr,546487,517838,100,97,1977,4.87
P04598,Health Promotion,Central,Nonthaburi,Apr,1241130,889852,100,86,2657,4.36
P04599,Policy Development,Central,Nonthaburi,Apr,1818246,1520012,100,99,927,4.06
P04600,Network Strengthening,Central,Nonthaburi,Apr,1953261,1935139,100,96,367,3.96
P04601,Community Health,Central,Nonthaburi,May,1841205,1493290,100,62,279,3.91
P04602,Elderly Care,Central,Nonthaburi,May,1917415,1437785,100,91,1974,4.24
P04603,Mental Health,Central,Nonthaburi,May,1885834,1446414,100,84,1127,3.55
P04604,Healthy School,Central,Nonthaburi,May,1214044,883521,100,66,360,4.92
P04605,Food Safety,Central,Nonthaburi,May,1923573,1851040,100,94,405,3.83
P04606,NCD Prevention,Central,Nonthaburi,May,503547,397606,100,83,1388,4.44
P04607,Health Data,Central,Nonthaburi,May,1861283,1480737,100,61,768,4.27
P04608,Health Promotion,Central,Nonthaburi,May,523048,437562,100,85,2826,4.7
P04609,Policy Development,Central,Nonthaburi,May,551731,429544,100,74,2820,4.6
P04610,Network Strengthening,Central,Nonthaburi,May,1581516,1154649,100,60,1028,4.26
P04611,Community Health,Central,Nonthaburi,Jun,1306569,1023936,100,64,648,3.59
P04612,Elderly Care,Central,Nonthaburi,Jun,1463992,1435294,100,90,1141,4.0
P04613,Mental Health,Central,Nonthaburi,Jun,1462983,1168153,100,60,2755,4.36
P04614,Healthy School,Central,Nonthaburi,Jun,1893233,1623319,100,85,2118,4.99
P04615,Food Safety,Central,Nonthaburi,Jun,1046827,1036751,100,85,1073,4.19
P04616,NCD Prevention,Central,Nonthaburi,Jun,781856,673656,100,86,2956,4.33
P04617,Health Data,Central,Nonthaburi,Jun,1002179,705328,100,96,1122,3.71
P04618,Health Promotion,Central,Nonthaburi,Jun,1344995,1194871,100,77,925,3.82
P04619,Policy Development,Central,Nonthaburi,Jun,1284645,1235547,100,62,1936,4.03
P04620,Network Strengthening,Central,Nonthaburi,Jun,1923360,1891574,100,76,2157,3.63
P04621,Community Health,Central,Nonthaburi,Jul,1804049,1352667,100,75,1377,3.61
P04622,Elderly Care,Central,Nonthaburi,Jul,1540872,1288817,100,61,325,4.03
P04623,Mental Health,Central,Nonthaburi,Jul,1006537,963670,100,71,2312,3.54
P04624,Healthy School,Central,Nonthaburi,Jul,862164,774888,100,64,660,3.71
P04625,Food Safety,Central,Nonthaburi,Jul,1327544,1084567,100,95,1701,4.04
P04626,NCD Prevention,Central,Nonthaburi,Jul,1831625,1607093,100,64,2941,4.57
P04627,Health Data,Central,Nonthaburi,Jul,1103049,965869,100,97,2217,4.52
P04628,Health Promotion,Central,Nonthaburi,Jul,1037595,1033664,100,68,2397,4.97
P04629,Policy Development,Central,Nonthaburi,Jul,802378,794626,100,61,827,4.32
P04630,Network Strengthening,Central,Nonthaburi,Jul,1675733,1550406,100,60,752,3.67
P04631,Community Health,Central,Nonthaburi,Aug,1378570,1304621,100,60,1476,4.86
P04632,Elderly Care,Central,Nonthaburi,Aug,1648755,1340091,100,63,561,3.62
P04633,Mental Health,Central,Nonthaburi,Aug,1076440,859059,100,84,871,4.97
P04634,Healthy School,Central,Nonthaburi,Aug,1035206,877121,100,100,1387,4.28
P04635,Food Safety,Central,Nonthaburi,Aug,1517082,1351013,100,81,1516,4.09
P04636,NCD Prevention,Central,Nonthaburi,Aug,545912,404860,100,75,2869,4.27
P04637,Health Data,Central,Nonthaburi,Aug,507806,404861,100,96,525,4.2
P04638,Health Promotion,Central,Nonthaburi,Aug,1608851,1233567,100,77,2533,4.51
P04639,Policy Development,Central,Nonthaburi,Aug,1645082,1604246,100,85,1788,3.93
P04640,Network Strengthening,Central,Nonthaburi,Aug,1171919,857418,100,65,2432,3.93
P04641,Community Health,Central,Nonthaburi,Sep,1985610,1525271,100,73,2353,4.21
P04642,Elderly Care,Central,Nonthaburi,Sep,1885362,1525707,100,84,1741,4.94
P04643,Mental Health,Central,Nonthaburi,Sep,1265558,1209998,100,79,1825,4.09
P04644,Healthy School,Central,Nonthaburi,Sep,573997,555344,100,73,578,4.53
P04645,Food Safety,Central,Nonthaburi,Sep,740548,638747,100,64,1872,4.3
P04646,NCD Prevention,Central,Nonthaburi,Sep,1990904,1898109,100,80,1895,4.97
P04647,Health Data,Central,Nonthaburi,Sep,1084089,794929,100,83,2368,3.91
P04648,Health Promotion,Central,Nonthaburi,Sep,834009,729326,100,86,2396,4.23
P04649,Policy Development,Central,Nonthaburi,Sep,1275011,1161605,100,89,1088,4.51
P04650,Network Strengthening,Central,Nonthaburi,Sep,1147274,1083535,100,70,1154,3.75
P04651,Community Health,Central,Nonthaburi,Oct,1144512,835008,100,90,1789,3.79
P04652,Elderly Care,Central,Nonthaburi,Oct,837226,757897,100,95,946,4.53
P04653,Mental Health,Central,Nonthaburi,Oct,1960749,1879066,100,97,2525,4.84
P04654,Healthy School,Central,Nonthaburi,Oct,959609,954462,100,92,1770,3.65
P04655,Food Safety,Central,Nonthaburi,Oct,1530571,1352750,100,67,171,3.65
P04656,NCD Prevention,Central,Nonthaburi,Oct,1606552,1201806,100,89,2252,3.75
P04657,Health Data,Central,Nonthaburi,Oct,1387623,1083023,100,88,1744,4.19
P04658,Health Promotion,Central,Nonthaburi,Oct,1849513,1559657,100,70,1259,4.3
P04659,Policy Development,Central,Nonthaburi,Oct,1900055,1397045,100,80,876,3.66
P04660,Network Strengthening,Central,Nonthaburi,Oct,592498,497263,100,86,956,4.88
P04661,Community Health,Central,Nonthaburi,Nov,790395,624999,100,60,2433,4.32
P04662,Elderly Care,Central,Nonthaburi,Nov,1142024,1089640,100,84,2118,4.24
P04663,Mental Health,Central,Nonthaburi,Nov,1444900,1112529,100,95,1285,3.87
P04664,Healthy School,Central,Nonthaburi,Nov,1486745,1064358,100,74,2672,4.85
P04665,Food Safety,Central,Nonthaburi,Nov,543961,523063,100,66,2852,3.79
P04666,NCD Prevention,Central,Nonthaburi,Nov,788884,739488,100,62,2770,4.55
P04667,Health Data,Central,Nonthaburi,Nov,1129358,912373,100,92,2432,4.82
P04668,Health Promotion,Central,Nonthaburi,Nov,646053,528601,100,100,1478,4.41
P04669,Policy Development,Central,Nonthaburi,Nov,851976,656820,100,66,1150,3.61
P04670,Network Strengthening,Central,Nonthaburi,Nov,1359299,1151885,100,86,979,3.7
P04671,Community Health,Central,Nonthaburi,Dec,1638921,1444897,100,86,2689,3.57
P04672,Elderly Care,Central,Nonthaburi,Dec,1790232,1532931,100,75,1921,4.09
P04673,Mental Health,Central,Nonthaburi,Dec,1902335,1369628,100,99,2879,4.73
P04674,Healthy School,Central,Nonthaburi,Dec,1250505,910073,100,73,2095,3.95
P04675,Food Safety,Central,Nonthaburi,Dec,1126389,887469,100,61,835,4.6
P04676,NCD Prevention,Central,Nonthaburi,Dec,583681,468722,100,65,2101,4.72
P04677,Health Data,Central,Nonthaburi,Dec,1502462,1171877,100,100,504,3.5
P04678,Health Promotion,Central,Nonthaburi,Dec,1701832,1373376,100,85,2052,4.46
P04679,Policy Development,Central,Nonthaburi,Dec,1162224,879565,100,83,1323,3.99
P04680,Network Strengthening,Central,Nonthaburi,Dec,1721078,1532991,100,79,2361,5.0
P04681,Community Health,Central,Pathum Thani,Jan,1805655,1721997,100,98,2861,4.28
P04682,Elderly Care,Central,Pathum Thani,Jan,1021412,864915,100,93,2715,3.8
P04683,Mental Health,Central,Pathum Thani,Jan,931594,670510,100,64,1228,4.93
P04684,Healthy School,Central,Pathum Thani,Jan,1209266,1176407,100,96,615,3.76
P04685,Food Safety,Central,Pathum Thani,Jan,931808,798085,100,97,2577,3.89
P04686,NCD Prevention,Central,Pathum Thani,Jan,1845633,1469228,100,60,974,3.53
P04687,Health Data,Central,Pathum Thani,Jan,1985857,1902930,100,69,2559,4.14
P04688,Health Promotion,Central,Pathum Thani,Jan,1770873,1756673,100,81,207,4.01
P04689,Policy Development,Central,Pathum Thani,Jan,511609,483484,100,97,2636,3.52
P04690,Network Strengthening,Central,Pathum Thani,Jan,1204584,1083088,100,81,2643,4.86
P04691,Community Health,Central,Pathum Thani,Feb,1126719,899203,100,75,2237,4.27
P04692,Elderly Care,Central,Pathum Thani,Feb,1112763,990607,100,94,1875,4.03
P04693,Mental Health,Central,Pathum Thani,Feb,1129600,1126171,100,65,370,4.25
P04694,Healthy School,Central,Pathum Thani,Feb,566982,434421,100,98,2193,3.97
P04695,Food Safety,Central,Pathum Thani,Feb,1515547,1436786,100,74,1874,4.61
P04696,NCD Prevention,Central,Pathum Thani,Feb,1233326,1177306,100,78,843,3.53
P04697,Health Data,Central,Pathum Thani,Feb,1825115,1734238,100,91,214,4.46
P04698,Health Promotion,Central,Pathum Thani,Feb,1996527,1607935,100,73,228,4.84
P04699,Policy Development,Central,Pathum Thani,Feb,1754560,1246201,100,64,1262,3.67
P04700,Network Strengthening,Central,Pathum Thani,Feb,572894,475448,100,98,2640,3.58
P04701,Community Health,Central,Pathum Thani,Mar,1791163,1665309,100,64,2489,4.83
P04702,Elderly Care,Central,Pathum Thani,Mar,1693311,1208095,100,73,2921,3.95
P04703,Mental Health,Central,Pathum Thani,Mar,1979411,1862214,100,80,2437,3.65
P04704,Healthy School,Central,Pathum Thani,Mar,1887629,1582998,100,61,715,4.57
P04705,Food Safety,Central,Pathum Thani,Mar,829791,754834,100,68,1269,3.66
P04706,NCD Prevention,Central,Pathum Thani,Mar,1709793,1370022,100,88,2423,4.47
P04707,Health Data,Central,Pathum Thani,Mar,1953459,1625619,100,64,2322,3.9
P04708,Health Promotion,Central,Pathum Thani,Mar,981927,893171,100,85,2284,3.81
P04709,Policy Development,Central,Pathum Thani,Mar,1986955,1783036,100,92,2879,3.84
P04710,Network Strengthening,Central,Pathum Thani,Mar,1080325,925044,100,67,2610,4.22
P04711,Community Health,Central,Pathum Thani,Apr,1276069,1092125,100,62,1051,3.73
P04712,Elderly Care,Central,Pathum Thani,Apr,1961629,1538360,100,84,1594,4.13
P04713,Mental Health,Central,Pathum Thani,Apr,1459697,1172846,100,99,1638,4.27
P04714,Healthy School,Central,Pathum Thani,Apr,1432463,1350988,100,65,2946,4.43
P04715,Food Safety,Central,Pathum Thani,Apr,1028042,1001708,100,79,260,4.39
P04716,NCD Prevention,Central,Pathum Thani,Apr,1290336,1284728,100,70,842,4.45
P04717,Health Data,Central,Pathum Thani,Apr,1050359,967140,100,83,2594,4.89
P04718,Health Promotion,Central,Pathum Thani,Apr,526289,498465,100,74,2439,4.27
P04719,Policy Development,Central,Pathum Thani,Apr,1853437,1805212,100,80,2645,3.95
P04720,Network Strengthening,Central,Pathum Thani,Apr,1918813,1790346,100,62,1901,4.36
P04721,Community Health,Central,Pathum Thani,May,702658,701024,100,92,679,4.68
P04722,Elderly Care,Central,Pathum Thani,May,1746405,1654458,100,72,1907,3.53
P04723,Mental Health,Central,Pathum Thani,May,1417120,1181517,100,69,1801,4.57
P04724,Healthy School,Central,Pathum Thani,May,1066711,975498,100,90,803,4.69
P04725,Food Safety,Central,Pathum Thani,May,582079,441073,100,84,380,4.78
P04726,NCD Prevention,Central,Pathum Thani,May,908977,897381,100,80,2063,4.08
P04727,Health Data,Central,Pathum Thani,May,803350,671372,100,78,1397,3.82
P04728,Health Promotion,Central,Pathum Thani,May,511694,421626,100,63,157,4.7
P04729,Policy Development,Central,Pathum Thani,May,1146223,941132,100,79,1604,4.51
P04730,Network Strengthening,Central,Pathum Thani,May,1145889,1015605,100,75,1318,3.93
P04731,Community Health,Central,Pathum Thani,Jun,1818406,1791091,100,77,2612,3.68
P04732,Elderly Care,Central,Pathum Thani,Jun,1569609,1153692,100,69,790,3.76
P04733,Mental Health,Central,Pathum Thani,Jun,1556680,1520038,100,68,2647,4.9
P04734,Healthy School,Central,Pathum Thani,Jun,1071972,1043554,100,75,1512,3.84
P04735,Food Safety,Central,Pathum Thani,Jun,785011,575552,100,99,665,4.01
P04736,NCD Prevention,Central,Pathum Thani,Jun,1412015,1054609,100,68,2254,3.79
P04737,Health Data,Central,Pathum Thani,Jun,1966677,1839349,100,84,2074,4.58
P04738,Health Promotion,Central,Pathum Thani,Jun,666865,520783,100,85,2680,4.5
P04739,Policy Development,Central,Pathum Thani,Jun,1423237,1352346,100,60,2551,3.73
P04740,Network Strengthening,Central,Pathum Thani,Jun,1594765,1542185,100,64,914,4.67
P04741,Community Health,Central,Pathum Thani,Jul,1036757,851501,100,81,966,4.65
P04742,Elderly Care,Central,Pathum Thani,Jul,929155,722712,100,75,1111,4.64
P04743,Mental Health,Central,Pathum Thani,Jul,1999215,1688345,100,60,235,3.84
P04744,Healthy School,Central,Pathum Thani,Jul,678894,591479,100,87,2578,3.75
P04745,Food Safety,Central,Pathum Thani,Jul,1079138,808109,100,72,1125,3.87
P04746,NCD Prevention,Central,Pathum Thani,Jul,1315549,1115876,100,74,425,4.28
P04747,Health Data,Central,Pathum Thani,Jul,940515,810310,100,91,2276,4.53
P04748,Health Promotion,Central,Pathum Thani,Jul,1376353,1268176,100,99,2451,4.36
P04749,Policy Development,Central,Pathum Thani,Jul,1781510,1703028,100,60,1102,4.53
P04750,Network Strengthening,Central,Pathum Thani,Jul,822930,624946,100,84,597,3.77
P04751,Community Health,Central,Pathum Thani,Aug,1542499,1370045,100,71,611,3.67
P04752,Elderly Care,Central,Pathum Thani,Aug,1941240,1436015,100,84,2240,4.71
P04753,Mental Health,Central,Pathum Thani,Aug,1778024,1408967,100,71,2262,4.31
P04754,Healthy School,Central,Pathum Thani,Aug,1938827,1774349,100,97,521,3.81
P04755,Food Safety,Central,Pathum Thani,Aug,1815589,1550044,100,84,1514,4.96
P04756,NCD Prevention,Central,Pathum Thani,Aug,1708298,1457897,100,77,527,4.39
P04757,Health Data,Central,Pathum Thani,Aug,1107002,843496,100,62,831,3.97
P04758,Health Promotion,Central,Pathum Thani,Aug,1424508,1283664,100,62,532,4.43
P04759,Policy Development,Central,Pathum Thani,Aug,825614,614778,100,93,604,4.1
P04760,Network Strengthening,Central,Pathum Thani,Aug,774019,573498,100,68,2924,3.51
P04761,Community Health,Central,Pathum Thani,Sep,761536,586885,100,92,2816,3.88
P04762,Elderly Care,Central,Pathum Thani,Sep,878839,797878,100,60,580,3.88
P04763,Mental Health,Central,Pathum Thani,Sep,959412,862698,100,87,489,4.13
P04764,Healthy School,Central,Pathum Thani,Sep,936418,792174,100,61,2981,3.54
P04765,Food Safety,Central,Pathum Thani,Sep,948824,789958,100,61,2007,4.18
P04766,NCD Prevention,Central,Pathum Thani,Sep,912070,816881,100,64,908,4.82
P04767,Health Data,Central,Pathum Thani,Sep,1877916,1345303,100,85,2265,4.63
P04768,Health Promotion,Central,Pathum Thani,Sep,942622,757475,100,71,985,4.09
P04769,Policy Development,Central,Pathum Thani,Sep,1116775,914219,100,89,1107,4.44
P04770,Network Strengthening,Central,Pathum Thani,Sep,622998,557289,100,94,2941,4.16
P04771,Community Health,Central,Pathum Thani,Oct,1044308,1024465,100,92,2145,4.7
P04772,Elderly Care,Central,Pathum Thani,Oct,1552840,1213008,100,67,1849,4.12
P04773,Mental Health,Central,Pathum Thani,Oct,1884771,1840152,100,85,1262,3.69
P04774,Healthy School,Central,Pathum Thani,Oct,1464115,1264607,100,63,2981,3.63
P04775,Food Safety,Central,Pathum Thani,Oct,1721842,1491700,100,62,2283,4.02
P04776,NCD Prevention,Central,Pathum Thani,Oct,1189660,966603,100,73,1927,4.48
P04777,Health Data,Central,Pathum Thani,Oct,1320642,1141318,100,98,2515,4.74
P04778,Health Promotion,Central,Pathum Thani,Oct,916594,752046,100,64,1447,3.55
P04779,Policy Development,Central,Pathum Thani,Oct,1667639,1341226,100,80,1304,4.22
P04780,Network Strengthening,Central,Pathum Thani,Oct,1445499,1257925,100,73,2848,3.79
P04781,Community Health,Central,Pathum Thani,Nov,1434123,1397284,100,94,1745,4.05
P04782,Elderly Care,Central,Pathum Thani,Nov,1979843,1859269,100,79,2900,3.84
P04783,Mental Health,Central,Pathum Thani,Nov,1196586,1063013,100,85,2050,3.7
P04784,Healthy School,Central,Pathum Thani,Nov,1862844,1404923,100,94,1696,4.0
P04785,Food Safety,Central,Pathum Thani,Nov,1384284,1250757,100,88,2189,4.8
P04786,NCD Prevention,Central,Pathum Thani,Nov,1959452,1657050,100,72,2863,4.03
P04787,Health Data,Central,Pathum Thani,Nov,1777843,1382963,100,96,2544,3.68
P04788,Health Promotion,Central,Pathum Thani,Nov,1277559,987831,100,94,2782,4.31
P04789,Policy Development,Central,Pathum Thani,Nov,973288,951454,100,75,733,4.08
P04790,Network Strengthening,Central,Pathum Thani,Nov,1669281,1349555,100,82,1116,4.27
P04791,Community Health,Central,Pathum Thani,Dec,963524,918515,100,69,1212,4.25
P04792,Elderly Care,Central,Pathum Thani,Dec,972371,707852,100,96,2400,4.18
P04793,Mental Health,Central,Pathum Thani,Dec,1043807,1040828,100,70,837,4.07
P04794,Healthy School,Central,Pathum Thani,Dec,1828631,1413421,100,79,1004,4.37
P04795,Food Safety,Central,Pathum Thani,Dec,962372,717978,100,74,2440,4.07
P04796,NCD Prevention,Central,Pathum Thani,Dec,1438194,1319138,100,99,616,4.01
P04797,Health Data,Central,Pathum Thani,Dec,628520,538007,100,66,1107,3.89
P04798,Health Promotion,Central,Pathum Thani,Dec,1536468,1444369,100,80,303,4.15
P04799,Policy Development,Central,Pathum Thani,Dec,1021749,782999,100,85,556,3.81
P04800,Network Strengthening,Central,Pathum Thani,Dec,1336545,1174528,100,100,1584,3.9
P04801,Community Health,Central,Nakhon Pathom,Jan,1111204,845067,100,88,2133,3.63
P04802,Elderly Care,Central,Nakhon Pathom,Jan,1363106,981491,100,88,1709,4.06
P04803,Mental Health,Central,Nakhon Pathom,Jan,1513087,1105025,100,93,2265,3.88
P04804,Healthy School,Central,Nakhon Pathom,Jan,1792406,1607936,100,90,1456,4.75
P04805,Food Safety,Central,Nakhon Pathom,Jan,756414,742374,100,62,1919,4.11
P04806,NCD Prevention,Central,Nakhon Pathom,Jan,1476921,1327281,100,99,867,4.1
P04807,Health Data,Central,Nakhon Pathom,Jan,1013751,869601,100,69,2320,3.53
P04808,Health Promotion,Central,Nakhon Pathom,Jan,1926284,1699356,100,89,1436,4.14
P04809,Policy Development,Central,Nakhon Pathom,Jan,1509532,1460085,100,64,1864,4.26
P04810,Network Strengthening,Central,Nakhon Pathom,Jan,1266804,1259398,100,64,1262,3.57
P04811,Community Health,Central,Nakhon Pathom,Feb,1621301,1288379,100,76,845,3.85
P04812,Elderly Care,Central,Nakhon Pathom,Feb,1366110,999170,100,77,1076,4.19
P04813,Mental Health,Central,Nakhon Pathom,Feb,1742364,1506812,100,79,493,4.85
P04814,Healthy School,Central,Nakhon Pathom,Feb,897633,721932,100,64,1200,4.7
P04815,Food Safety,Central,Nakhon Pathom,Feb,1205925,992287,100,93,2157,3.91
P04816,NCD Prevention,Central,Nakhon Pathom,Feb,1236769,1072787,100,73,2919,4.34
P04817,Health Data,Central,Nakhon Pathom,Feb,809659,662145,100,66,816,4.36
P04818,Health Promotion,Central,Nakhon Pathom,Feb,553247,392206,100,79,2301,4.25
P04819,Policy Development,Central,Nakhon Pathom,Feb,562910,397112,100,64,2374,4.34
P04820,Network Strengthening,Central,Nakhon Pathom,Feb,1041674,873160,100,61,1496,3.81
P04821,Community Health,Central,Nakhon Pathom,Mar,1571354,1440424,100,97,2833,4.37
P04822,Elderly Care,Central,Nakhon Pathom,Mar,1017572,860068,100,95,248,4.87
P04823,Mental Health,Central,Nakhon Pathom,Mar,1549486,1189596,100,70,1761,4.66
P04824,Healthy School,Central,Nakhon Pathom,Mar,1096828,1027749,100,75,2398,4.29
P04825,Food Safety,Central,Nakhon Pathom,Mar,1229291,923965,100,94,2766,4.46
P04826,NCD Prevention,Central,Nakhon Pathom,Mar,851827,818583,100,80,1535,3.83
P04827,Health Data,Central,Nakhon Pathom,Mar,1000300,785027,100,60,777,4.5
P04828,Health Promotion,Central,Nakhon Pathom,Mar,1828901,1645050,100,87,2710,4.52
P04829,Policy Development,Central,Nakhon Pathom,Mar,1982021,1470191,100,79,343,4.33
P04830,Network Strengthening,Central,Nakhon Pathom,Mar,1038841,985283,100,72,1114,4.62
P04831,Community Health,Central,Nakhon Pathom,Apr,1751534,1406988,100,64,483,4.89
P04832,Elderly Care,Central,Nakhon Pathom,Apr,1274309,1118024,100,78,2068,4.76
P04833,Mental Health,Central,Nakhon Pathom,Apr,1229225,1081651,100,71,1047,3.59
P04834,Healthy School,Central,Nakhon Pathom,Apr,632055,552090,100,60,2881,4.88
P04835,Food Safety,Central,Nakhon Pathom,Apr,1289170,1209934,100,84,1776,4.57
P04836,NCD Prevention,Central,Nakhon Pathom,Apr,1775471,1572494,100,76,1198,4.04
P04837,Health Data,Central,Nakhon Pathom,Apr,769488,643909,100,82,2754,4.71
P04838,Health Promotion,Central,Nakhon Pathom,Apr,1962331,1961213,100,88,1963,3.97
P04839,Policy Development,Central,Nakhon Pathom,Apr,811584,788645,100,66,2175,4.64
P04840,Network Strengthening,Central,Nakhon Pathom,Apr,1620534,1184581,100,85,2631,4.98
P04841,Community Health,Central,Nakhon Pathom,May,1268748,1040051,100,98,746,4.0
P04842,Elderly Care,Central,Nakhon Pathom,May,1751706,1499085,100,66,1565,3.71
P04843,Mental Health,Central,Nakhon Pathom,May,1135295,1053982,100,66,1385,4.91
P04844,Healthy School,Central,Nakhon Pathom,May,1998436,1689236,100,70,1604,3.77
P04845,Food Safety,Central,Nakhon Pathom,May,505576,408347,100,80,919,3.75
P04846,NCD Prevention,Central,Nakhon Pathom,May,513254,501593,100,97,2247,4.38
P04847,Health Data,Central,Nakhon Pathom,May,1482563,1350244,100,64,1013,4.07
P04848,Health Promotion,Central,Nakhon Pathom,May,513796,467631,100,88,2148,4.4
P04849,Policy Development,Central,Nakhon Pathom,May,1857221,1760316,100,84,2320,4.72
P04850,Network Strengthening,Central,Nakhon Pathom,May,614331,523615,100,97,432,4.73
P04851,Community Health,Central,Nakhon Pathom,Jun,1272578,896977,100,67,397,4.25
P04852,Elderly Care,Central,Nakhon Pathom,Jun,1350791,1335314,100,67,2115,4.06
P04853,Mental Health,Central,Nakhon Pathom,Jun,1348451,995811,100,62,2729,4.43
P04854,Healthy School,Central,Nakhon Pathom,Jun,1530840,1240133,100,82,1448,4.1
P04855,Food Safety,Central,Nakhon Pathom,Jun,1189111,954306,100,83,452,4.68
P04856,NCD Prevention,Central,Nakhon Pathom,Jun,766337,608080,100,60,1992,4.59
P04857,Health Data,Central,Nakhon Pathom,Jun,1245358,1089313,100,70,1261,4.29
P04858,Health Promotion,Central,Nakhon Pathom,Jun,1161994,919954,100,95,2895,4.92
P04859,Policy Development,Central,Nakhon Pathom,Jun,1526843,1447534,100,82,1027,4.07
P04860,Network Strengthening,Central,Nakhon Pathom,Jun,1662246,1556580,100,78,2768,4.47
P04861,Community Health,Central,Nakhon Pathom,Jul,867711,846948,100,66,1215,4.09
P04862,Elderly Care,Central,Nakhon Pathom,Jul,1809664,1689407,100,61,1614,4.16
P04863,Mental Health,Central,Nakhon Pathom,Jul,1114000,850141,100,71,847,4.45
P04864,Healthy School,Central,Nakhon Pathom,Jul,1270700,957510,100,79,1045,4.63
P04865,Food Safety,Central,Nakhon Pathom,Jul,558078,488508,100,85,1415,3.73
P04866,NCD Prevention,Central,Nakhon Pathom,Jul,874601,680917,100,80,2740,4.35
P04867,Health Data,Central,Nakhon Pathom,Jul,1834027,1284008,100,88,1676,4.11
P04868,Health Promotion,Central,Nakhon Pathom,Jul,1169780,1036753,100,63,2907,4.78
P04869,Policy Development,Central,Nakhon Pathom,Jul,1021484,950944,100,91,2318,4.95
P04870,Network Strengthening,Central,Nakhon Pathom,Jul,512940,394148,100,75,963,3.98
P04871,Community Health,Central,Nakhon Pathom,Aug,807471,721629,100,88,313,4.62
P04872,Elderly Care,Central,Nakhon Pathom,Aug,1211917,1203877,100,72,2007,4.78
P04873,Mental Health,Central,Nakhon Pathom,Aug,989379,825304,100,93,1440,4.03
P04874,Healthy School,Central,Nakhon Pathom,Aug,998533,880239,100,79,2367,4.72
P04875,Food Safety,Central,Nakhon Pathom,Aug,1394314,1054203,100,60,2821,4.7
P04876,NCD Prevention,Central,Nakhon Pathom,Aug,820554,792363,100,84,1628,4.35
P04877,Health Data,Central,Nakhon Pathom,Aug,1449272,1083191,100,63,2889,3.99
P04878,Health Promotion,Central,Nakhon Pathom,Aug,629929,446968,100,96,2607,4.81
P04879,Policy Development,Central,Nakhon Pathom,Aug,981335,967707,100,94,315,4.49
P04880,Network Strengthening,Central,Nakhon Pathom,Aug,1227243,999220,100,91,447,4.47
P04881,Community Health,Central,Nakhon Pathom,Sep,1878544,1548209,100,99,2371,3.71
P04882,Elderly Care,Central,Nakhon Pathom,Sep,1370796,1362604,100,68,554,4.8
P04883,Mental Health,Central,Nakhon Pathom,Sep,713610,547358,100,85,833,4.04
P04884,Healthy School,Central,Nakhon Pathom,Sep,1212634,1207453,100,65,2778,4.18
P04885,Food Safety,Central,Nakhon Pathom,Sep,829053,768668,100,74,703,4.63
P04886,NCD Prevention,Central,Nakhon Pathom,Sep,1548829,1278272,100,80,2763,4.43
P04887,Health Data,Central,Nakhon Pathom,Sep,1837252,1559648,100,93,2416,4.1
P04888,Health Promotion,Central,Nakhon Pathom,Sep,1640263,1391681,100,77,2604,3.55
P04889,Policy Development,Central,Nakhon Pathom,Sep,1416510,1336286,100,86,2170,3.95
P04890,Network Strengthening,Central,Nakhon Pathom,Sep,1357452,1299334,100,98,562,3.73
P04891,Community Health,Central,Nakhon Pathom,Oct,661217,620426,100,77,823,4.64
P04892,Elderly Care,Central,Nakhon Pathom,Oct,1290126,1168686,100,63,1678,4.88
P04893,Mental Health,Central,Nakhon Pathom,Oct,1163398,821980,100,95,1761,4.0
P04894,Healthy School,Central,Nakhon Pathom,Oct,1710925,1280007,100,78,2811,4.39
P04895,Food Safety,Central,Nakhon Pathom,Oct,783884,613326,100,68,1060,3.5
P04896,NCD Prevention,Central,Nakhon Pathom,Oct,1855302,1845538,100,92,1263,3.94
P04897,Health Data,Central,Nakhon Pathom,Oct,1328604,971951,100,68,199,4.9
P04898,Health Promotion,Central,Nakhon Pathom,Oct,1309594,1135386,100,79,1935,3.56
P04899,Policy Development,Central,Nakhon Pathom,Oct,1938666,1776034,100,65,2995,4.65
P04900,Network Strengthening,Central,Nakhon Pathom,Oct,1601940,1275002,100,85,463,4.32
P04901,Community Health,Central,Nakhon Pathom,Nov,1394259,1002076,100,69,2311,3.77
P04902,Elderly Care,Central,Nakhon Pathom,Nov,1861765,1830701,100,92,995,4.33
P04903,Mental Health,Central,Nakhon Pathom,Nov,1530319,1262368,100,98,1392,4.11
P04904,Healthy School,Central,Nakhon Pathom,Nov,1466978,1133927,100,94,2312,4.91
P04905,Food Safety,Central,Nakhon Pathom,Nov,690418,682173,100,75,1613,3.91
P04906,NCD Prevention,Central,Nakhon Pathom,Nov,1640572,1386708,100,81,548,3.62
P04907,Health Data,Central,Nakhon Pathom,Nov,1169055,948809,100,69,1133,4.59
P04908,Health Promotion,Central,Nakhon Pathom,Nov,654019,535873,100,73,290,4.71
P04909,Policy Development,Central,Nakhon Pathom,Nov,1860719,1846708,100,98,2952,4.86
P04910,Network Strengthening,Central,Nakhon Pathom,Nov,620529,486232,100,86,2227,4.37
P04911,Community Health,Central,Nakhon Pathom,Dec,637204,458028,100,80,2019,3.96
P04912,Elderly Care,Central,Nakhon Pathom,Dec,562215,464621,100,93,2948,4.2
P04913,Mental Health,Central,Nakhon Pathom,Dec,1679329,1312199,100,89,1572,4.41
P04914,Healthy School,Central,Nakhon Pathom,Dec,638482,511235,100,67,852,4.82
P04915,Food Safety,Central,Nakhon Pathom,Dec,1622386,1402904,100,91,1934,4.36
P04916,NCD Prevention,Central,Nakhon Pathom,Dec,1381534,1247395,100,73,1919,5.0
P04917,Health Data,Central,Nakhon Pathom,Dec,755464,621943,100,99,1942,4.13
P04918,Health Promotion,Central,Nakhon Pathom,Dec,1498251,1486275,100,94,2164,4.8
P04919,Policy Development,Central,Nakhon Pathom,Dec,1244680,1118544,100,96,483,3.96
P04920,Network Strengthening,Central,Nakhon Pathom,Dec,1515936,1110121,100,67,1381,3.84
P04921,Community Health,Central,Phra Nakhon Si Ayutthaya,Jan,975907,885319,100,95,2319,3.65
P04922,Elderly Care,Central,Phra Nakhon Si Ayutthaya,Jan,848567,711537,100,88,430,4.63
P04923,Mental Health,Central,Phra Nakhon Si Ayutthaya,Jan,1124550,1024008,100,92,984,3.57
P04924,Healthy School,Central,Phra Nakhon Si Ayutthaya,Jan,712404,529749,100,77,496,4.12
P04925,Food Safety,Central,Phra Nakhon Si Ayutthaya,Jan,744428,665004,100,81,1252,4.99
P04926,NCD Prevention,Central,Phra Nakhon Si Ayutthaya,Jan,1385110,1002487,100,78,2434,3.83
P04927,Health Data,Central,Phra Nakhon Si Ayutthaya,Jan,650918,623281,100,62,576,4.25
P04928,Health Promotion,Central,Phra Nakhon Si Ayutthaya,Jan,614839,582834,100,84,716,4.85
P04929,Policy Development,Central,Phra Nakhon Si Ayutthaya,Jan,1647182,1578745,100,83,2573,4.72
P04930,Network Strengthening,Central,Phra Nakhon Si Ayutthaya,Jan,1468665,1394982,100,99,2703,4.53
P04931,Community Health,Central,Phra Nakhon Si Ayutthaya,Feb,1107174,970831,100,80,884,3.58
P04932,Elderly Care,Central,Phra Nakhon Si Ayutthaya,Feb,630514,509027,100,87,551,4.14
P04933,Mental Health,Central,Phra Nakhon Si Ayutthaya,Feb,1181154,1002686,100,96,2171,4.4
P04934,Healthy School,Central,Phra Nakhon Si Ayutthaya,Feb,1541770,1466796,100,92,197,4.18
P04935,Food Safety,Central,Phra Nakhon Si Ayutthaya,Feb,1098995,1004611,100,97,2302,3.8
P04936,NCD Prevention,Central,Phra Nakhon Si Ayutthaya,Feb,1042680,962308,100,84,2176,4.22
P04937,Health Data,Central,Phra Nakhon Si Ayutthaya,Feb,1518912,1498266,100,96,1602,4.1
P04938,Health Promotion,Central,Phra Nakhon Si Ayutthaya,Feb,1222532,919335,100,86,2687,4.57
P04939,Policy Development,Central,Phra Nakhon Si Ayutthaya,Feb,1710300,1433729,100,91,870,3.62
P04940,Network Strengthening,Central,Phra Nakhon Si Ayutthaya,Feb,1941320,1402093,100,93,256,4.03
P04941,Community Health,Central,Phra Nakhon Si Ayutthaya,Mar,1250288,1088310,100,89,1868,3.63
P04942,Elderly Care,Central,Phra Nakhon Si Ayutthaya,Mar,1964310,1957573,100,87,1988,4.07
P04943,Mental Health,Central,Phra Nakhon Si Ayutthaya,Mar,1716399,1441430,100,70,1204,3.94
P04944,Healthy School,Central,Phra Nakhon Si Ayutthaya,Mar,587665,434650,100,99,1013,4.04
P04945,Food Safety,Central,Phra Nakhon Si Ayutthaya,Mar,870070,686034,100,93,2106,4.53
P04946,NCD Prevention,Central,Phra Nakhon Si Ayutthaya,Mar,855057,750640,100,87,1966,3.59
P04947,Health Data,Central,Phra Nakhon Si Ayutthaya,Mar,1406601,1097163,100,100,2834,4.23
P04948,Health Promotion,Central,Phra Nakhon Si Ayutthaya,Mar,974600,862304,100,84,1495,4.61
P04949,Policy Development,Central,Phra Nakhon Si Ayutthaya,Mar,1352015,1096196,100,77,682,4.49
P04950,Network Strengthening,Central,Phra Nakhon Si Ayutthaya,Mar,1603765,1168562,100,79,2072,4.89
P04951,Community Health,Central,Phra Nakhon Si Ayutthaya,Apr,1672249,1598003,100,68,2467,4.06
P04952,Elderly Care,Central,Phra Nakhon Si Ayutthaya,Apr,1860932,1587659,100,71,2880,4.16
P04953,Mental Health,Central,Phra Nakhon Si Ayutthaya,Apr,1030265,845457,100,60,1728,3.77
P04954,Healthy School,Central,Phra Nakhon Si Ayutthaya,Apr,1864461,1719733,100,73,351,4.6
P04955,Food Safety,Central,Phra Nakhon Si Ayutthaya,Apr,1900488,1415188,100,74,2010,4.14
P04956,NCD Prevention,Central,Phra Nakhon Si Ayutthaya,Apr,847779,808395,100,88,1899,3.89
P04957,Health Data,Central,Phra Nakhon Si Ayutthaya,Apr,1384903,999498,100,60,736,4.63
P04958,Health Promotion,Central,Phra Nakhon Si Ayutthaya,Apr,1174663,1157578,100,76,251,4.04
P04959,Policy Development,Central,Phra Nakhon Si Ayutthaya,Apr,1057580,835020,100,87,2841,4.97
P04960,Network Strengthening,Central,Phra Nakhon Si Ayutthaya,Apr,1219521,1052358,100,72,178,4.9
P04961,Community Health,Central,Phra Nakhon Si Ayutthaya,May,1871624,1821872,100,66,1544,4.02
P04962,Elderly Care,Central,Phra Nakhon Si Ayutthaya,May,1108908,856091,100,99,2630,4.45
P04963,Mental Health,Central,Phra Nakhon Si Ayutthaya,May,1378024,1323743,100,71,758,4.33
P04964,Healthy School,Central,Phra Nakhon Si Ayutthaya,May,1515877,1428409,100,72,952,4.3
P04965,Food Safety,Central,Phra Nakhon Si Ayutthaya,May,1424164,1036311,100,95,2161,4.24
P04966,NCD Prevention,Central,Phra Nakhon Si Ayutthaya,May,1948314,1511513,100,68,319,3.62
P04967,Health Data,Central,Phra Nakhon Si Ayutthaya,May,1512591,1140340,100,79,1430,3.97
P04968,Health Promotion,Central,Phra Nakhon Si Ayutthaya,May,1223150,917569,100,71,2593,4.2
P04969,Policy Development,Central,Phra Nakhon Si Ayutthaya,May,1724424,1407011,100,67,181,3.77
P04970,Network Strengthening,Central,Phra Nakhon Si Ayutthaya,May,1161426,880438,100,78,2046,4.77
P04971,Community Health,Central,Phra Nakhon Si Ayutthaya,Jun,1403646,1138707,100,88,976,4.16
P04972,Elderly Care,Central,Phra Nakhon Si Ayutthaya,Jun,1005943,848819,100,61,1550,4.57
P04973,Mental Health,Central,Phra Nakhon Si Ayutthaya,Jun,527359,436376,100,61,1253,3.97
P04974,Healthy School,Central,Phra Nakhon Si Ayutthaya,Jun,1649045,1629514,100,95,661,3.65
P04975,Food Safety,Central,Phra Nakhon Si Ayutthaya,Jun,896106,711524,100,85,2963,4.52
P04976,NCD Prevention,Central,Phra Nakhon Si Ayutthaya,Jun,853970,821167,100,94,490,4.37
P04977,Health Data,Central,Phra Nakhon Si Ayutthaya,Jun,767512,644875,100,76,1817,3.8
P04978,Health Promotion,Central,Phra Nakhon Si Ayutthaya,Jun,679028,502412,100,99,1743,4.06
P04979,Policy Development,Central,Phra Nakhon Si Ayutthaya,Jun,1449154,1389736,100,73,2460,4.66
P04980,Network Strengthening,Central,Phra Nakhon Si Ayutthaya,Jun,1795831,1353645,100,76,1534,3.51
P04981,Community Health,Central,Phra Nakhon Si Ayutthaya,Jul,1332178,1127691,100,90,2213,4.23
P04982,Elderly Care,Central,Phra Nakhon Si Ayutthaya,Jul,1078356,861115,100,61,1219,3.88
P04983,Mental Health,Central,Phra Nakhon Si Ayutthaya,Jul,1846519,1602615,100,83,1741,3.88
P04984,Healthy School,Central,Phra Nakhon Si Ayutthaya,Jul,1861197,1846679,100,69,662,4.91
P04985,Food Safety,Central,Phra Nakhon Si Ayutthaya,Jul,833406,757379,100,69,2396,4.4
P04986,NCD Prevention,Central,Phra Nakhon Si Ayutthaya,Jul,1360381,1167911,100,66,1882,4.42
P04987,Health Data,Central,Phra Nakhon Si Ayutthaya,Jul,699843,590204,100,78,2479,4.67
P04988,Health Promotion,Central,Phra Nakhon Si Ayutthaya,Jul,1972055,1724480,100,97,1343,4.73
P04989,Policy Development,Central,Phra Nakhon Si Ayutthaya,Jul,1486830,1442555,100,89,2270,4.6
P04990,Network Strengthening,Central,Phra Nakhon Si Ayutthaya,Jul,853585,687360,100,72,1337,4.65
P04991,Community Health,Central,Phra Nakhon Si Ayutthaya,Aug,1053778,1017124,100,66,2720,4.85
P04992,Elderly Care,Central,Phra Nakhon Si Ayutthaya,Aug,1564061,1286886,100,66,1596,4.24
P04993,Mental Health,Central,Phra Nakhon Si Ayutthaya,Aug,1239607,942587,100,74,2316,3.76
P04994,Healthy School,Central,Phra Nakhon Si Ayutthaya,Aug,523867,372884,100,63,2397,4.2
P04995,Food Safety,Central,Phra Nakhon Si Ayutthaya,Aug,603834,599993,100,95,646,4.86
P04996,NCD Prevention,Central,Phra Nakhon Si Ayutthaya,Aug,1933813,1638586,100,76,1316,4.17
P04997,Health Data,Central,Phra Nakhon Si Ayutthaya,Aug,895171,880828,100,75,1290,4.59
P04998,Health Promotion,Central,Phra Nakhon Si Ayutthaya,Aug,1246852,1137281,100,100,2972,4.13
P04999,Policy Development,Central,Phra Nakhon Si Ayutthaya,Aug,1910560,1565223,100,82,1383,3.5
P05000,Network Strengthening,Central,Phra Nakhon Si Ayutthaya,Aug,524200,504065,100,69,2901,4.09
P05001,Community Health,Central,Phra Nakhon Si Ayutthaya,Sep,1724229,1644138,100,83,251,4.94
P05002,Elderly Care,Central,Phra Nakhon Si Ayutthaya,Sep,521934,481065,100,83,2406,4.01
P05003,Mental Health,Central,Phra Nakhon Si Ayutthaya,Sep,1574390,1109591,100,67,198,4.5
P05004,Healthy School,Central,Phra Nakhon Si Ayutthaya,Sep,1603870,1242964,100,100,2844,4.2
P05005,Food Safety,Central,Phra Nakhon Si Ayutthaya,Sep,1519630,1147493,100,67,2205,4.2
P05006,NCD Prevention,Central,Phra Nakhon Si Ayutthaya,Sep,504805,375333,100,75,1998,4.29
P05007,Health Data,Central,Phra Nakhon Si Ayutthaya,Sep,771874,673057,100,64,1515,4.54
P05008,Health Promotion,Central,Phra Nakhon Si Ayutthaya,Sep,1024832,870185,100,64,2323,3.54
P05009,Policy Development,Central,Phra Nakhon Si Ayutthaya,Sep,981683,717296,100,61,2494,4.99
P05010,Network Strengthening,Central,Phra Nakhon Si Ayutthaya,Sep,1027170,773433,100,91,560,4.29
P05011,Community Health,Central,Phra Nakhon Si Ayutthaya,Oct,1494262,1397939,100,77,861,4.29
P05012,Elderly Care,Central,Phra Nakhon Si Ayutthaya,Oct,1569633,1271092,100,66,1881,4.53
P05013,Mental Health,Central,Phra Nakhon Si Ayutthaya,Oct,968589,797038,100,82,2210,4.48
P05014,Healthy School,Central,Phra Nakhon Si Ayutthaya,Oct,1529680,1125415,100,85,675,4.82
P05015,Food Safety,Central,Phra Nakhon Si Ayutthaya,Oct,1970495,1561435,100,81,509,4.13
P05016,NCD Prevention,Central,Phra Nakhon Si Ayutthaya,Oct,1204607,1035912,100,88,1080,3.62
P05017,Health Data,Central,Phra Nakhon Si Ayutthaya,Oct,1347296,1209051,100,99,920,3.72
P05018,Health Promotion,Central,Phra Nakhon Si Ayutthaya,Oct,1455645,1306648,100,77,1982,3.84
P05019,Policy Development,Central,Phra Nakhon Si Ayutthaya,Oct,1876620,1571452,100,88,432,4.19
P05020,Network Strengthening,Central,Phra Nakhon Si Ayutthaya,Oct,1755779,1429826,100,89,1071,3.51
P05021,Community Health,Central,Phra Nakhon Si Ayutthaya,Nov,1866475,1825842,100,93,1199,4.38
P05022,Elderly Care,Central,Phra Nakhon Si Ayutthaya,Nov,841321,776299,100,62,1839,3.97
P05023,Mental Health,Central,Phra Nakhon Si Ayutthaya,Nov,1798685,1569460,100,75,1667,3.7
P05024,Healthy School,Central,Phra Nakhon Si Ayutthaya,Nov,1052274,917882,100,62,1777,4.86
P05025,Food Safety,Central,Phra Nakhon Si Ayutthaya,Nov,1249333,1155515,100,79,2685,4.63
P05026,NCD Prevention,Central,Phra Nakhon Si Ayutthaya,Nov,579578,408756,100,83,1699,3.94
P05027,Health Data,Central,Phra Nakhon Si Ayutthaya,Nov,617235,565910,100,84,709,3.9
P05028,Health Promotion,Central,Phra Nakhon Si Ayutthaya,Nov,915780,651421,100,66,1682,3.52
P05029,Policy Development,Central,Phra Nakhon Si Ayutthaya,Nov,969603,846743,100,93,336,3.61
P05030,Network Strengthening,Central,Phra Nakhon Si Ayutthaya,Nov,1522881,1244976,100,96,1945,4.03
P05031,Community Health,Central,Phra Nakhon Si Ayutthaya,Dec,1158343,842668,100,72,258,4.19
P05032,Elderly Care,Central,Phra Nakhon Si Ayutthaya,Dec,1544377,1086479,100,75,1633,4.04
P05033,Mental Health,Central,Phra Nakhon Si Ayutthaya,Dec,864500,802871,100,72,1055,3.76
P05034,Healthy School,Central,Phra Nakhon Si Ayutthaya,Dec,1416900,1404522,100,88,813,4.46
P05035,Food Safety,Central,Phra Nakhon Si Ayutthaya,Dec,1644646,1548508,100,79,228,4.55
P05036,NCD Prevention,Central,Phra Nakhon Si Ayutthaya,Dec,1667358,1602388,100,64,2583,4.29
P05037,Health Data,Central,Phra Nakhon Si Ayutthaya,Dec,1564747,1124206,100,91,2235,4.4
P05038,Health Promotion,Central,Phra Nakhon Si Ayutthaya,Dec,510863,383174,100,97,493,4.47
P05039,Policy Development,Central,Phra Nakhon Si Ayutthaya,Dec,553567,464709,100,89,2150,4.2
P05040,Network Strengthening,Central,Phra Nakhon Si Ayutthaya,Dec,812527,649294,100,85,241,3.88
P05041,Community Health,Central,Lopburi,Jan,834269,649918,100,65,2666,3.52
P05042,Elderly Care,Central,Lopburi,Jan,1414972,1387368,100,64,784,3.72
P05043,Mental Health,Central,Lopburi,Jan,1502101,1368925,100,63,2251,4.47
P05044,Healthy School,Central,Lopburi,Jan,1552936,1099848,100,93,403,4.9
P05045,Food Safety,Central,Lopburi,Jan,1380086,1059998,100,63,2876,3.63
P05046,NCD Prevention,Central,Lopburi,Jan,874318,762987,100,100,1525,4.97
P05047,Health Data,Central,Lopburi,Jan,512753,451305,100,66,1730,4.81
P05048,Health Promotion,Central,Lopburi,Jan,636489,465054,100,70,1894,4.45
P05049,Policy Development,Central,Lopburi,Jan,1095249,924002,100,86,2730,3.77
P05050,Network Strengthening,Central,Lopburi,Jan,1400375,1385754,100,65,531,3.9
P05051,Community Health,Central,Lopburi,Feb,1486428,1179662,100,97,386,3.63
P05052,Elderly Care,Central,Lopburi,Feb,1460126,1038963,100,63,1763,4.31
P05053,Mental Health,Central,Lopburi,Feb,1249037,1148546,100,80,739,4.49
P05054,Healthy School,Central,Lopburi,Feb,1899030,1585423,100,92,2090,3.87
P05055,Food Safety,Central,Lopburi,Feb,1334684,1142186,100,61,1316,4.7
P05056,NCD Prevention,Central,Lopburi,Feb,1479414,1399523,100,75,2761,4.57
P05057,Health Data,Central,Lopburi,Feb,1517033,1167452,100,90,2566,4.57
P05058,Health Promotion,Central,Lopburi,Feb,1808094,1509568,100,77,941,4.02
P05059,Policy Development,Central,Lopburi,Feb,517958,398930,100,67,2646,4.83
P05060,Network Strengthening,Central,Lopburi,Feb,1853954,1652141,100,80,391,4.69
P05061,Community Health,Central,Lopburi,Mar,1584564,1482383,100,68,453,4.75
P05062,Elderly Care,Central,Lopburi,Mar,1492875,1466031,100,92,1804,3.91
P05063,Mental Health,Central,Lopburi,Mar,1136158,1125223,100,98,1030,3.71
P05064,Healthy School,Central,Lopburi,Mar,1841731,1458589,100,99,824,4.43
P05065,Food Safety,Central,Lopburi,Mar,1762002,1501548,100,74,2067,4.74
P05066,NCD Prevention,Central,Lopburi,Mar,848126,825470,100,84,2567,4.48
P05067,Health Data,Central,Lopburi,Mar,1179164,1178009,100,69,1743,3.91
P05068,Health Promotion,Central,Lopburi,Mar,1817606,1520319,100,71,2525,4.57
P05069,Policy Development,Central,Lopburi,Mar,1462764,1338126,100,70,2897,4.69
P05070,Network Strengthening,Central,Lopburi,Mar,830898,728249,100,77,459,4.95
P05071,Community Health,Central,Lopburi,Apr,1849230,1592458,100,71,2774,4.56
P05072,Elderly Care,Central,Lopburi,Apr,1163972,1155718,100,82,2845,3.67
P05073,Mental Health,Central,Lopburi,Apr,1263966,1018739,100,65,2902,4.43
P05074,Healthy School,Central,Lopburi,Apr,1981982,1735977,100,82,584,4.16
P05075,Food Safety,Central,Lopburi,Apr,1532880,1381594,100,77,1966,4.43
P05076,NCD Prevention,Central,Lopburi,Apr,1471475,1282406,100,96,471,4.25
P05077,Health Data,Central,Lopburi,Apr,1886764,1886119,100,89,1628,4.43
P05078,Health Promotion,Central,Lopburi,Apr,1032364,877334,100,70,989,3.91
P05079,Policy Development,Central,Lopburi,Apr,1084920,916082,100,60,1441,4.32
P05080,Network Strengthening,Central,Lopburi,Apr,1434178,1230715,100,65,749,4.84
P05081,Community Health,Central,Lopburi,May,1988350,1435609,100,90,159,4.14
P05082,Elderly Care,Central,Lopburi,May,1674360,1262855,100,75,1967,3.72
P05083,Mental Health,Central,Lopburi,May,1974119,1702406,100,92,398,4.12
P05084,Healthy School,Central,Lopburi,May,1419903,1145691,100,95,2616,3.68
P05085,Food Safety,Central,Lopburi,May,1813189,1270092,100,77,2745,4.19
P05086,NCD Prevention,Central,Lopburi,May,601299,426664,100,87,2792,4.76
P05087,Health Data,Central,Lopburi,May,1491482,1261265,100,71,688,4.3
P05088,Health Promotion,Central,Lopburi,May,1648261,1393463,100,66,1972,4.37
P05089,Policy Development,Central,Lopburi,May,1474125,1157851,100,72,183,4.44
P05090,Network Strengthening,Central,Lopburi,May,1392011,1060467,100,85,2839,4.87
P05091,Community Health,Central,Lopburi,Jun,1281257,1165656,100,100,1070,3.59
P05092,Elderly Care,Central,Lopburi,Jun,1435701,1330581,100,76,2602,4.24
P05093,Mental Health,Central,Lopburi,Jun,1611830,1187283,100,97,1031,4.99
P05094,Healthy School,Central,Lopburi,Jun,1010564,730234,100,66,1421,4.39
P05095,Food Safety,Central,Lopburi,Jun,1690252,1409003,100,97,2041,3.87
P05096,NCD Prevention,Central,Lopburi,Jun,845044,646499,100,63,1413,4.27
P05097,Health Data,Central,Lopburi,Jun,929299,830336,100,100,2011,3.8
P05098,Health Promotion,Central,Lopburi,Jun,1608634,1606008,100,88,2918,4.44
P05099,Policy Development,Central,Lopburi,Jun,1110539,802803,100,67,2956,3.7
P05100,Network Strengthening,Central,Lopburi,Jun,1988991,1683785,100,87,2612,4.16
P05101,Community Health,Central,Lopburi,Jul,589346,455247,100,80,1088,4.3
P05102,Elderly Care,Central,Lopburi,Jul,1723577,1341821,100,87,2248,4.07
P05103,Mental Health,Central,Lopburi,Jul,1777274,1391225,100,92,885,3.97
P05104,Healthy School,Central,Lopburi,Jul,1116801,955269,100,82,167,4.4
P05105,Food Safety,Central,Lopburi,Jul,1426928,1221385,100,84,2006,3.8
P05106,NCD Prevention,Central,Lopburi,Jul,830394,803379,100,81,252,3.54
P05107,Health Data,Central,Lopburi,Jul,1402730,1251119,100,61,2392,4.54
P05108,Health Promotion,Central,Lopburi,Jul,1002384,936299,100,69,229,4.41
P05109,Policy Development,Central,Lopburi,Jul,1707478,1394990,100,97,2646,4.73
P05110,Network Strengthening,Central,Lopburi,Jul,1923589,1715093,100,67,2177,3.89
P05111,Community Health,Central,Lopburi,Aug,803791,637139,100,65,993,3.55
P05112,Elderly Care,Central,Lopburi,Aug,1194118,1111307,100,89,949,4.07
P05113,Mental Health,Central,Lopburi,Aug,653009,460143,100,64,1042,4.08
P05114,Healthy School,Central,Lopburi,Aug,1940466,1508111,100,74,397,3.65
P05115,Food Safety,Central,Lopburi,Aug,1423735,1280748,100,78,2550,3.97
P05116,NCD Prevention,Central,Lopburi,Aug,959917,719816,100,93,2857,4.06
P05117,Health Data,Central,Lopburi,Aug,660929,586925,100,84,2032,4.15
P05118,Health Promotion,Central,Lopburi,Aug,1384886,1084175,100,94,727,3.67
P05119,Policy Development,Central,Lopburi,Aug,721210,592690,100,71,273,3.86
P05120,Network Strengthening,Central,Lopburi,Aug,744274,728737,100,91,2162,3.52
P05121,Community Health,Central,Lopburi,Sep,1168752,920208,100,96,2495,4.62
P05122,Elderly Care,Central,Lopburi,Sep,1952527,1890742,100,73,2142,3.78
P05123,Mental Health,Central,Lopburi,Sep,786767,672773,100,99,1974,3.96
P05124,Healthy School,Central,Lopburi,Sep,897279,851036,100,74,701,4.43
P05125,Food Safety,Central,Lopburi,Sep,596989,427463,100,96,1397,4.08
P05126,NCD Prevention,Central,Lopburi,Sep,1097535,768520,100,83,1553,4.12
P05127,Health Data,Central,Lopburi,Sep,1360729,1184493,100,96,1810,4.81
P05128,Health Promotion,Central,Lopburi,Sep,1050320,826241,100,99,1453,4.78
P05129,Policy Development,Central,Lopburi,Sep,990843,756086,100,92,1736,4.48
P05130,Network Strengthening,Central,Lopburi,Sep,1720335,1276908,100,66,812,4.96
P05131,Community Health,Central,Lopburi,Oct,1608423,1276582,100,84,611,3.56
P05132,Elderly Care,Central,Lopburi,Oct,586710,554868,100,79,2427,4.38
P05133,Mental Health,Central,Lopburi,Oct,526481,386542,100,62,691,4.5
P05134,Healthy School,Central,Lopburi,Oct,959076,803822,100,99,1077,4.26
P05135,Food Safety,Central,Lopburi,Oct,1568945,1481227,100,84,2403,4.93
P05136,NCD Prevention,Central,Lopburi,Oct,1995949,1526756,100,65,526,4.6
P05137,Health Data,Central,Lopburi,Oct,1663915,1549509,100,80,2042,3.88
P05138,Health Promotion,Central,Lopburi,Oct,740485,585488,100,76,1473,4.35
P05139,Policy Development,Central,Lopburi,Oct,1387176,1186675,100,69,654,4.73
P05140,Network Strengthening,Central,Lopburi,Oct,1889379,1675738,100,61,1977,4.18
P05141,Community Health,Central,Lopburi,Nov,1983442,1808976,100,90,671,4.23
P05142,Elderly Care,Central,Lopburi,Nov,1645248,1516149,100,62,2528,3.72
P05143,Mental Health,Central,Lopburi,Nov,741007,588532,100,94,309,4.03
P05144,Healthy School,Central,Lopburi,Nov,1040637,990231,100,76,1075,3.57
P05145,Food Safety,Central,Lopburi,Nov,1327944,1324934,100,74,1488,3.79
P05146,NCD Prevention,Central,Lopburi,Nov,1189631,1151497,100,70,463,3.72
P05147,Health Data,Central,Lopburi,Nov,1368412,1281063,100,91,2411,4.67
P05148,Health Promotion,Central,Lopburi,Nov,1972083,1723034,100,82,601,3.94
P05149,Policy Development,Central,Lopburi,Nov,893304,825511,100,100,2238,3.59
P05150,Network Strengthening,Central,Lopburi,Nov,1009907,771216,100,90,1289,4.4
P05151,Community Health,Central,Lopburi,Dec,1177634,1172685,100,76,1526,4.76
P05152,Elderly Care,Central,Lopburi,Dec,1862035,1485300,100,99,741,4.84
P05153,Mental Health,Central,Lopburi,Dec,1303506,953557,100,92,241,4.27
P05154,Healthy School,Central,Lopburi,Dec,1902064,1679536,100,68,809,3.89
P05155,Food Safety,Central,Lopburi,Dec,1234843,956220,100,72,699,4.76
P05156,NCD Prevention,Central,Lopburi,Dec,918060,842879,100,85,1674,4.59
P05157,Health Data,Central,Lopburi,Dec,689055,525196,100,94,162,3.98
P05158,Health Promotion,Central,Lopburi,Dec,1070992,872080,100,80,1912,4.1
P05159,Policy Development,Central,Lopburi,Dec,1358307,1302456,100,82,384,3.86
P05160,Network Strengthening,Central,Lopburi,Dec,1266987,1186762,100,73,2821,4.28
P05161,Community Health,Central,Saraburi,Jan,936939,794373,100,63,2579,4.77
P05162,Elderly Care,Central,Saraburi,Jan,1999126,1473750,100,92,2901,4.21
P05163,Mental Health,Central,Saraburi,Jan,905592,657252,100,66,2001,4.82
P05164,Healthy School,Central,Saraburi,Jan,865438,682078,100,69,2609,3.82
P05165,Food Safety,Central,Saraburi,Jan,1430630,1109083,100,100,295,3.84
P05166,NCD Prevention,Central,Saraburi,Jan,1896350,1721419,100,98,1466,4.47
P05167,Health Data,Central,Saraburi,Jan,761108,539878,100,83,806,4.49
P05168,Health Promotion,Central,Saraburi,Jan,1942881,1838296,100,85,471,4.17
P05169,Policy Development,Central,Saraburi,Jan,1651867,1499165,100,80,1970,4.31
P05170,Network Strengthening,Central,Saraburi,Jan,1354537,1296774,100,60,1164,3.57
P05171,Community Health,Central,Saraburi,Feb,746445,619679,100,99,2584,4.74
P05172,Elderly Care,Central,Saraburi,Feb,1286907,906927,100,62,2453,4.52
P05173,Mental Health,Central,Saraburi,Feb,1511212,1202824,100,78,1468,3.52
P05174,Healthy School,Central,Saraburi,Feb,1426986,1191363,100,98,1318,4.68
P05175,Food Safety,Central,Saraburi,Feb,1838267,1672440,100,77,2437,3.59
P05176,NCD Prevention,Central,Saraburi,Feb,1357557,1344662,100,97,2372,3.71
P05177,Health Data,Central,Saraburi,Feb,1321328,1155596,100,75,2306,3.77
P05178,Health Promotion,Central,Saraburi,Feb,1904081,1760086,100,62,678,4.55
P05179,Policy Development,Central,Saraburi,Feb,1839505,1683211,100,99,511,4.84
P05180,Network Strengthening,Central,Saraburi,Feb,1365545,1125775,100,99,1062,4.35
P05181,Community Health,Central,Saraburi,Mar,1591279,1258348,100,82,1588,3.97
P05182,Elderly Care,Central,Saraburi,Mar,1605484,1207797,100,87,1192,4.93
P05183,Mental Health,Central,Saraburi,Mar,984059,839492,100,70,1628,3.51
P05184,Healthy School,Central,Saraburi,Mar,757791,702475,100,93,2274,3.73
P05185,Food Safety,Central,Saraburi,Mar,803390,764714,100,99,1402,4.83
P05186,NCD Prevention,Central,Saraburi,Mar,1049371,817635,100,91,595,4.22
P05187,Health Data,Central,Saraburi,Mar,1014029,776584,100,62,1368,4.84
P05188,Health Promotion,Central,Saraburi,Mar,958032,856511,100,77,360,4.54
P05189,Policy Development,Central,Saraburi,Mar,932441,797032,100,96,2518,4.85
P05190,Network Strengthening,Central,Saraburi,Mar,1886587,1440703,100,75,264,4.46
P05191,Community Health,Central,Saraburi,Apr,1990709,1935043,100,68,554,3.56
P05192,Elderly Care,Central,Saraburi,Apr,524828,484325,100,95,845,4.65
P05193,Mental Health,Central,Saraburi,Apr,1486320,1094640,100,90,1475,4.26
P05194,Healthy School,Central,Saraburi,Apr,1770830,1375746,100,96,1069,4.23
P05195,Food Safety,Central,Saraburi,Apr,1689209,1531241,100,62,2458,4.96
P05196,NCD Prevention,Central,Saraburi,Apr,1525822,1495491,100,90,1441,4.62
P05197,Health Data,Central,Saraburi,Apr,948217,719460,100,88,1946,4.55
P05198,Health Promotion,Central,Saraburi,Apr,1743146,1248457,100,77,1983,3.79
P05199,Policy Development,Central,Saraburi,Apr,679587,669682,100,67,1363,4.58
P05200,Network Strengthening,Central,Saraburi,Apr,1359530,1293139,100,91,2966,4.11
P05201,Community Health,Central,Saraburi,May,1206640,1111786,100,69,2307,3.87
P05202,Elderly Care,Central,Saraburi,May,1059280,1053348,100,81,1906,3.81
P05203,Mental Health,Central,Saraburi,May,1116640,1069834,100,63,1074,3.83
P05204,Healthy School,Central,Saraburi,May,1284916,982120,100,66,1470,4.6
P05205,Food Safety,Central,Saraburi,May,1268883,1206556,100,82,2663,3.56
P05206,NCD Prevention,Central,Saraburi,May,907129,760742,100,65,1720,3.57
P05207,Health Data,Central,Saraburi,May,1556429,1115110,100,82,1669,3.96
P05208,Health Promotion,Central,Saraburi,May,1338107,1299274,100,85,1793,4.29
P05209,Policy Development,Central,Saraburi,May,1325494,1202063,100,77,1129,3.66
P05210,Network Strengthening,Central,Saraburi,May,1349652,1064254,100,80,2786,3.67
P05211,Community Health,Central,Saraburi,Jun,1767896,1365354,100,61,244,4.6
P05212,Elderly Care,Central,Saraburi,Jun,687889,585079,100,83,572,3.57
P05213,Mental Health,Central,Saraburi,Jun,1168554,1159468,100,97,2606,4.03
P05214,Healthy School,Central,Saraburi,Jun,1094023,1084570,100,63,1898,4.76
P05215,Food Safety,Central,Saraburi,Jun,641468,506415,100,93,625,4.11
P05216,NCD Prevention,Central,Saraburi,Jun,1816885,1705764,100,73,1366,4.29
P05217,Health Data,Central,Saraburi,Jun,1635704,1264508,100,62,1798,4.38
P05218,Health Promotion,Central,Saraburi,Jun,878356,702508,100,87,2043,4.07
P05219,Policy Development,Central,Saraburi,Jun,1188628,980857,100,67,2054,4.17
P05220,Network Strengthening,Central,Saraburi,Jun,590957,511889,100,81,1350,4.92
P05221,Community Health,Central,Saraburi,Jul,768677,569295,100,93,1701,4.63
P05222,Elderly Care,Central,Saraburi,Jul,704522,622154,100,70,283,4.52
P05223,Mental Health,Central,Saraburi,Jul,1753705,1619266,100,69,745,4.46
P05224,Healthy School,Central,Saraburi,Jul,1410269,1377560,100,87,2195,3.53
P05225,Food Safety,Central,Saraburi,Jul,1971400,1446925,100,69,1072,4.25
P05226,NCD Prevention,Central,Saraburi,Jul,608404,601811,100,71,2963,4.68
P05227,Health Data,Central,Saraburi,Jul,861205,758069,100,85,386,4.16
P05228,Health Promotion,Central,Saraburi,Jul,1875362,1594735,100,64,1071,4.34
P05229,Policy Development,Central,Saraburi,Jul,1411426,1386081,100,74,2251,3.69
P05230,Network Strengthening,Central,Saraburi,Jul,753364,599205,100,100,1914,3.53
P05231,Community Health,Central,Saraburi,Aug,808573,677890,100,65,2033,4.24
P05232,Elderly Care,Central,Saraburi,Aug,738640,708908,100,76,1248,4.09
P05233,Mental Health,Central,Saraburi,Aug,1102898,982544,100,77,1429,4.39
P05234,Healthy School,Central,Saraburi,Aug,530729,387359,100,98,2844,4.24
P05235,Food Safety,Central,Saraburi,Aug,1914778,1534694,100,77,990,4.96
P05236,NCD Prevention,Central,Saraburi,Aug,908509,688759,100,89,1030,4.95
P05237,Health Data,Central,Saraburi,Aug,1053097,1011550,100,93,2535,4.96
P05238,Health Promotion,Central,Saraburi,Aug,1946277,1390472,100,78,2089,4.23
P05239,Policy Development,Central,Saraburi,Aug,1268528,976323,100,65,1284,3.54
P05240,Network Strengthening,Central,Saraburi,Aug,663074,517945,100,83,965,4.56
P05241,Community Health,Central,Saraburi,Sep,1015757,972296,100,79,2159,3.67
P05242,Elderly Care,Central,Saraburi,Sep,773073,565663,100,81,805,3.73
P05243,Mental Health,Central,Saraburi,Sep,1624637,1313128,100,86,988,4.45
P05244,Healthy School,Central,Saraburi,Sep,618268,575496,100,77,692,4.81
P05245,Food Safety,Central,Saraburi,Sep,1328610,1113395,100,78,1873,4.67
P05246,NCD Prevention,Central,Saraburi,Sep,827074,715062,100,77,1150,4.78
P05247,Health Data,Central,Saraburi,Sep,1377954,1306166,100,72,1435,3.66
P05248,Health Promotion,Central,Saraburi,Sep,951670,850797,100,60,2059,4.89
P05249,Policy Development,Central,Saraburi,Sep,1601825,1597224,100,87,884,4.95
P05250,Network Strengthening,Central,Saraburi,Sep,1233685,1059324,100,94,2224,4.82
P05251,Community Health,Central,Saraburi,Oct,761263,624228,100,99,314,4.0
P05252,Elderly Care,Central,Saraburi,Oct,754301,543338,100,81,1990,3.98
P05253,Mental Health,Central,Saraburi,Oct,1404380,1208060,100,99,1478,3.52
P05254,Healthy School,Central,Saraburi,Oct,1536049,1165324,100,68,345,4.98
P05255,Food Safety,Central,Saraburi,Oct,1854098,1313363,100,80,947,4.39
P05256,NCD Prevention,Central,Saraburi,Oct,1306970,1284763,100,85,1487,4.55
P05257,Health Data,Central,Saraburi,Oct,1242329,904742,100,67,285,4.66
P05258,Health Promotion,Central,Saraburi,Oct,757156,653623,100,87,620,3.98
P05259,Policy Development,Central,Saraburi,Oct,887080,644804,100,96,706,4.32
P05260,Network Strengthening,Central,Saraburi,Oct,693751,666784,100,67,1242,4.06
P05261,Community Health,Central,Saraburi,Nov,1179312,969471,100,77,2450,4.48
P05262,Elderly Care,Central,Saraburi,Nov,1388103,1150693,100,60,958,3.92
P05263,Mental Health,Central,Saraburi,Nov,1175630,1080756,100,67,933,3.63
P05264,Healthy School,Central,Saraburi,Nov,701201,521446,100,60,2596,4.26
P05265,Food Safety,Central,Saraburi,Nov,1467990,1219663,100,69,1468,3.9
P05266,NCD Prevention,Central,Saraburi,Nov,1553888,1256067,100,63,2685,4.18
P05267,Health Data,Central,Saraburi,Nov,794383,698490,100,71,1593,4.93
P05268,Health Promotion,Central,Saraburi,Nov,1675396,1599589,100,89,2026,3.86
P05269,Policy Development,Central,Saraburi,Nov,1764385,1633987,100,95,2151,4.79
P05270,Network Strengthening,Central,Saraburi,Nov,1270040,933239,100,95,2194,4.49
P05271,Community Health,Central,Saraburi,Dec,1735798,1542456,100,78,390,4.15
P05272,Elderly Care,Central,Saraburi,Dec,1034353,772869,100,62,1754,4.14
P05273,Mental Health,Central,Saraburi,Dec,1203446,945975,100,63,1572,3.91
P05274,Healthy School,Central,Saraburi,Dec,671814,574965,100,93,2364,3.75
P05275,Food Safety,Central,Saraburi,Dec,1641428,1485350,100,83,878,4.24
P05276,NCD Prevention,Central,Saraburi,Dec,1931137,1509990,100,94,1605,4.33
P05277,Health Data,Central,Saraburi,Dec,714997,522106,100,63,1422,5.0
P05278,Health Promotion,Central,Saraburi,Dec,1670273,1489642,100,80,2792,3.7
P05279,Policy Development,Central,Saraburi,Dec,1285170,1279437,100,63,1556,3.6
P05280,Network Strengthening,Central,Saraburi,Dec,1399732,984659,100,93,1874,3.86
P05281,Community Health,Central,Sing Buri,Jan,1655777,1369424,100,75,2779,3.62
P05282,Elderly Care,Central,Sing Buri,Jan,772360,555657,100,60,2810,4.82
P05283,Mental Health,Central,Sing Buri,Jan,1867659,1587862,100,72,1451,4.53
P05284,Healthy School,Central,Sing Buri,Jan,1211557,956834,100,74,2936,3.96
P05285,Food Safety,Central,Sing Buri,Jan,1523410,1432154,100,85,1520,4.39
P05286,NCD Prevention,Central,Sing Buri,Jan,1217986,1004696,100,98,2775,4.76
P05287,Health Data,Central,Sing Buri,Jan,527836,489536,100,71,2953,4.77
P05288,Health Promotion,Central,Sing Buri,Jan,627034,605000,100,95,2501,4.25
P05289,Policy Development,Central,Sing Buri,Jan,1522258,1146383,100,75,780,3.85
P05290,Network Strengthening,Central,Sing Buri,Jan,943481,825159,100,78,678,4.19
P05291,Community Health,Central,Sing Buri,Feb,553600,443198,100,70,2351,3.66
P05292,Elderly Care,Central,Sing Buri,Feb,1999865,1615366,100,61,2008,3.67
P05293,Mental Health,Central,Sing Buri,Feb,1179941,909366,100,100,2764,3.78
P05294,Healthy School,Central,Sing Buri,Feb,1344144,1249881,100,79,583,4.24
P05295,Food Safety,Central,Sing Buri,Feb,849261,636404,100,64,394,4.91
P05296,NCD Prevention,Central,Sing Buri,Feb,1837227,1629502,100,95,271,4.08
P05297,Health Data,Central,Sing Buri,Feb,691865,623294,100,92,2289,4.05
P05298,Health Promotion,Central,Sing Buri,Feb,991868,822689,100,76,192,4.58
P05299,Policy Development,Central,Sing Buri,Feb,1890151,1547635,100,66,1530,4.31
P05300,Network Strengthening,Central,Sing Buri,Feb,1996943,1779292,100,60,1830,4.58
P05301,Community Health,Central,Sing Buri,Mar,978074,774481,100,79,650,3.74
P05302,Elderly Care,Central,Sing Buri,Mar,666695,591614,100,86,2475,3.9
P05303,Mental Health,Central,Sing Buri,Mar,1613221,1326614,100,88,1995,4.98
P05304,Healthy School,Central,Sing Buri,Mar,1997859,1415214,100,61,2297,4.73
P05305,Food Safety,Central,Sing Buri,Mar,586182,439925,100,68,1776,4.13
P05306,NCD Prevention,Central,Sing Buri,Mar,1883693,1761552,100,66,1856,3.94
P05307,Health Data,Central,Sing Buri,Mar,1109336,893581,100,83,1847,3.77
P05308,Health Promotion,Central,Sing Buri,Mar,1817585,1300281,100,66,2782,3.88
P05309,Policy Development,Central,Sing Buri,Mar,503662,428234,100,86,2033,3.78
P05310,Network Strengthening,Central,Sing Buri,Mar,1542075,1302285,100,95,446,4.92
P05311,Community Health,Central,Sing Buri,Apr,514788,397914,100,92,2903,3.5
P05312,Elderly Care,Central,Sing Buri,Apr,1522007,1081967,100,64,1121,4.67
P05313,Mental Health,Central,Sing Buri,Apr,913533,883947,100,61,1994,4.24
P05314,Healthy School,Central,Sing Buri,Apr,871358,629934,100,70,1065,4.36
P05315,Food Safety,Central,Sing Buri,Apr,1288295,1095536,100,95,1132,4.29
P05316,NCD Prevention,Central,Sing Buri,Apr,1490497,1300291,100,83,915,4.18
P05317,Health Data,Central,Sing Buri,Apr,1823313,1658507,100,85,1683,4.4
P05318,Health Promotion,Central,Sing Buri,Apr,658397,608085,100,79,471,4.08
P05319,Policy Development,Central,Sing Buri,Apr,888471,803476,100,63,1587,4.9
P05320,Network Strengthening,Central,Sing Buri,Apr,1945663,1571522,100,77,1944,4.99
P05321,Community Health,Central,Sing Buri,May,1347990,1289185,100,71,2328,3.51
P05322,Elderly Care,Central,Sing Buri,May,1649817,1580628,100,99,1402,3.81
P05323,Mental Health,Central,Sing Buri,May,1934981,1821819,100,91,181,4.35
P05324,Healthy School,Central,Sing Buri,May,1765887,1702354,100,63,2514,4.95
P05325,Food Safety,Central,Sing Buri,May,1605436,1305125,100,99,557,3.99
P05326,NCD Prevention,Central,Sing Buri,May,1534296,1456569,100,82,1654,4.91
P05327,Health Data,Central,Sing Buri,May,1474692,1410527,100,65,2366,3.65
P05328,Health Promotion,Central,Sing Buri,May,672024,518888,100,92,1091,4.4
P05329,Policy Development,Central,Sing Buri,May,1955782,1653243,100,77,2977,3.86
P05330,Network Strengthening,Central,Sing Buri,May,1200500,868851,100,81,1764,3.76
P05331,Community Health,Central,Sing Buri,Jun,1907619,1879096,100,61,1013,4.65
P05332,Elderly Care,Central,Sing Buri,Jun,912799,755729,100,90,1182,4.01
P05333,Mental Health,Central,Sing Buri,Jun,1381717,1118242,100,61,2350,4.1
P05334,Healthy School,Central,Sing Buri,Jun,1774505,1382889,100,79,2857,3.96
P05335,Food Safety,Central,Sing Buri,Jun,949966,863124,100,91,2227,4.74
P05336,NCD Prevention,Central,Sing Buri,Jun,1849661,1421333,100,71,2622,3.66
P05337,Health Data,Central,Sing Buri,Jun,1527196,1211361,100,86,967,4.47
P05338,Health Promotion,Central,Sing Buri,Jun,1449531,1040862,100,76,807,3.59
P05339,Policy Development,Central,Sing Buri,Jun,1273757,996670,100,89,1710,4.75
P05340,Network Strengthening,Central,Sing Buri,Jun,761761,749197,100,67,577,4.9
P05341,Community Health,Central,Sing Buri,Jul,961990,740938,100,95,768,4.19
P05342,Elderly Care,Central,Sing Buri,Jul,816179,646425,100,92,433,3.57
P05343,Mental Health,Central,Sing Buri,Jul,1058534,856341,100,82,1727,4.51
P05344,Healthy School,Central,Sing Buri,Jul,1042765,946175,100,90,485,3.8
P05345,Food Safety,Central,Sing Buri,Jul,1210637,860730,100,84,433,4.37
P05346,NCD Prevention,Central,Sing Buri,Jul,1027637,896524,100,64,519,3.92
P05347,Health Data,Central,Sing Buri,Jul,1535848,1260298,100,61,2606,3.61
P05348,Health Promotion,Central,Sing Buri,Jul,1101087,1012270,100,62,1153,4.43
P05349,Policy Development,Central,Sing Buri,Jul,522390,368200,100,68,936,3.8
P05350,Network Strengthening,Central,Sing Buri,Jul,875750,708764,100,91,875,4.19
P05351,Community Health,Central,Sing Buri,Aug,1883772,1602586,100,88,1762,4.13
P05352,Elderly Care,Central,Sing Buri,Aug,927237,834269,100,99,2745,4.71
P05353,Mental Health,Central,Sing Buri,Aug,796639,681632,100,62,1446,3.72
P05354,Healthy School,Central,Sing Buri,Aug,1508008,1162575,100,62,1772,3.55
P05355,Food Safety,Central,Sing Buri,Aug,799848,791010,100,64,251,4.01
P05356,NCD Prevention,Central,Sing Buri,Aug,1384407,1285495,100,84,448,3.52
P05357,Health Data,Central,Sing Buri,Aug,1536062,1144537,100,91,667,3.86
P05358,Health Promotion,Central,Sing Buri,Aug,1004345,835724,100,99,2319,4.68
P05359,Policy Development,Central,Sing Buri,Aug,727616,521889,100,78,292,4.46
P05360,Network Strengthening,Central,Sing Buri,Aug,898533,734188,100,81,676,4.11
P05361,Community Health,Central,Sing Buri,Sep,1413980,1158224,100,71,193,3.55
P05362,Elderly Care,Central,Sing Buri,Sep,1458029,1296134,100,62,368,3.83
P05363,Mental Health,Central,Sing Buri,Sep,1786463,1648653,100,86,2539,4.04
P05364,Healthy School,Central,Sing Buri,Sep,1842264,1832428,100,99,2546,4.75
P05365,Food Safety,Central,Sing Buri,Sep,1480076,1039609,100,95,283,4.43
P05366,NCD Prevention,Central,Sing Buri,Sep,1014989,903864,100,67,2947,5.0
P05367,Health Data,Central,Sing Buri,Sep,840384,735422,100,75,1076,3.52
P05368,Health Promotion,Central,Sing Buri,Sep,1249193,1015748,100,84,1306,4.24
P05369,Policy Development,Central,Sing Buri,Sep,906741,638936,100,78,1122,4.2
P05370,Network Strengthening,Central,Sing Buri,Sep,1333350,1194572,100,88,1703,4.22
P05371,Community Health,Central,Sing Buri,Oct,1573102,1456702,100,74,2602,3.93
P05372,Elderly Care,Central,Sing Buri,Oct,1347733,1205378,100,73,159,4.51
P05373,Mental Health,Central,Sing Buri,Oct,1345242,1068200,100,71,2413,4.65
P05374,Healthy School,Central,Sing Buri,Oct,1426103,1178598,100,93,1075,3.56
P05375,Food Safety,Central,Sing Buri,Oct,526401,525124,100,98,2485,4.71
P05376,NCD Prevention,Central,Sing Buri,Oct,675613,582360,100,99,501,4.61
P05377,Health Data,Central,Sing Buri,Oct,1686117,1391478,100,74,1717,4.18
P05378,Health Promotion,Central,Sing Buri,Oct,574933,490677,100,99,2435,3.92
P05379,Policy Development,Central,Sing Buri,Oct,700621,501302,100,78,624,3.8
P05380,Network Strengthening,Central,Sing Buri,Oct,1624463,1409523,100,94,2540,4.63
P05381,Community Health,Central,Sing Buri,Nov,510995,505000,100,97,441,3.63
P05382,Elderly Care,Central,Sing Buri,Nov,746606,728348,100,89,237,4.02
P05383,Mental Health,Central,Sing Buri,Nov,1379321,1109032,100,92,2945,4.99
P05384,Healthy School,Central,Sing Buri,Nov,500899,484163,100,64,911,4.38
P05385,Food Safety,Central,Sing Buri,Nov,1085867,916775,100,68,2484,4.68
P05386,NCD Prevention,Central,Sing Buri,Nov,1826942,1464426,100,89,578,4.94
P05387,Health Data,Central,Sing Buri,Nov,738334,572625,100,81,2316,4.47
P05388,Health Promotion,Central,Sing Buri,Nov,537024,526889,100,84,2506,4.44
P05389,Policy Development,Central,Sing Buri,Nov,842628,823467,100,72,387,4.16
P05390,Network Strengthening,Central,Sing Buri,Nov,755936,594207,100,68,2681,4.21
P05391,Community Health,Central,Sing Buri,Dec,1502908,1408959,100,60,257,4.88
P05392,Elderly Care,Central,Sing Buri,Dec,930868,864657,100,98,614,3.83
P05393,Mental Health,Central,Sing Buri,Dec,553673,432313,100,97,2438,3.75
P05394,Healthy School,Central,Sing Buri,Dec,1979929,1902869,100,72,440,4.71
P05395,Food Safety,Central,Sing Buri,Dec,1593699,1297960,100,64,1916,4.32
P05396,NCD Prevention,Central,Sing Buri,Dec,1797961,1663647,100,75,152,4.49
P05397,Health Data,Central,Sing Buri,Dec,1781893,1582185,100,96,1542,3.86
P05398,Health Promotion,Central,Sing Buri,Dec,1453686,1164670,100,82,2854,4.71
P05399,Policy Development,Central,Sing Buri,Dec,1209360,1004374,100,60,1493,3.79
P05400,Network Strengthening,Central,Sing Buri,Dec,1265633,1159135,100,81,1824,3.88
P05401,Community Health,Central,Ang Thong,Jan,780067,652297,100,69,1006,3.69
P05402,Elderly Care,Central,Ang Thong,Jan,1317865,1237221,100,91,2363,4.89
P05403,Mental Health,Central,Ang Thong,Jan,1170125,988789,100,72,1507,4.12
P05404,Healthy School,Central,Ang Thong,Jan,1187355,853380,100,61,2721,3.8
P05405,Food Safety,Central,Ang Thong,Jan,1290487,1015405,100,99,609,4.76
P05406,NCD Prevention,Central,Ang Thong,Jan,1303744,1178199,100,63,2130,4.74
P05407,Health Data,Central,Ang Thong,Jan,835461,683633,100,78,2102,3.62
P05408,Health Promotion,Central,Ang Thong,Jan,949523,853688,100,82,1891,4.7
P05409,Policy Development,Central,Ang Thong,Jan,779556,692756,100,61,2681,3.86
P05410,Network Strengthening,Central,Ang Thong,Jan,1259872,1043384,100,80,2943,4.23
P05411,Community Health,Central,Ang Thong,Feb,1233730,899378,100,83,704,4.46
P05412,Elderly Care,Central,Ang Thong,Feb,1950108,1550270,100,86,2852,3.75
P05413,Mental Health,Central,Ang Thong,Feb,1815693,1527579,100,92,228,3.97
P05414,Healthy School,Central,Ang Thong,Feb,796126,650145,100,88,1204,4.14
P05415,Food Safety,Central,Ang Thong,Feb,1820797,1585962,100,67,1696,4.03
P05416,NCD Prevention,Central,Ang Thong,Feb,1141408,1125623,100,80,1899,4.45
P05417,Health Data,Central,Ang Thong,Feb,1795613,1583140,100,60,1708,4.73
P05418,Health Promotion,Central,Ang Thong,Feb,1789777,1336077,100,76,578,4.41
P05419,Policy Development,Central,Ang Thong,Feb,1109494,841656,100,84,1036,3.74
P05420,Network Strengthening,Central,Ang Thong,Feb,771780,624077,100,87,2880,4.74
P05421,Community Health,Central,Ang Thong,Mar,1071804,946862,100,60,817,3.87
P05422,Elderly Care,Central,Ang Thong,Mar,1951362,1631242,100,73,2801,4.99
P05423,Mental Health,Central,Ang Thong,Mar,1528186,1458556,100,80,1176,3.86
P05424,Healthy School,Central,Ang Thong,Mar,1636497,1338304,100,71,568,3.89
P05425,Food Safety,Central,Ang Thong,Mar,1894916,1531760,100,74,2410,4.06
P05426,NCD Prevention,Central,Ang Thong,Mar,899319,631401,100,69,1335,4.89
P05427,Health Data,Central,Ang Thong,Mar,1985531,1852777,100,64,2213,4.11
P05428,Health Promotion,Central,Ang Thong,Mar,952582,778386,100,79,2555,3.8
P05429,Policy Development,Central,Ang Thong,Mar,1810965,1582118,100,96,795,3.55
P05430,Network Strengthening,Central,Ang Thong,Mar,1350623,1105652,100,75,568,4.2
P05431,Community Health,Central,Ang Thong,Apr,717676,525050,100,88,1143,3.62
P05432,Elderly Care,Central,Ang Thong,Apr,1000103,885678,100,64,623,4.2
P05433,Mental Health,Central,Ang Thong,Apr,1278810,1083075,100,62,2124,4.4
P05434,Healthy School,Central,Ang Thong,Apr,821581,591442,100,85,505,4.64
P05435,Food Safety,Central,Ang Thong,Apr,1650209,1627423,100,69,2154,3.94
P05436,NCD Prevention,Central,Ang Thong,Apr,1427414,1273279,100,65,2360,4.44
P05437,Health Data,Central,Ang Thong,Apr,1414441,1255941,100,78,1509,4.29
P05438,Health Promotion,Central,Ang Thong,Apr,1179085,1029772,100,60,2035,4.15
P05439,Policy Development,Central,Ang Thong,Apr,1079292,951102,100,75,1807,4.54
P05440,Network Strengthening,Central,Ang Thong,Apr,782639,598037,100,79,2182,4.67
P05441,Community Health,Central,Ang Thong,May,1705498,1425903,100,83,2650,4.83
P05442,Elderly Care,Central,Ang Thong,May,1985001,1639334,100,85,2614,3.53
P05443,Mental Health,Central,Ang Thong,May,1663284,1596507,100,60,1801,3.67
P05444,Healthy School,Central,Ang Thong,May,939480,800237,100,96,810,5.0
P05445,Food Safety,Central,Ang Thong,May,845120,662944,100,97,1447,3.96
P05446,NCD Prevention,Central,Ang Thong,May,1984089,1926981,100,62,323,4.08
P05447,Health Data,Central,Ang Thong,May,1958255,1491458,100,65,2402,4.44
P05448,Health Promotion,Central,Ang Thong,May,1367745,962313,100,95,1324,3.78
P05449,Policy Development,Central,Ang Thong,May,1183295,974611,100,72,2496,3.99
P05450,Network Strengthening,Central,Ang Thong,May,540093,508523,100,87,2189,4.69
P05451,Community Health,Central,Ang Thong,Jun,584193,455726,100,79,1848,4.22
P05452,Elderly Care,Central,Ang Thong,Jun,530352,380705,100,93,775,4.33
P05453,Mental Health,Central,Ang Thong,Jun,1565675,1331312,100,78,2081,3.85
P05454,Healthy School,Central,Ang Thong,Jun,743515,690006,100,78,1419,3.63
P05455,Food Safety,Central,Ang Thong,Jun,1845547,1714218,100,85,2045,4.67
P05456,NCD Prevention,Central,Ang Thong,Jun,717144,613082,100,61,2092,4.45
P05457,Health Data,Central,Ang Thong,Jun,1735093,1332974,100,76,1176,4.09
P05458,Health Promotion,Central,Ang Thong,Jun,1896972,1744879,100,83,2785,4.97
P05459,Policy Development,Central,Ang Thong,Jun,1033831,864651,100,91,1451,3.53
P05460,Network Strengthening,Central,Ang Thong,Jun,1804501,1570653,100,64,291,4.93
P05461,Community Health,Central,Ang Thong,Jul,1853303,1705512,100,83,2609,4.06
P05462,Elderly Care,Central,Ang Thong,Jul,524767,465794,100,82,2481,4.43
P05463,Mental Health,Central,Ang Thong,Jul,1790133,1665214,100,77,1494,4.39
P05464,Healthy School,Central,Ang Thong,Jul,1074915,988311,100,79,1961,4.19
P05465,Food Safety,Central,Ang Thong,Jul,569347,558575,100,71,2307,4.28
P05466,NCD Prevention,Central,Ang Thong,Jul,1159723,1120668,100,96,1588,4.43
P05467,Health Data,Central,Ang Thong,Jul,1243335,975339,100,89,2960,4.91
P05468,Health Promotion,Central,Ang Thong,Jul,781043,548283,100,62,1724,3.96
P05469,Policy Development,Central,Ang Thong,Jul,1787863,1470400,100,97,2096,3.91
P05470,Network Strengthening,Central,Ang Thong,Jul,588149,545681,100,71,2341,4.72
P05471,Community Health,Central,Ang Thong,Aug,1084590,922548,100,66,602,4.68
P05472,Elderly Care,Central,Ang Thong,Aug,666953,539538,100,73,1624,4.5
P05473,Mental Health,Central,Ang Thong,Aug,559726,424569,100,78,2595,3.97
P05474,Healthy School,Central,Ang Thong,Aug,762008,674237,100,68,1472,4.17
P05475,Food Safety,Central,Ang Thong,Aug,825618,711776,100,92,741,3.69
P05476,NCD Prevention,Central,Ang Thong,Aug,1736563,1697451,100,69,1725,3.59
P05477,Health Data,Central,Ang Thong,Aug,1211208,1138857,100,71,971,4.35
P05478,Health Promotion,Central,Ang Thong,Aug,1045583,758805,100,84,1124,4.54
P05479,Policy Development,Central,Ang Thong,Aug,1135699,1023385,100,67,2302,3.66
P05480,Network Strengthening,Central,Ang Thong,Aug,694311,650320,100,68,2439,4.63
P05481,Community Health,Central,Ang Thong,Sep,1779511,1446849,100,86,2976,4.45
P05482,Elderly Care,Central,Ang Thong,Sep,726912,682339,100,71,1464,4.68
P05483,Mental Health,Central,Ang Thong,Sep,918211,787291,100,98,1951,4.91
P05484,Healthy School,Central,Ang Thong,Sep,620738,520700,100,91,1080,4.96
P05485,Food Safety,Central,Ang Thong,Sep,1337484,1158900,100,69,2895,4.71
P05486,NCD Prevention,Central,Ang Thong,Sep,1525201,1429383,100,66,2225,4.34
P05487,Health Data,Central,Ang Thong,Sep,963088,787602,100,86,1119,3.78
P05488,Health Promotion,Central,Ang Thong,Sep,703559,695132,100,75,2844,4.95
P05489,Policy Development,Central,Ang Thong,Sep,1478479,1134338,100,82,2408,4.32
P05490,Network Strengthening,Central,Ang Thong,Sep,1737394,1378733,100,95,1530,4.72
P05491,Community Health,Central,Ang Thong,Oct,764775,557708,100,66,443,3.88
P05492,Elderly Care,Central,Ang Thong,Oct,1079915,866431,100,92,1937,3.94
P05493,Mental Health,Central,Ang Thong,Oct,1571027,1318743,100,90,455,4.64
P05494,Healthy School,Central,Ang Thong,Oct,1334526,1106988,100,90,1226,4.29
P05495,Food Safety,Central,Ang Thong,Oct,1267794,1057272,100,63,448,4.12
P05496,NCD Prevention,Central,Ang Thong,Oct,603187,471350,100,63,1412,4.8
P05497,Health Data,Central,Ang Thong,Oct,1852338,1707112,100,80,2689,4.73
P05498,Health Promotion,Central,Ang Thong,Oct,1452619,1022095,100,93,1071,4.48
P05499,Policy Development,Central,Ang Thong,Oct,687018,668176,100,67,598,4.1
P05500,Network Strengthening,Central,Ang Thong,Oct,722023,566918,100,86,395,4.35
P05501,Community Health,Central,Ang Thong,Nov,1792523,1370155,100,100,971,4.65
P05502,Elderly Care,Central,Ang Thong,Nov,695297,513329,100,97,396,4.39
P05503,Mental Health,Central,Ang Thong,Nov,1953634,1773010,100,82,684,4.69
P05504,Healthy School,Central,Ang Thong,Nov,974062,848893,100,99,1074,4.69
P05505,Food Safety,Central,Ang Thong,Nov,1181451,902066,100,85,494,4.02
P05506,NCD Prevention,Central,Ang Thong,Nov,794037,723636,100,73,1297,4.98
P05507,Health Data,Central,Ang Thong,Nov,923262,793926,100,93,362,3.7
P05508,Health Promotion,Central,Ang Thong,Nov,1725262,1362958,100,95,2703,4.17
P05509,Policy Development,Central,Ang Thong,Nov,1475565,1156164,100,98,773,3.74
P05510,Network Strengthening,Central,Ang Thong,Nov,1861666,1619504,100,81,1822,4.68
P05511,Community Health,Central,Ang Thong,Dec,1363511,972398,100,77,2951,4.11
P05512,Elderly Care,Central,Ang Thong,Dec,929036,756959,100,62,2958,4.22
P05513,Mental Health,Central,Ang Thong,Dec,1700086,1389403,100,67,765,3.69
P05514,Healthy School,Central,Ang Thong,Dec,1028272,774794,100,97,2739,3.6
P05515,Food Safety,Central,Ang Thong,Dec,1025186,975469,100,93,1912,3.87
P05516,NCD Prevention,Central,Ang Thong,Dec,547688,404666,100,90,2687,4.7
P05517,Health Data,Central,Ang Thong,Dec,1305834,1297374,100,93,652,4.96
P05518,Health Promotion,Central,Ang Thong,Dec,783630,745163,100,96,1059,3.72
P05519,Policy Development,Central,Ang Thong,Dec,1519331,1439677,100,71,460,3.78
P05520,Network Strengthening,Central,Ang Thong,Dec,858739,788253,100,69,2931,3.8
P05521,Community Health,Central,Suphan Buri,Jan,1473900,1399681,100,64,2695,3.87
P05522,Elderly Care,Central,Suphan Buri,Jan,1474751,1457420,100,84,999,4.57
P05523,Mental Health,Central,Suphan Buri,Jan,1204123,1061768,100,75,571,3.71
P05524,Healthy School,Central,Suphan Buri,Jan,1234280,1136821,100,61,2312,4.92
P05525,Food Safety,Central,Suphan Buri,Jan,1488602,1286895,100,73,2138,4.5
P05526,NCD Prevention,Central,Suphan Buri,Jan,1159430,1074970,100,65,1974,4.96
P05527,Health Data,Central,Suphan Buri,Jan,1055113,1005736,100,98,327,3.79
P05528,Health Promotion,Central,Suphan Buri,Jan,503069,484476,100,100,573,3.9
P05529,Policy Development,Central,Suphan Buri,Jan,1769249,1389971,100,77,1653,3.75
P05530,Network Strengthening,Central,Suphan Buri,Jan,1418570,1287018,100,76,977,4.69
P05531,Community Health,Central,Suphan Buri,Feb,752711,544688,100,90,1437,4.64
P05532,Elderly Care,Central,Suphan Buri,Feb,723838,587918,100,60,1768,4.89
P05533,Mental Health,Central,Suphan Buri,Feb,1700993,1546249,100,72,2358,3.93
P05534,Healthy School,Central,Suphan Buri,Feb,1205314,1043023,100,77,2345,4.48
P05535,Food Safety,Central,Suphan Buri,Feb,1668727,1465004,100,89,2229,3.98
P05536,NCD Prevention,Central,Suphan Buri,Feb,1356457,1160538,100,89,1086,4.9
P05537,Health Data,Central,Suphan Buri,Feb,968314,834277,100,79,881,4.58
P05538,Health Promotion,Central,Suphan Buri,Feb,1395149,1295301,100,90,1053,4.72
P05539,Policy Development,Central,Suphan Buri,Feb,1398745,1217102,100,78,601,4.68
P05540,Network Strengthening,Central,Suphan Buri,Feb,974444,962204,100,78,1056,3.95
P05541,Community Health,Central,Suphan Buri,Mar,1364984,1127433,100,76,872,3.84
P05542,Elderly Care,Central,Suphan Buri,Mar,1833356,1446796,100,77,1290,3.59
P05543,Mental Health,Central,Suphan Buri,Mar,1324863,1098654,100,87,785,4.41
P05544,Healthy School,Central,Suphan Buri,Mar,1880229,1802876,100,65,2322,3.63
P05545,Food Safety,Central,Suphan Buri,Mar,1337719,1076459,100,67,192,4.28
P05546,NCD Prevention,Central,Suphan Buri,Mar,1203437,958972,100,98,2313,4.62
P05547,Health Data,Central,Suphan Buri,Mar,1152454,947943,100,88,1302,4.4
P05548,Health Promotion,Central,Suphan Buri,Mar,1932222,1535922,100,74,1144,4.1
P05549,Policy Development,Central,Suphan Buri,Mar,1903447,1489334,100,77,1704,3.87
P05550,Network Strengthening,Central,Suphan Buri,Mar,1631080,1555040,100,94,2294,4.08
P05551,Community Health,Central,Suphan Buri,Apr,1585497,1387023,100,70,2202,4.68
P05552,Elderly Care,Central,Suphan Buri,Apr,1850649,1356995,100,68,1410,3.5
P05553,Mental Health,Central,Suphan Buri,Apr,1283576,932065,100,60,2137,3.56
P05554,Healthy School,Central,Suphan Buri,Apr,881795,651626,100,89,1934,4.13
P05555,Food Safety,Central,Suphan Buri,Apr,927778,878781,100,70,2178,4.1
P05556,NCD Prevention,Central,Suphan Buri,Apr,1767660,1288676,100,72,675,3.86
P05557,Health Data,Central,Suphan Buri,Apr,1229572,1153449,100,93,2478,3.75
P05558,Health Promotion,Central,Suphan Buri,Apr,777734,551074,100,99,2015,4.7
P05559,Policy Development,Central,Suphan Buri,Apr,817663,682416,100,90,340,3.58
P05560,Network Strengthening,Central,Suphan Buri,Apr,1404375,1265953,100,78,943,4.7
P05561,Community Health,Central,Suphan Buri,May,769213,754018,100,61,2091,4.24
P05562,Elderly Care,Central,Suphan Buri,May,520449,419583,100,100,2726,4.86
P05563,Mental Health,Central,Suphan Buri,May,1233943,991847,100,96,2785,4.95
P05564,Healthy School,Central,Suphan Buri,May,693357,489597,100,67,1353,4.16
P05565,Food Safety,Central,Suphan Buri,May,1224691,1137095,100,77,1520,5.0
P05566,NCD Prevention,Central,Suphan Buri,May,522780,369438,100,75,1192,4.05
P05567,Health Data,Central,Suphan Buri,May,1596635,1527114,100,83,583,3.76
P05568,Health Promotion,Central,Suphan Buri,May,784137,724280,100,68,2541,4.25
P05569,Policy Development,Central,Suphan Buri,May,1363412,1030233,100,100,973,4.18
P05570,Network Strengthening,Central,Suphan Buri,May,663081,535802,100,78,956,4.01
P05571,Community Health,Central,Suphan Buri,Jun,1293796,1255758,100,82,302,4.22
P05572,Elderly Care,Central,Suphan Buri,Jun,975513,960080,100,74,719,4.24
P05573,Mental Health,Central,Suphan Buri,Jun,947356,748272,100,98,1435,4.21
P05574,Healthy School,Central,Suphan Buri,Jun,960715,876327,100,73,2367,4.01
P05575,Food Safety,Central,Suphan Buri,Jun,1219987,883986,100,62,306,4.49
P05576,NCD Prevention,Central,Suphan Buri,Jun,874537,793821,100,70,347,3.98
P05577,Health Data,Central,Suphan Buri,Jun,1142007,918368,100,86,993,4.83
P05578,Health Promotion,Central,Suphan Buri,Jun,886907,748892,100,99,1032,3.6
P05579,Policy Development,Central,Suphan Buri,Jun,747914,655827,100,72,1615,4.46
P05580,Network Strengthening,Central,Suphan Buri,Jun,760606,535476,100,91,880,4.23
P05581,Community Health,Central,Suphan Buri,Jul,990518,706455,100,90,324,3.99
P05582,Elderly Care,Central,Suphan Buri,Jul,568598,420466,100,69,2158,4.33
P05583,Mental Health,Central,Suphan Buri,Jul,1637940,1253731,100,75,1037,4.5
P05584,Healthy School,Central,Suphan Buri,Jul,648935,473108,100,73,1392,4.33
P05585,Food Safety,Central,Suphan Buri,Jul,1486239,1399154,100,73,2037,3.96
P05586,NCD Prevention,Central,Suphan Buri,Jul,542745,436038,100,61,876,4.1
P05587,Health Data,Central,Suphan Buri,Jul,1999409,1938108,100,97,1214,4.48
P05588,Health Promotion,Central,Suphan Buri,Jul,1251217,1085900,100,70,667,4.67
P05589,Policy Development,Central,Suphan Buri,Jul,685396,645119,100,94,2075,4.78
P05590,Network Strengthening,Central,Suphan Buri,Jul,1850668,1320562,100,63,1813,3.77
P05591,Community Health,Central,Suphan Buri,Aug,1757044,1606542,100,63,1391,4.33
P05592,Elderly Care,Central,Suphan Buri,Aug,1564754,1347667,100,75,2006,4.49
P05593,Mental Health,Central,Suphan Buri,Aug,1335930,1188029,100,73,2051,4.01
P05594,Healthy School,Central,Suphan Buri,Aug,1519248,1390590,100,87,444,4.2
P05595,Food Safety,Central,Suphan Buri,Aug,1444749,1426281,100,63,765,4.17
P05596,NCD Prevention,Central,Suphan Buri,Aug,995120,971512,100,74,2080,4.46
P05597,Health Data,Central,Suphan Buri,Aug,842102,637454,100,92,1458,3.74
P05598,Health Promotion,Central,Suphan Buri,Aug,1482486,1375975,100,79,1352,4.48
P05599,Policy Development,Central,Suphan Buri,Aug,1874575,1632633,100,73,1720,3.66
P05600,Network Strengthening,Central,Suphan Buri,Aug,1081729,1024389,100,83,2812,3.87
P05601,Community Health,Central,Suphan Buri,Sep,1224647,970331,100,100,1643,4.19
P05602,Elderly Care,Central,Suphan Buri,Sep,1463306,1316827,100,90,206,4.79
P05603,Mental Health,Central,Suphan Buri,Sep,785686,777876,100,60,787,4.0
P05604,Healthy School,Central,Suphan Buri,Sep,723618,591461,100,87,2629,4.17
P05605,Food Safety,Central,Suphan Buri,Sep,1686152,1278016,100,95,1467,3.74
P05606,NCD Prevention,Central,Suphan Buri,Sep,1411745,1000644,100,88,745,4.39
P05607,Health Data,Central,Suphan Buri,Sep,690403,627693,100,64,1911,3.93
P05608,Health Promotion,Central,Suphan Buri,Sep,753045,612804,100,67,337,3.7
P05609,Policy Development,Central,Suphan Buri,Sep,1446979,1134156,100,83,987,4.72
P05610,Network Strengthening,Central,Suphan Buri,Sep,556958,458934,100,90,1660,4.81
P05611,Community Health,Central,Suphan Buri,Oct,704345,493354,100,77,2936,3.95
P05612,Elderly Care,Central,Suphan Buri,Oct,1539905,1424009,100,91,1323,4.5
P05613,Mental Health,Central,Suphan Buri,Oct,1309866,1279024,100,65,1157,3.5
P05614,Healthy School,Central,Suphan Buri,Oct,509683,489155,100,79,185,3.98
P05615,Food Safety,Central,Suphan Buri,Oct,1462202,1072618,100,81,1067,4.29
P05616,NCD Prevention,Central,Suphan Buri,Oct,1339781,1187945,100,90,2235,4.47
P05617,Health Data,Central,Suphan Buri,Oct,1586178,1468535,100,71,677,4.99
P05618,Health Promotion,Central,Suphan Buri,Oct,1397903,1226864,100,76,1366,4.85
P05619,Policy Development,Central,Suphan Buri,Oct,527182,394851,100,98,673,4.21
P05620,Network Strengthening,Central,Suphan Buri,Oct,1413114,1148451,100,75,1391,4.1
P05621,Community Health,Central,Suphan Buri,Nov,1678282,1308058,100,93,844,4.45
P05622,Elderly Care,Central,Suphan Buri,Nov,1026499,719204,100,91,2630,4.64
P05623,Mental Health,Central,Suphan Buri,Nov,1157663,1093839,100,76,2005,4.08
P05624,Healthy School,Central,Suphan Buri,Nov,786708,587041,100,67,1519,3.52
P05625,Food Safety,Central,Suphan Buri,Nov,1906900,1530800,100,74,1258,4.21
P05626,NCD Prevention,Central,Suphan Buri,Nov,782415,639590,100,95,1653,4.9
P05627,Health Data,Central,Suphan Buri,Nov,662996,592068,100,77,1958,4.07
P05628,Health Promotion,Central,Suphan Buri,Nov,689206,605107,100,77,2017,4.18
P05629,Policy Development,Central,Suphan Buri,Nov,884688,739058,100,64,523,3.57
P05630,Network Strengthening,Central,Suphan Buri,Nov,716883,613606,100,97,793,4.92
P05631,Community Health,Central,Suphan Buri,Dec,902114,876150,100,64,911,3.63
P05632,Elderly Care,Central,Suphan Buri,Dec,1601217,1440200,100,96,2269,3.99
P05633,Mental Health,Central,Suphan Buri,Dec,1420057,1238219,100,100,1519,4.73
P05634,Healthy School,Central,Suphan Buri,Dec,584629,409325,100,70,230,4.88
P05635,Food Safety,Central,Suphan Buri,Dec,906742,659163,100,69,2729,4.94
P05636,NCD Prevention,Central,Suphan Buri,Dec,1980471,1735972,100,67,2747,3.56
P05637,Health Data,Central,Suphan Buri,Dec,1735349,1510512,100,95,2288,4.44
P05638,Health Promotion,Central,Suphan Buri,Dec,1908297,1404559,100,62,1385,4.85
P05639,Policy Development,Central,Suphan Buri,Dec,1065645,807544,100,91,177,4.49
P05640,Network Strengthening,Central,Suphan Buri,Dec,1432100,1290807,100,91,210,4.27
P05641,Community Health,Central,Chai Nat,Jan,1191616,987082,100,87,438,3.63
P05642,Elderly Care,Central,Chai Nat,Jan,639035,485836,100,77,2909,4.61
P05643,Mental Health,Central,Chai Nat,Jan,1428050,1416422,100,96,2345,3.62
P05644,Healthy School,Central,Chai Nat,Jan,1250067,1229163,100,86,209,4.18
P05645,Food Safety,Central,Chai Nat,Jan,645705,476997,100,77,1843,4.48
P05646,NCD Prevention,Central,Chai Nat,Jan,1734353,1372397,100,87,1268,3.98
P05647,Health Data,Central,Chai Nat,Jan,1761908,1388346,100,84,1440,4.65
P05648,Health Promotion,Central,Chai Nat,Jan,1919861,1810280,100,87,2643,4.47
P05649,Policy Development,Central,Chai Nat,Jan,956840,827728,100,72,1121,3.53
P05650,Network Strengthening,Central,Chai Nat,Jan,1834168,1311867,100,77,570,3.7
P05651,Community Health,Central,Chai Nat,Feb,1850295,1604445,100,67,1301,3.98
P05652,Elderly Care,Central,Chai Nat,Feb,1466315,1222222,100,97,2614,3.53
P05653,Mental Health,Central,Chai Nat,Feb,908707,862919,100,96,1581,4.45
P05654,Healthy School,Central,Chai Nat,Feb,1925577,1917137,100,65,1947,3.67
P05655,Food Safety,Central,Chai Nat,Feb,770146,596838,100,89,2273,4.4
P05656,NCD Prevention,Central,Chai Nat,Feb,1658959,1413369,100,89,2243,3.63
P05657,Health Data,Central,Chai Nat,Feb,1200197,893936,100,80,1403,4.23
P05658,Health Promotion,Central,Chai Nat,Feb,1316458,1244863,100,76,458,4.65
P05659,Policy Development,Central,Chai Nat,Feb,1911971,1526022,100,88,1253,3.86
P05660,Network Strengthening,Central,Chai Nat,Feb,1617424,1228915,100,62,2676,4.78
P05661,Community Health,Central,Chai Nat,Mar,517525,448753,100,80,974,4.23
P05662,Elderly Care,Central,Chai Nat,Mar,1903927,1552029,100,82,1938,4.94
P05663,Mental Health,Central,Chai Nat,Mar,666626,583786,100,91,2645,3.51
P05664,Healthy School,Central,Chai Nat,Mar,1741929,1644624,100,77,1629,3.64
P05665,Food Safety,Central,Chai Nat,Mar,628655,557844,100,72,715,4.65
P05666,NCD Prevention,Central,Chai Nat,Mar,688434,551420,100,70,825,3.73
P05667,Health Data,Central,Chai Nat,Mar,1262828,1072066,100,92,714,4.85
P05668,Health Promotion,Central,Chai Nat,Mar,1274219,1212686,100,79,209,4.21
P05669,Policy Development,Central,Chai Nat,Mar,968500,871221,100,100,156,3.97
P05670,Network Strengthening,Central,Chai Nat,Mar,1438030,1394536,100,72,2593,4.26
P05671,Community Health,Central,Chai Nat,Apr,1799638,1794389,100,93,1515,4.23
P05672,Elderly Care,Central,Chai Nat,Apr,1016151,817664,100,91,1968,4.58
P05673,Mental Health,Central,Chai Nat,Apr,585600,429350,100,74,2505,4.48
P05674,Healthy School,Central,Chai Nat,Apr,887529,802766,100,91,1094,4.91
P05675,Food Safety,Central,Chai Nat,Apr,856990,791624,100,90,2342,4.46
P05676,NCD Prevention,Central,Chai Nat,Apr,1727329,1217261,100,95,230,4.39
P05677,Health Data,Central,Chai Nat,Apr,1990007,1503068,100,79,2131,4.7
P05678,Health Promotion,Central,Chai Nat,Apr,1928564,1852724,100,67,1726,4.89
P05679,Policy Development,Central,Chai Nat,Apr,1511838,1257666,100,72,616,4.34
P05680,Network Strengthening,Central,Chai Nat,Apr,1529487,1190039,100,76,1778,3.62
P05681,Community Health,Central,Chai Nat,May,575195,542131,100,61,1908,4.52
P05682,Elderly Care,Central,Chai Nat,May,1193939,956012,100,96,1191,4.31
P05683,Mental Health,Central,Chai Nat,May,1923618,1357099,100,71,875,4.63
P05684,Healthy School,Central,Chai Nat,May,1771152,1500897,100,97,1007,4.4
P05685,Food Safety,Central,Chai Nat,May,1321033,1304283,100,92,193,3.6
P05686,NCD Prevention,Central,Chai Nat,May,646843,487454,100,61,2717,4.5
P05687,Health Data,Central,Chai Nat,May,718279,664119,100,77,1787,4.08
P05688,Health Promotion,Central,Chai Nat,May,1547426,1401353,100,93,1602,4.89
P05689,Policy Development,Central,Chai Nat,May,541593,478112,100,72,2751,3.95
P05690,Network Strengthening,Central,Chai Nat,May,833343,778906,100,76,859,4.82
P05691,Community Health,Central,Chai Nat,Jun,1194658,1070247,100,73,1503,4.4
P05692,Elderly Care,Central,Chai Nat,Jun,1349469,1092546,100,98,1732,4.36
P05693,Mental Health,Central,Chai Nat,Jun,1056210,983070,100,99,2638,3.67
P05694,Healthy School,Central,Chai Nat,Jun,748508,734073,100,84,1618,4.93
P05695,Food Safety,Central,Chai Nat,Jun,512694,377616,100,92,2766,4.6
P05696,NCD Prevention,Central,Chai Nat,Jun,855058,731571,100,67,1672,3.95
P05697,Health Data,Central,Chai Nat,Jun,1362755,1223294,100,70,2069,3.94
P05698,Health Promotion,Central,Chai Nat,Jun,1099833,1060310,100,61,1355,3.73
P05699,Policy Development,Central,Chai Nat,Jun,840654,721736,100,96,1378,3.5
P05700,Network Strengthening,Central,Chai Nat,Jun,620610,567146,100,79,1501,4.15
P05701,Community Health,Central,Chai Nat,Jul,1692708,1611947,100,65,2679,3.9
P05702,Elderly Care,Central,Chai Nat,Jul,976351,801655,100,83,1153,3.65
P05703,Mental Health,Central,Chai Nat,Jul,854493,675973,100,60,2088,4.39
P05704,Healthy School,Central,Chai Nat,Jul,790100,589492,100,92,1619,4.16
P05705,Food Safety,Central,Chai Nat,Jul,1102732,1096552,100,91,868,4.48
P05706,NCD Prevention,Central,Chai Nat,Jul,713555,508423,100,75,1339,4.39
P05707,Health Data,Central,Chai Nat,Jul,1948490,1936745,100,62,1549,4.86
P05708,Health Promotion,Central,Chai Nat,Jul,1518995,1146950,100,69,217,4.46
P05709,Policy Development,Central,Chai Nat,Jul,998498,874122,100,78,2191,3.8
P05710,Network Strengthening,Central,Chai Nat,Jul,600610,521226,100,62,1672,4.84
P05711,Community Health,Central,Chai Nat,Aug,988547,750969,100,78,1666,3.92
P05712,Elderly Care,Central,Chai Nat,Aug,1204955,1044290,100,99,2675,4.75
P05713,Mental Health,Central,Chai Nat,Aug,1449997,1182213,100,87,2069,4.48
P05714,Healthy School,Central,Chai Nat,Aug,1102003,1001022,100,62,1682,3.99
P05715,Food Safety,Central,Chai Nat,Aug,1236535,1119168,100,90,1081,3.52
P05716,NCD Prevention,Central,Chai Nat,Aug,652999,560583,100,87,1218,3.96
P05717,Health Data,Central,Chai Nat,Aug,728018,530763,100,62,2315,3.75
P05718,Health Promotion,Central,Chai Nat,Aug,532966,429522,100,64,345,4.56
P05719,Policy Development,Central,Chai Nat,Aug,1361863,967550,100,99,1945,3.92
P05720,Network Strengthening,Central,Chai Nat,Aug,1684143,1183300,100,74,2733,3.86
P05721,Community Health,Central,Chai Nat,Sep,1439041,1362436,100,84,356,4.8
P05722,Elderly Care,Central,Chai Nat,Sep,1979419,1438827,100,72,2622,4.49
P05723,Mental Health,Central,Chai Nat,Sep,1717563,1523052,100,100,2288,4.76
P05724,Healthy School,Central,Chai Nat,Sep,1243444,1007889,100,71,2234,4.23
P05725,Food Safety,Central,Chai Nat,Sep,709489,651545,100,97,2972,3.82
P05726,NCD Prevention,Central,Chai Nat,Sep,1777255,1588506,100,61,2558,4.99
P05727,Health Data,Central,Chai Nat,Sep,730223,547463,100,80,2944,4.75
P05728,Health Promotion,Central,Chai Nat,Sep,1747901,1498016,100,65,2213,3.98
P05729,Policy Development,Central,Chai Nat,Sep,932944,682318,100,63,2866,3.81
P05730,Network Strengthening,Central,Chai Nat,Sep,1692451,1526734,100,94,2370,4.24
P05731,Community Health,Central,Chai Nat,Oct,1687087,1222482,100,99,1175,3.77
P05732,Elderly Care,Central,Chai Nat,Oct,1637637,1620332,100,68,2086,3.99
P05733,Mental Health,Central,Chai Nat,Oct,817241,670178,100,74,2431,4.3
P05734,Healthy School,Central,Chai Nat,Oct,697452,515613,100,62,2805,3.63
P05735,Food Safety,Central,Chai Nat,Oct,873066,615547,100,62,1174,4.05
P05736,NCD Prevention,Central,Chai Nat,Oct,1808928,1720506,100,85,1942,4.31
P05737,Health Data,Central,Chai Nat,Oct,1142866,1045023,100,68,1090,3.75
P05738,Health Promotion,Central,Chai Nat,Oct,1258171,1187071,100,68,2357,4.96
P05739,Policy Development,Central,Chai Nat,Oct,569781,479890,100,82,2542,3.85
P05740,Network Strengthening,Central,Chai Nat,Oct,1680531,1265382,100,60,1692,4.38
P05741,Community Health,Central,Chai Nat,Nov,535056,446811,100,93,1356,3.54
P05742,Elderly Care,Central,Chai Nat,Nov,995646,762079,100,65,2324,4.45
P05743,Mental Health,Central,Chai Nat,Nov,984495,829278,100,60,2317,4.58
P05744,Healthy School,Central,Chai Nat,Nov,1956745,1831959,100,80,2897,4.75
P05745,Food Safety,Central,Chai Nat,Nov,670305,609771,100,95,2790,3.84
P05746,NCD Prevention,Central,Chai Nat,Nov,1654045,1450141,100,87,1867,3.56
P05747,Health Data,Central,Chai Nat,Nov,1812953,1600281,100,96,2814,4.76
P05748,Health Promotion,Central,Chai Nat,Nov,560329,538472,100,80,1510,4.11
P05749,Policy Development,Central,Chai Nat,Nov,555501,499464,100,86,950,4.21
P05750,Network Strengthening,Central,Chai Nat,Nov,1881367,1716276,100,72,227,4.36
P05751,Community Health,Central,Chai Nat,Dec,703940,592052,100,60,939,3.65
P05752,Elderly Care,Central,Chai Nat,Dec,870111,658182,100,65,1041,4.24
P05753,Mental Health,Central,Chai Nat,Dec,1835486,1461834,100,91,2352,4.05
P05754,Healthy School,Central,Chai Nat,Dec,682275,610527,100,74,1182,3.56
P05755,Food Safety,Central,Chai Nat,Dec,1008108,895552,100,65,2239,3.84
P05756,NCD Prevention,Central,Chai Nat,Dec,1340776,988317,100,93,726,3.7
P05757,Health Data,Central,Chai Nat,Dec,679290,484420,100,67,700,4.79
P05758,Health Promotion,Central,Chai Nat,Dec,905143,856787,100,96,2443,4.94
P05759,Policy Development,Central,Chai Nat,Dec,644785,477143,100,62,2208,3.65
P05760,Network Strengthening,Central,Chai Nat,Dec,1930117,1655215,100,70,1983,3.51
P05761,Community Health,Central,Samut Prakan,Jan,902289,705127,100,95,651,3.54
P05762,Elderly Care,Central,Samut Prakan,Jan,542895,450615,100,67,1998,4.14
P05763,Mental Health,Central,Samut Prakan,Jan,568974,560296,100,94,2047,3.68
P05764,Healthy School,Central,Samut Prakan,Jan,1960044,1836445,100,72,1204,4.67
P05765,Food Safety,Central,Samut Prakan,Jan,775069,668235,100,77,1957,4.75
P05766,NCD Prevention,Central,Samut Prakan,Jan,597017,525769,100,85,2078,4.97
P05767,Health Data,Central,Samut Prakan,Jan,1716324,1237604,100,73,1436,3.82
P05768,Health Promotion,Central,Samut Prakan,Jan,1418602,1380634,100,89,2307,4.84
P05769,Policy Development,Central,Samut Prakan,Jan,797526,586109,100,83,2349,4.23
P05770,Network Strengthening,Central,Samut Prakan,Jan,1436696,1342598,100,72,2639,4.34
P05771,Community Health,Central,Samut Prakan,Feb,1097288,993450,100,66,2526,3.78
P05772,Elderly Care,Central,Samut Prakan,Feb,855722,774941,100,82,1158,4.2
P05773,Mental Health,Central,Samut Prakan,Feb,1261883,1170255,100,93,995,3.96
P05774,Healthy School,Central,Samut Prakan,Feb,872177,803079,100,90,1861,4.19
P05775,Food Safety,Central,Samut Prakan,Feb,1135620,946601,100,70,2138,3.97
P05776,NCD Prevention,Central,Samut Prakan,Feb,1413343,1288543,100,60,2077,3.98
P05777,Health Data,Central,Samut Prakan,Feb,783501,694706,100,97,2674,4.18
P05778,Health Promotion,Central,Samut Prakan,Feb,1251898,1113536,100,74,933,4.39
P05779,Policy Development,Central,Samut Prakan,Feb,1739077,1574716,100,63,2719,3.67
P05780,Network Strengthening,Central,Samut Prakan,Feb,1758303,1447686,100,86,879,3.96
P05781,Community Health,Central,Samut Prakan,Mar,1490920,1183909,100,69,221,4.65
P05782,Elderly Care,Central,Samut Prakan,Mar,1740039,1651156,100,61,1995,4.28
P05783,Mental Health,Central,Samut Prakan,Mar,1192471,1043476,100,71,2489,4.23
P05784,Healthy School,Central,Samut Prakan,Mar,822453,617967,100,80,199,4.98
P05785,Food Safety,Central,Samut Prakan,Mar,1636569,1507950,100,80,2452,4.37
P05786,NCD Prevention,Central,Samut Prakan,Mar,1039006,865564,100,92,403,3.75
P05787,Health Data,Central,Samut Prakan,Mar,1529053,1089509,100,93,1366,4.73
P05788,Health Promotion,Central,Samut Prakan,Mar,1596037,1147190,100,96,1418,3.98
P05789,Policy Development,Central,Samut Prakan,Mar,580374,510900,100,93,2201,3.87
P05790,Network Strengthening,Central,Samut Prakan,Mar,1863433,1407337,100,80,2305,3.59
P05791,Community Health,Central,Samut Prakan,Apr,1159906,1003535,100,73,2165,3.59
P05792,Elderly Care,Central,Samut Prakan,Apr,1345058,1274112,100,63,2854,4.83
P05793,Mental Health,Central,Samut Prakan,Apr,1149518,1052371,100,92,1224,4.31
P05794,Healthy School,Central,Samut Prakan,Apr,1261585,1094853,100,100,2635,4.27
P05795,Food Safety,Central,Samut Prakan,Apr,1271018,1232369,100,70,2177,3.51
P05796,NCD Prevention,Central,Samut Prakan,Apr,563649,469414,100,79,560,3.79
P05797,Health Data,Central,Samut Prakan,Apr,852355,667736,100,86,767,4.16
P05798,Health Promotion,Central,Samut Prakan,Apr,859097,628716,100,72,1881,4.51
P05799,Policy Development,Central,Samut Prakan,Apr,1323826,996622,100,74,556,4.05
P05800,Network Strengthening,Central,Samut Prakan,Apr,1032834,779375,100,82,1514,3.53
P05801,Community Health,Central,Samut Prakan,May,977834,946683,100,80,515,4.5
P05802,Elderly Care,Central,Samut Prakan,May,1588239,1188391,100,74,1931,4.51
P05803,Mental Health,Central,Samut Prakan,May,934782,743651,100,78,2404,3.51
P05804,Healthy School,Central,Samut Prakan,May,1284003,1105207,100,100,1712,4.63
P05805,Food Safety,Central,Samut Prakan,May,1573910,1464329,100,100,1983,4.46
P05806,NCD Prevention,Central,Samut Prakan,May,564387,434115,100,79,1312,4.6
P05807,Health Data,Central,Samut Prakan,May,1501875,1156536,100,97,2727,4.64
P05808,Health Promotion,Central,Samut Prakan,May,970906,953503,100,80,2297,4.11
P05809,Policy Development,Central,Samut Prakan,May,983645,889399,100,79,1167,3.85
P05810,Network Strengthening,Central,Samut Prakan,May,1141046,938002,100,75,150,4.67
P05811,Community Health,Central,Samut Prakan,Jun,1419448,1364504,100,95,745,3.52
P05812,Elderly Care,Central,Samut Prakan,Jun,1066384,953815,100,92,1020,4.72
P05813,Mental Health,Central,Samut Prakan,Jun,1516339,1515374,100,84,1679,4.38
P05814,Healthy School,Central,Samut Prakan,Jun,778291,601265,100,100,2413,3.8
P05815,Food Safety,Central,Samut Prakan,Jun,1985446,1456678,100,84,1281,3.59
P05816,NCD Prevention,Central,Samut Prakan,Jun,1218308,1138652,100,98,1496,4.71
P05817,Health Data,Central,Samut Prakan,Jun,1903524,1539073,100,60,1295,4.35
P05818,Health Promotion,Central,Samut Prakan,Jun,1858561,1855122,100,86,1688,4.68
P05819,Policy Development,Central,Samut Prakan,Jun,1055800,785548,100,62,1884,4.48
P05820,Network Strengthening,Central,Samut Prakan,Jun,1301526,912808,100,60,1376,3.91
P05821,Community Health,Central,Samut Prakan,Jul,1791618,1544973,100,96,1655,4.42
P05822,Elderly Care,Central,Samut Prakan,Jul,588159,472889,100,99,2566,4.88
P05823,Mental Health,Central,Samut Prakan,Jul,1317494,985456,100,68,352,4.44
P05824,Healthy School,Central,Samut Prakan,Jul,1752525,1293428,100,78,1583,4.58
P05825,Food Safety,Central,Samut Prakan,Jul,570545,479892,100,98,1073,4.06
P05826,NCD Prevention,Central,Samut Prakan,Jul,1590722,1546080,100,96,2063,4.5
P05827,Health Data,Central,Samut Prakan,Jul,850452,755057,100,61,638,4.24
P05828,Health Promotion,Central,Samut Prakan,Jul,947804,931691,100,87,2295,3.87
P05829,Policy Development,Central,Samut Prakan,Jul,1556000,1541059,100,84,1536,4.8
P05830,Network Strengthening,Central,Samut Prakan,Jul,1385689,1157372,100,94,2400,4.23
P05831,Community Health,Central,Samut Prakan,Aug,1670835,1267255,100,71,1059,4.82
P05832,Elderly Care,Central,Samut Prakan,Aug,1353303,950431,100,93,2786,3.86
P05833,Mental Health,Central,Samut Prakan,Aug,1528646,1527160,100,91,2759,3.53
P05834,Healthy School,Central,Samut Prakan,Aug,1143259,1092297,100,97,2234,3.62
P05835,Food Safety,Central,Samut Prakan,Aug,826419,666370,100,74,1854,4.75
P05836,NCD Prevention,Central,Samut Prakan,Aug,1512851,1402352,100,89,2122,4.51
P05837,Health Data,Central,Samut Prakan,Aug,941551,760565,100,99,211,4.8
P05838,Health Promotion,Central,Samut Prakan,Aug,1679424,1426367,100,78,716,4.77
P05839,Policy Development,Central,Samut Prakan,Aug,966899,686902,100,79,1717,4.88
P05840,Network Strengthening,Central,Samut Prakan,Aug,593623,565565,100,75,2854,3.59
P05841,Community Health,Central,Samut Prakan,Sep,822522,609757,100,81,449,4.5
P05842,Elderly Care,Central,Samut Prakan,Sep,637755,503837,100,82,1544,3.89
P05843,Mental Health,Central,Samut Prakan,Sep,1104908,808511,100,84,1576,4.51
P05844,Healthy School,Central,Samut Prakan,Sep,1701019,1388751,100,73,953,4.41
P05845,Food Safety,Central,Samut Prakan,Sep,858057,710173,100,94,767,4.93
P05846,NCD Prevention,Central,Samut Prakan,Sep,1066505,849642,100,98,1698,4.35
P05847,Health Data,Central,Samut Prakan,Sep,887904,760526,100,85,166,4.1
P05848,Health Promotion,Central,Samut Prakan,Sep,733875,637623,100,79,364,4.26
P05849,Policy Development,Central,Samut Prakan,Sep,1826037,1712289,100,98,191,4.75
P05850,Network Strengthening,Central,Samut Prakan,Sep,1380084,1256108,100,81,2826,4.87
P05851,Community Health,Central,Samut Prakan,Oct,1639210,1260512,100,85,980,4.12
P05852,Elderly Care,Central,Samut Prakan,Oct,1559827,1197730,100,73,1200,4.04
P05853,Mental Health,Central,Samut Prakan,Oct,615124,575285,100,63,1757,4.53
P05854,Healthy School,Central,Samut Prakan,Oct,1764121,1646252,100,67,666,4.88
P05855,Food Safety,Central,Samut Prakan,Oct,1500299,1217260,100,63,2984,4.46
P05856,NCD Prevention,Central,Samut Prakan,Oct,1624180,1423941,100,77,2461,3.91
P05857,Health Data,Central,Samut Prakan,Oct,1813160,1751754,100,95,180,4.65
P05858,Health Promotion,Central,Samut Prakan,Oct,861119,812463,100,61,1610,4.68
P05859,Policy Development,Central,Samut Prakan,Oct,1989718,1705339,100,97,2793,3.73
P05860,Network Strengthening,Central,Samut Prakan,Oct,833783,681378,100,78,1963,4.61
P05861,Community Health,Central,Samut Prakan,Nov,1762630,1318473,100,100,1674,4.23
P05862,Elderly Care,Central,Samut Prakan,Nov,1877428,1361245,100,90,2184,3.9
P05863,Mental Health,Central,Samut Prakan,Nov,1997678,1669116,100,65,2407,3.77
P05864,Healthy School,Central,Samut Prakan,Nov,1086196,980419,100,91,948,3.94
P05865,Food Safety,Central,Samut Prakan,Nov,645275,538132,100,92,1953,3.51
P05866,NCD Prevention,Central,Samut Prakan,Nov,1218882,1120600,100,67,2091,4.66
P05867,Health Data,Central,Samut Prakan,Nov,1768575,1440928,100,64,401,3.69
P05868,Health Promotion,Central,Samut Prakan,Nov,724207,635095,100,62,1839,4.94
P05869,Policy Development,Central,Samut Prakan,Nov,1734013,1619653,100,66,2728,4.65
P05870,Network Strengthening,Central,Samut Prakan,Nov,1841979,1680078,100,89,938,4.42
P05871,Community Health,Central,Samut Prakan,Dec,1648944,1388300,100,79,1169,3.61
P05872,Elderly Care,Central,Samut Prakan,Dec,754155,750771,100,75,1867,3.53
P05873,Mental Health,Central,Samut Prakan,Dec,1692712,1435384,100,85,1434,3.64
P05874,Healthy School,Central,Samut Prakan,Dec,766483,685358,100,83,1120,4.71
P05875,Food Safety,Central,Samut Prakan,Dec,1005062,938133,100,81,913,4.59
P05876,NCD Prevention,Central,Samut Prakan,Dec,949472,685762,100,70,2435,4.74
P05877,Health Data,Central,Samut Prakan,Dec,1980182,1541515,100,92,2513,3.94
P05878,Health Promotion,Central,Samut Prakan,Dec,942142,890701,100,74,827,3.83
P05879,Policy Development,Central,Samut Prakan,Dec,835629,807219,100,86,2569,4.47
P05880,Network Strengthening,Central,Samut Prakan,Dec,1406246,1216467,100,90,1846,4.03
P05881,Community Health,Central,Samut Songkhram,Jan,1056692,903265,100,66,2576,5.0
P05882,Elderly Care,Central,Samut Songkhram,Jan,890893,879719,100,69,1629,4.76
P05883,Mental Health,Central,Samut Songkhram,Jan,1317286,1003869,100,83,2675,4.23
P05884,Healthy School,Central,Samut Songkhram,Jan,1531929,1307332,100,79,1330,4.85
P05885,Food Safety,Central,Samut Songkhram,Jan,589587,453108,100,73,2085,4.84
P05886,NCD Prevention,Central,Samut Songkhram,Jan,1383001,980224,100,93,1794,4.36
P05887,Health Data,Central,Samut Songkhram,Jan,1808295,1399503,100,81,451,3.98
P05888,Health Promotion,Central,Samut Songkhram,Jan,1002900,848645,100,68,475,4.07
P05889,Policy Development,Central,Samut Songkhram,Jan,1703197,1301996,100,84,1407,4.82
P05890,Network Strengthening,Central,Samut Songkhram,Jan,1090123,769893,100,97,2418,4.81
P05891,Community Health,Central,Samut Songkhram,Feb,1209574,1175753,100,86,2708,4.07
P05892,Elderly Care,Central,Samut Songkhram,Feb,1076074,916208,100,86,1207,3.84
P05893,Mental Health,Central,Samut Songkhram,Feb,1656010,1355658,100,86,1100,4.65
P05894,Healthy School,Central,Samut Songkhram,Feb,1369533,1066596,100,75,1643,4.78
P05895,Food Safety,Central,Samut Songkhram,Feb,724014,600037,100,73,1951,3.66
P05896,NCD Prevention,Central,Samut Songkhram,Feb,1192461,1184947,100,62,2499,4.59
P05897,Health Data,Central,Samut Songkhram,Feb,706170,705985,100,82,2506,4.95
P05898,Health Promotion,Central,Samut Songkhram,Feb,1582738,1394151,100,66,1768,3.65
P05899,Policy Development,Central,Samut Songkhram,Feb,1040359,849437,100,64,191,4.25
P05900,Network Strengthening,Central,Samut Songkhram,Feb,1748387,1229488,100,63,198,3.62
P05901,Community Health,Central,Samut Songkhram,Mar,1468550,1036690,100,100,1960,4.66
P05902,Elderly Care,Central,Samut Songkhram,Mar,1212635,1078430,100,70,2587,4.31
P05903,Mental Health,Central,Samut Songkhram,Mar,1317069,1118946,100,78,2950,3.92
P05904,Healthy School,Central,Samut Songkhram,Mar,650520,599804,100,94,585,4.82
P05905,Food Safety,Central,Samut Songkhram,Mar,736940,566663,100,60,202,3.74
P05906,NCD Prevention,Central,Samut Songkhram,Mar,841857,814486,100,94,629,4.6
P05907,Health Data,Central,Samut Songkhram,Mar,1519924,1506135,100,65,1558,4.99
P05908,Health Promotion,Central,Samut Songkhram,Mar,853650,616111,100,69,2399,3.64
P05909,Policy Development,Central,Samut Songkhram,Mar,823436,622665,100,65,172,3.76
P05910,Network Strengthening,Central,Samut Songkhram,Mar,1539529,1190680,100,67,2722,4.47
P05911,Community Health,Central,Samut Songkhram,Apr,711330,568913,100,90,1370,3.82
P05912,Elderly Care,Central,Samut Songkhram,Apr,1907321,1518175,100,80,714,4.43
P05913,Mental Health,Central,Samut Songkhram,Apr,1094288,848500,100,96,2519,4.23
P05914,Healthy School,Central,Samut Songkhram,Apr,1554328,1357005,100,84,1438,4.52
P05915,Food Safety,Central,Samut Songkhram,Apr,1436148,1044547,100,76,2375,4.96
P05916,NCD Prevention,Central,Samut Songkhram,Apr,727720,587267,100,96,1017,3.81
P05917,Health Data,Central,Samut Songkhram,Apr,1080372,855273,100,88,845,4.21
P05918,Health Promotion,Central,Samut Songkhram,Apr,1179028,850629,100,78,824,4.43
P05919,Policy Development,Central,Samut Songkhram,Apr,607783,593338,100,95,1349,4.59
P05920,Network Strengthening,Central,Samut Songkhram,Apr,1981319,1464654,100,61,2118,3.83
P05921,Community Health,Central,Samut Songkhram,May,709938,621218,100,74,2748,4.03
P05922,Elderly Care,Central,Samut Songkhram,May,1191906,1184833,100,75,2394,4.53
P05923,Mental Health,Central,Samut Songkhram,May,769925,617911,100,99,2830,3.9
P05924,Healthy School,Central,Samut Songkhram,May,541372,531349,100,97,851,4.99
P05925,Food Safety,Central,Samut Songkhram,May,557013,491822,100,94,325,4.37
P05926,NCD Prevention,Central,Samut Songkhram,May,846162,769343,100,90,1131,4.85
P05927,Health Data,Central,Samut Songkhram,May,722714,620311,100,63,1716,4.53
P05928,Health Promotion,Central,Samut Songkhram,May,1732167,1356968,100,63,1273,4.8
P05929,Policy Development,Central,Samut Songkhram,May,1158986,1016916,100,62,390,4.14
P05930,Network Strengthening,Central,Samut Songkhram,May,1963757,1768712,100,97,1337,4.21
P05931,Community Health,Central,Samut Songkhram,Jun,1893085,1758294,100,67,312,4.85
P05932,Elderly Care,Central,Samut Songkhram,Jun,1410404,1186768,100,86,2754,3.78
P05933,Mental Health,Central,Samut Songkhram,Jun,1193941,1040127,100,81,2995,3.7
P05934,Healthy School,Central,Samut Songkhram,Jun,1799814,1544607,100,87,2584,4.47
P05935,Food Safety,Central,Samut Songkhram,Jun,1140064,922430,100,64,1241,4.03
P05936,NCD Prevention,Central,Samut Songkhram,Jun,1781077,1615760,100,91,332,3.81
P05937,Health Data,Central,Samut Songkhram,Jun,1892020,1582732,100,76,2975,4.55
P05938,Health Promotion,Central,Samut Songkhram,Jun,527241,403331,100,73,264,4.11
P05939,Policy Development,Central,Samut Songkhram,Jun,527690,435827,100,82,1803,4.95
P05940,Network Strengthening,Central,Samut Songkhram,Jun,1061015,768020,100,95,1640,3.86
P05941,Community Health,Central,Samut Songkhram,Jul,1746526,1403058,100,76,2289,4.25
P05942,Elderly Care,Central,Samut Songkhram,Jul,1874689,1429464,100,71,1347,4.27
P05943,Mental Health,Central,Samut Songkhram,Jul,1204313,876558,100,89,503,3.96
P05944,Healthy School,Central,Samut Songkhram,Jul,1343898,1069792,100,78,997,3.99
P05945,Food Safety,Central,Samut Songkhram,Jul,549378,440187,100,90,1707,3.95
P05946,NCD Prevention,Central,Samut Songkhram,Jul,551654,434355,100,67,2954,4.98
P05947,Health Data,Central,Samut Songkhram,Jul,1458960,1250726,100,79,1156,4.31
P05948,Health Promotion,Central,Samut Songkhram,Jul,1147723,845244,100,63,1065,4.26
P05949,Policy Development,Central,Samut Songkhram,Jul,1226479,890702,100,76,2331,4.34
P05950,Network Strengthening,Central,Samut Songkhram,Jul,831042,588356,100,92,2105,4.7
P05951,Community Health,Central,Samut Songkhram,Aug,1352008,998002,100,71,1160,4.42
P05952,Elderly Care,Central,Samut Songkhram,Aug,1162359,1150199,100,91,2105,4.05
P05953,Mental Health,Central,Samut Songkhram,Aug,1656202,1255063,100,72,1184,4.68
P05954,Healthy School,Central,Samut Songkhram,Aug,1945135,1792673,100,86,1775,4.4
P05955,Food Safety,Central,Samut Songkhram,Aug,599693,576361,100,66,374,3.96
P05956,NCD Prevention,Central,Samut Songkhram,Aug,916381,838360,100,73,1346,4.72
P05957,Health Data,Central,Samut Songkhram,Aug,667605,634032,100,78,649,4.67
P05958,Health Promotion,Central,Samut Songkhram,Aug,565646,515810,100,77,2620,4.35
P05959,Policy Development,Central,Samut Songkhram,Aug,621056,448852,100,85,2951,4.75
P05960,Network Strengthening,Central,Samut Songkhram,Aug,1859646,1824370,100,86,2095,4.24
P05961,Community Health,Central,Samut Songkhram,Sep,564855,547247,100,84,747,4.24
P05962,Elderly Care,Central,Samut Songkhram,Sep,1958830,1905734,100,86,1505,4.94
P05963,Mental Health,Central,Samut Songkhram,Sep,755344,736772,100,71,1621,3.51
P05964,Healthy School,Central,Samut Songkhram,Sep,1638643,1584937,100,74,469,3.79
P05965,Food Safety,Central,Samut Songkhram,Sep,908202,712299,100,76,2556,4.94
P05966,NCD Prevention,Central,Samut Songkhram,Sep,591966,429952,100,77,2495,4.94
P05967,Health Data,Central,Samut Songkhram,Sep,959168,788725,100,76,2754,4.57
P05968,Health Promotion,Central,Samut Songkhram,Sep,849060,839849,100,92,2707,4.72
P05969,Policy Development,Central,Samut Songkhram,Sep,1089049,1047536,100,63,789,3.76
P05970,Network Strengthening,Central,Samut Songkhram,Sep,971127,936906,100,64,2695,4.54
P05971,Community Health,Central,Samut Songkhram,Oct,644411,548179,100,69,2852,3.68
P05972,Elderly Care,Central,Samut Songkhram,Oct,1545689,1493542,100,62,701,3.77
P05973,Mental Health,Central,Samut Songkhram,Oct,1936520,1811629,100,91,1634,4.45
P05974,Healthy School,Central,Samut Songkhram,Oct,918503,669812,100,64,2523,4.3
P05975,Food Safety,Central,Samut Songkhram,Oct,1906767,1604378,100,75,1398,3.79
P05976,NCD Prevention,Central,Samut Songkhram,Oct,1619241,1321040,100,89,1065,4.95
P05977,Health Data,Central,Samut Songkhram,Oct,1182771,1068526,100,89,494,3.95
P05978,Health Promotion,Central,Samut Songkhram,Oct,1752291,1314538,100,63,1085,4.24
P05979,Policy Development,Central,Samut Songkhram,Oct,1006607,960549,100,80,2755,4.22
P05980,Network Strengthening,Central,Samut Songkhram,Oct,1715195,1544782,100,81,2480,4.8
P05981,Community Health,Central,Samut Songkhram,Nov,1221981,983809,100,95,1631,4.0
P05982,Elderly Care,Central,Samut Songkhram,Nov,1313108,1090512,100,65,1062,3.51
P05983,Mental Health,Central,Samut Songkhram,Nov,1710898,1279626,100,89,2973,4.91
P05984,Healthy School,Central,Samut Songkhram,Nov,885093,749928,100,65,691,3.61
P05985,Food Safety,Central,Samut Songkhram,Nov,692722,552035,100,80,458,4.67
P05986,NCD Prevention,Central,Samut Songkhram,Nov,1810411,1521681,100,66,2058,4.33
P05987,Health Data,Central,Samut Songkhram,Nov,1382681,1266137,100,86,2270,3.54
P05988,Health Promotion,Central,Samut Songkhram,Nov,1868228,1567841,100,60,2867,3.91
P05989,Policy Development,Central,Samut Songkhram,Nov,1496305,1189008,100,94,2820,4.17
P05990,Network Strengthening,Central,Samut Songkhram,Nov,1782138,1573992,100,100,1133,4.68
P05991,Community Health,Central,Samut Songkhram,Dec,1972449,1943570,100,72,648,4.88
P05992,Elderly Care,Central,Samut Songkhram,Dec,1546612,1103748,100,81,1958,4.42
P05993,Mental Health,Central,Samut Songkhram,Dec,1623004,1397919,100,93,2141,3.6
P05994,Healthy School,Central,Samut Songkhram,Dec,1652614,1353628,100,67,2902,4.76
P05995,Food Safety,Central,Samut Songkhram,Dec,937211,918806,100,69,1990,4.44
P05996,NCD Prevention,Central,Samut Songkhram,Dec,1796592,1313215,100,97,1431,4.54
P05997,Health Data,Central,Samut Songkhram,Dec,824220,608813,100,67,1361,4.33
P05998,Health Promotion,Central,Samut Songkhram,Dec,1598706,1188256,100,99,2333,3.54
P05999,Policy Development,Central,Samut Songkhram,Dec,1720934,1302416,100,83,950,3.91
P06000,Network Strengthening,Central,Samut Songkhram,Dec,1419210,1295646,100,87,2334,4.95
P06001,Community Health,Central,Samut Sakhon,Jan,1134356,1101752,100,91,2862,3.63
P06002,Elderly Care,Central,Samut Sakhon,Jan,944127,751878,100,94,888,3.66
P06003,Mental Health,Central,Samut Sakhon,Jan,1390948,1175987,100,86,2237,3.73
P06004,Healthy School,Central,Samut Sakhon,Jan,1990434,1533582,100,99,426,3.87
P06005,Food Safety,Central,Samut Sakhon,Jan,1234495,1005139,100,76,1957,3.86
P06006,NCD Prevention,Central,Samut Sakhon,Jan,1163597,1103447,100,75,2779,4.21
P06007,Health Data,Central,Samut Sakhon,Jan,1815479,1583261,100,91,352,4.18
P06008,Health Promotion,Central,Samut Sakhon,Jan,1688581,1447754,100,80,1012,3.8
P06009,Policy Development,Central,Samut Sakhon,Jan,582984,466294,100,77,1111,4.44
P06010,Network Strengthening,Central,Samut Sakhon,Jan,1663486,1460594,100,86,1074,4.23
P06011,Community Health,Central,Samut Sakhon,Feb,954159,754316,100,93,1903,4.02
P06012,Elderly Care,Central,Samut Sakhon,Feb,1065765,798951,100,100,850,4.57
P06013,Mental Health,Central,Samut Sakhon,Feb,672386,532689,100,80,1781,4.15
P06014,Healthy School,Central,Samut Sakhon,Feb,1935801,1721722,100,86,1293,4.55
P06015,Food Safety,Central,Samut Sakhon,Feb,1128131,1011923,100,86,1960,4.44
P06016,NCD Prevention,Central,Samut Sakhon,Feb,1715677,1590451,100,69,1305,4.82
P06017,Health Data,Central,Samut Sakhon,Feb,1904703,1718736,100,68,1761,4.08
P06018,Health Promotion,Central,Samut Sakhon,Feb,1228330,1102071,100,88,1278,4.81
P06019,Policy Development,Central,Samut Sakhon,Feb,506096,449261,100,88,1148,3.92
P06020,Network Strengthening,Central,Samut Sakhon,Feb,916459,811945,100,68,2012,4.25
P06021,Community Health,Central,Samut Sakhon,Mar,1714913,1415672,100,73,338,4.07
P06022,Elderly Care,Central,Samut Sakhon,Mar,821527,677899,100,63,681,3.77
P06023,Mental Health,Central,Samut Sakhon,Mar,1820162,1407503,100,77,2254,4.59
P06024,Healthy School,Central,Samut Sakhon,Mar,760207,672638,100,70,2104,4.81
P06025,Food Safety,Central,Samut Sakhon,Mar,1631432,1366709,100,92,1391,3.78
P06026,NCD Prevention,Central,Samut Sakhon,Mar,1780234,1313599,100,89,306,3.91
P06027,Health Data,Central,Samut Sakhon,Mar,1048939,870723,100,65,340,4.17
P06028,Health Promotion,Central,Samut Sakhon,Mar,1963447,1592426,100,60,1500,3.88
P06029,Policy Development,Central,Samut Sakhon,Mar,1073860,886111,100,81,1183,4.33
P06030,Network Strengthening,Central,Samut Sakhon,Mar,1605121,1419641,100,73,877,3.59
P06031,Community Health,Central,Samut Sakhon,Apr,552980,477694,100,92,2768,3.88
P06032,Elderly Care,Central,Samut Sakhon,Apr,1815418,1737324,100,100,497,3.58
P06033,Mental Health,Central,Samut Sakhon,Apr,1468822,1468381,100,68,367,4.56
P06034,Healthy School,Central,Samut Sakhon,Apr,1818377,1536437,100,84,1182,3.52
P06035,Food Safety,Central,Samut Sakhon,Apr,954883,755958,100,78,2820,3.73
P06036,NCD Prevention,Central,Samut Sakhon,Apr,562957,503485,100,73,1612,3.56
P06037,Health Data,Central,Samut Sakhon,Apr,975148,950342,100,87,534,3.77
P06038,Health Promotion,Central,Samut Sakhon,Apr,1304662,1073913,100,74,789,4.86
P06039,Policy Development,Central,Samut Sakhon,Apr,1995800,1896010,100,60,483,4.15
P06040,Network Strengthening,Central,Samut Sakhon,Apr,892451,830947,100,79,2611,4.25
P06041,Community Health,Central,Samut Sakhon,May,1404377,1016021,100,100,1417,4.95
P06042,Elderly Care,Central,Samut Sakhon,May,531708,420717,100,97,295,3.51
P06043,Mental Health,Central,Samut Sakhon,May,1294576,1062909,100,94,523,3.61
P06044,Healthy School,Central,Samut Sakhon,May,816458,672344,100,63,1478,4.29
P06045,Food Safety,Central,Samut Sakhon,May,931041,653399,100,98,2964,4.21
P06046,NCD Prevention,Central,Samut Sakhon,May,1200076,843724,100,85,562,4.9
P06047,Health Data,Central,Samut Sakhon,May,1147262,1087758,100,65,2124,4.83
P06048,Health Promotion,Central,Samut Sakhon,May,1869963,1830036,100,69,1018,4.67
P06049,Policy Development,Central,Samut Sakhon,May,1533544,1117825,100,96,2191,4.32
P06050,Network Strengthening,Central,Samut Sakhon,May,981906,939256,100,82,587,3.51
P06051,Community Health,Central,Samut Sakhon,Jun,1757775,1377578,100,63,737,4.3
P06052,Elderly Care,Central,Samut Sakhon,Jun,1096690,774907,100,100,2274,3.74
P06053,Mental Health,Central,Samut Sakhon,Jun,905833,798899,100,78,2384,3.94
P06054,Healthy School,Central,Samut Sakhon,Jun,514403,373666,100,91,250,3.54
P06055,Food Safety,Central,Samut Sakhon,Jun,874397,753465,100,85,1058,3.61
P06056,NCD Prevention,Central,Samut Sakhon,Jun,658160,472331,100,90,1198,4.36
P06057,Health Data,Central,Samut Sakhon,Jun,1732647,1399151,100,61,1855,4.48
P06058,Health Promotion,Central,Samut Sakhon,Jun,1746441,1271601,100,70,1069,4.27
P06059,Policy Development,Central,Samut Sakhon,Jun,1549136,1448607,100,87,1400,4.77
P06060,Network Strengthening,Central,Samut Sakhon,Jun,1975463,1513015,100,76,313,4.42
P06061,Community Health,Central,Samut Sakhon,Jul,900063,777521,100,76,1709,3.76
P06062,Elderly Care,Central,Samut Sakhon,Jul,1374763,991713,100,99,1786,3.73
P06063,Mental Health,Central,Samut Sakhon,Jul,1500473,1308490,100,63,2089,4.46
P06064,Healthy School,Central,Samut Sakhon,Jul,657651,521714,100,86,1997,4.25
P06065,Food Safety,Central,Samut Sakhon,Jul,1398859,1347380,100,95,2570,3.68
P06066,NCD Prevention,Central,Samut Sakhon,Jul,1606330,1548801,100,60,809,4.73
P06067,Health Data,Central,Samut Sakhon,Jul,1175128,895019,100,73,1863,4.12
P06068,Health Promotion,Central,Samut Sakhon,Jul,1314704,1211382,100,100,1297,4.02
P06069,Policy Development,Central,Samut Sakhon,Jul,1440131,1175370,100,95,1360,4.75
P06070,Network Strengthening,Central,Samut Sakhon,Jul,1861809,1600532,100,76,2492,4.22
P06071,Community Health,Central,Samut Sakhon,Aug,772360,730860,100,78,2672,4.04
P06072,Elderly Care,Central,Samut Sakhon,Aug,1761736,1565512,100,64,1579,4.92
P06073,Mental Health,Central,Samut Sakhon,Aug,529183,508438,100,100,2957,4.36
P06074,Healthy School,Central,Samut Sakhon,Aug,690196,645055,100,99,1674,4.63
P06075,Food Safety,Central,Samut Sakhon,Aug,1023366,821719,100,93,1803,3.67
P06076,NCD Prevention,Central,Samut Sakhon,Aug,639855,630281,100,73,1172,4.98
P06077,Health Data,Central,Samut Sakhon,Aug,1325329,1248684,100,87,323,4.97
P06078,Health Promotion,Central,Samut Sakhon,Aug,864646,647162,100,99,1239,4.73
P06079,Policy Development,Central,Samut Sakhon,Aug,916378,769590,100,82,375,4.53
P06080,Network Strengthening,Central,Samut Sakhon,Aug,814045,681515,100,85,557,4.59
P06081,Community Health,Central,Samut Sakhon,Sep,1020600,821885,100,85,2036,4.46
P06082,Elderly Care,Central,Samut Sakhon,Sep,1743267,1591720,100,95,1352,4.1
P06083,Mental Health,Central,Samut Sakhon,Sep,909542,857711,100,99,2134,4.52
P06084,Healthy School,Central,Samut Sakhon,Sep,1123365,889319,100,88,2724,3.7
P06085,Food Safety,Central,Samut Sakhon,Sep,757191,752409,100,87,1332,4.46
P06086,NCD Prevention,Central,Samut Sakhon,Sep,1624878,1490187,100,91,855,4.69
P06087,Health Data,Central,Samut Sakhon,Sep,1817500,1577614,100,67,2155,4.0
P06088,Health Promotion,Central,Samut Sakhon,Sep,1014363,844750,100,75,930,4.9
P06089,Policy Development,Central,Samut Sakhon,Sep,1368451,1092944,100,70,275,3.5
P06090,Network Strengthening,Central,Samut Sakhon,Sep,1191876,1051472,100,87,2517,3.97
P06091,Community Health,Central,Samut Sakhon,Oct,1871732,1736791,100,73,1954,4.42
P06092,Elderly Care,Central,Samut Sakhon,Oct,1913565,1642757,100,80,501,3.72
P06093,Mental Health,Central,Samut Sakhon,Oct,1718310,1568757,100,74,2680,4.99
P06094,Healthy School,Central,Samut Sakhon,Oct,1156906,965198,100,60,739,4.27
P06095,Food Safety,Central,Samut Sakhon,Oct,774523,736881,100,96,823,4.48
P06096,NCD Prevention,Central,Samut Sakhon,Oct,619052,579828,100,94,1883,4.3
P06097,Health Data,Central,Samut Sakhon,Oct,1874234,1655038,100,60,1787,4.21
P06098,Health Promotion,Central,Samut Sakhon,Oct,1979459,1752836,100,88,537,4.79
P06099,Policy Development,Central,Samut Sakhon,Oct,1764794,1688743,100,64,2126,4.28
P06100,Network Strengthening,Central,Samut Sakhon,Oct,859949,665363,100,98,936,3.96
P06101,Community Health,Central,Samut Sakhon,Nov,1111816,822353,100,97,1927,4.04
P06102,Elderly Care,Central,Samut Sakhon,Nov,1155683,1087744,100,72,559,3.64
P06103,Mental Health,Central,Samut Sakhon,Nov,1130273,804894,100,61,2422,4.91
P06104,Healthy School,Central,Samut Sakhon,Nov,650044,502586,100,97,2075,4.42
P06105,Food Safety,Central,Samut Sakhon,Nov,1302060,1187164,100,77,2741,3.99
P06106,NCD Prevention,Central,Samut Sakhon,Nov,1065805,902889,100,66,1902,4.97
P06107,Health Data,Central,Samut Sakhon,Nov,1978162,1553203,100,88,550,4.04
P06108,Health Promotion,Central,Samut Sakhon,Nov,1563592,1436772,100,80,339,4.46
P06109,Policy Development,Central,Samut Sakhon,Nov,1048757,913099,100,79,2890,3.52
P06110,Network Strengthening,Central,Samut Sakhon,Nov,1716933,1356555,100,60,1755,4.91
P06111,Community Health,Central,Samut Sakhon,Dec,859984,787681,100,66,1832,4.81
P06112,Elderly Care,Central,Samut Sakhon,Dec,1265769,994828,100,63,2185,4.41
P06113,Mental Health,Central,Samut Sakhon,Dec,1151733,1003903,100,62,2523,4.4
P06114,Healthy School,Central,Samut Sakhon,Dec,1726079,1447363,100,87,382,4.63
P06115,Food Safety,Central,Samut Sakhon,Dec,1134343,806262,100,63,2348,4.73
P06116,NCD Prevention,Central,Samut Sakhon,Dec,823484,737578,100,90,1698,4.05
P06117,Health Data,Central,Samut Sakhon,Dec,1072858,775869,100,60,1114,4.13
P06118,Health Promotion,Central,Samut Sakhon,Dec,785748,554555,100,66,1661,4.66
P06119,Policy Development,Central,Samut Sakhon,Dec,1105743,899598,100,98,2588,3.55
P06120,Network Strengthening,Central,Samut Sakhon,Dec,1948393,1414615,100,76,2059,4.29
P06121,Community Health,Central,Kanchanaburi,Jan,1839662,1788823,100,92,1204,4.34
P06122,Elderly Care,Central,Kanchanaburi,Jan,625478,466992,100,73,2168,4.78
P06123,Mental Health,Central,Kanchanaburi,Jan,1197678,1174558,100,63,1403,4.97
P06124,Healthy School,Central,Kanchanaburi,Jan,1546975,1382534,100,73,1039,3.82
P06125,Food Safety,Central,Kanchanaburi,Jan,1627362,1145113,100,81,2741,4.0
P06126,NCD Prevention,Central,Kanchanaburi,Jan,1952281,1470462,100,81,1779,3.97
P06127,Health Data,Central,Kanchanaburi,Jan,1256952,1250266,100,95,2257,4.91
P06128,Health Promotion,Central,Kanchanaburi,Jan,1543848,1241162,100,95,956,3.7
P06129,Policy Development,Central,Kanchanaburi,Jan,1920080,1867939,100,65,1987,4.52
P06130,Network Strengthening,Central,Kanchanaburi,Jan,821206,673015,100,92,2974,4.89
P06131,Community Health,Central,Kanchanaburi,Feb,683293,616040,100,73,2598,4.72
P06132,Elderly Care,Central,Kanchanaburi,Feb,1260304,1013756,100,81,1343,3.54
P06133,Mental Health,Central,Kanchanaburi,Feb,683565,599859,100,62,1117,4.55
P06134,Healthy School,Central,Kanchanaburi,Feb,1510176,1245962,100,88,1384,4.04
P06135,Food Safety,Central,Kanchanaburi,Feb,1620427,1222253,100,89,1173,4.81
P06136,NCD Prevention,Central,Kanchanaburi,Feb,633489,472812,100,63,199,3.64
P06137,Health Data,Central,Kanchanaburi,Feb,1276440,1031900,100,62,2536,4.81
P06138,Health Promotion,Central,Kanchanaburi,Feb,1298069,1238711,100,67,966,4.73
P06139,Policy Development,Central,Kanchanaburi,Feb,522565,483478,100,68,734,4.88
P06140,Network Strengthening,Central,Kanchanaburi,Feb,1598218,1289511,100,91,2785,4.27
P06141,Community Health,Central,Kanchanaburi,Mar,631971,456029,100,93,2380,4.31
P06142,Elderly Care,Central,Kanchanaburi,Mar,1087002,764267,100,66,2383,4.88
P06143,Mental Health,Central,Kanchanaburi,Mar,560290,460447,100,86,1273,4.2
P06144,Healthy School,Central,Kanchanaburi,Mar,907397,712170,100,66,434,4.37
P06145,Food Safety,Central,Kanchanaburi,Mar,1307395,1236735,100,98,1098,3.99
P06146,NCD Prevention,Central,Kanchanaburi,Mar,628502,441354,100,72,2658,4.64
P06147,Health Data,Central,Kanchanaburi,Mar,663867,628457,100,73,2184,3.99
P06148,Health Promotion,Central,Kanchanaburi,Mar,1857573,1445327,100,68,2496,4.47
P06149,Policy Development,Central,Kanchanaburi,Mar,1425878,1266288,100,72,1283,4.85
P06150,Network Strengthening,Central,Kanchanaburi,Mar,1042358,937365,100,97,2844,3.54
P06151,Community Health,Central,Kanchanaburi,Apr,723957,696106,100,78,897,4.81
P06152,Elderly Care,Central,Kanchanaburi,Apr,1713150,1498428,100,78,2207,3.97
P06153,Mental Health,Central,Kanchanaburi,Apr,1597227,1444217,100,70,1076,3.9
P06154,Healthy School,Central,Kanchanaburi,Apr,856813,757840,100,77,2431,3.65
P06155,Food Safety,Central,Kanchanaburi,Apr,1337141,1184466,100,84,203,4.58
P06156,NCD Prevention,Central,Kanchanaburi,Apr,1978080,1765070,100,88,990,3.86
P06157,Health Data,Central,Kanchanaburi,Apr,982733,777388,100,68,760,4.04
P06158,Health Promotion,Central,Kanchanaburi,Apr,817383,634894,100,68,2542,4.13
P06159,Policy Development,Central,Kanchanaburi,Apr,1002986,973437,100,67,1749,4.66
P06160,Network Strengthening,Central,Kanchanaburi,Apr,1111199,1069866,100,70,2746,4.27
P06161,Community Health,Central,Kanchanaburi,May,1888475,1540825,100,84,960,4.81
P06162,Elderly Care,Central,Kanchanaburi,May,1898722,1346478,100,75,1891,4.14
P06163,Mental Health,Central,Kanchanaburi,May,1566463,1277206,100,81,2519,3.61
P06164,Healthy School,Central,Kanchanaburi,May,1405742,1076529,100,90,1535,3.82
P06165,Food Safety,Central,Kanchanaburi,May,1016751,937393,100,81,1516,4.39
P06166,NCD Prevention,Central,Kanchanaburi,May,1636506,1568702,100,69,2457,3.57
P06167,Health Data,Central,Kanchanaburi,May,722280,631294,100,75,855,3.62
P06168,Health Promotion,Central,Kanchanaburi,May,642698,475032,100,76,356,4.23
P06169,Policy Development,Central,Kanchanaburi,May,1310274,1128678,100,98,968,3.51
P06170,Network Strengthening,Central,Kanchanaburi,May,1493654,1268555,100,61,2249,4.29
P06171,Community Health,Central,Kanchanaburi,Jun,1158116,1140330,100,74,1150,4.16
P06172,Elderly Care,Central,Kanchanaburi,Jun,1920879,1717395,100,63,721,4.03
P06173,Mental Health,Central,Kanchanaburi,Jun,866909,772740,100,72,2304,4.52
P06174,Healthy School,Central,Kanchanaburi,Jun,806814,730098,100,72,947,4.66
P06175,Food Safety,Central,Kanchanaburi,Jun,611227,493352,100,90,1641,3.99
P06176,NCD Prevention,Central,Kanchanaburi,Jun,1136214,835381,100,81,1830,4.01
P06177,Health Data,Central,Kanchanaburi,Jun,807786,694877,100,62,1136,4.0
P06178,Health Promotion,Central,Kanchanaburi,Jun,794739,793792,100,90,2588,4.88
P06179,Policy Development,Central,Kanchanaburi,Jun,1208880,1102464,100,73,1895,4.78
P06180,Network Strengthening,Central,Kanchanaburi,Jun,816139,574181,100,83,1677,4.16
P06181,Community Health,Central,Kanchanaburi,Jul,1607040,1209343,100,100,2979,4.95
P06182,Elderly Care,Central,Kanchanaburi,Jul,583761,535846,100,88,180,4.66
P06183,Mental Health,Central,Kanchanaburi,Jul,777606,548574,100,85,504,3.56
P06184,Healthy School,Central,Kanchanaburi,Jul,667570,497006,100,66,781,3.67
P06185,Food Safety,Central,Kanchanaburi,Jul,1674149,1622197,100,98,1229,3.92
P06186,NCD Prevention,Central,Kanchanaburi,Jul,1015307,754696,100,83,2582,4.88
P06187,Health Data,Central,Kanchanaburi,Jul,1924893,1853572,100,94,2972,3.55
P06188,Health Promotion,Central,Kanchanaburi,Jul,1855373,1322417,100,75,1838,4.9
P06189,Policy Development,Central,Kanchanaburi,Jul,1636367,1399629,100,68,2280,4.16
P06190,Network Strengthening,Central,Kanchanaburi,Jul,1371959,1231209,100,96,2223,3.9
P06191,Community Health,Central,Kanchanaburi,Aug,1123313,920522,100,86,1282,4.02
P06192,Elderly Care,Central,Kanchanaburi,Aug,1379556,1117625,100,65,1169,4.4
P06193,Mental Health,Central,Kanchanaburi,Aug,1259998,1096272,100,95,1517,3.95
P06194,Healthy School,Central,Kanchanaburi,Aug,1320317,1250141,100,64,1685,4.4
P06195,Food Safety,Central,Kanchanaburi,Aug,594194,494697,100,70,1094,4.86
P06196,NCD Prevention,Central,Kanchanaburi,Aug,1953976,1685063,100,78,2887,3.59
P06197,Health Data,Central,Kanchanaburi,Aug,1449086,1133307,100,64,2642,4.81
P06198,Health Promotion,Central,Kanchanaburi,Aug,985902,899151,100,75,651,4.22
P06199,Policy Development,Central,Kanchanaburi,Aug,693273,661532,100,84,555,4.83
P06200,Network Strengthening,Central,Kanchanaburi,Aug,1026808,791999,100,80,2984,4.89
P06201,Community Health,Central,Kanchanaburi,Sep,1693799,1267592,100,60,312,4.08
P06202,Elderly Care,Central,Kanchanaburi,Sep,1486445,1279553,100,84,1949,4.6
P06203,Mental Health,Central,Kanchanaburi,Sep,1022072,915208,100,98,168,4.21
P06204,Healthy School,Central,Kanchanaburi,Sep,934615,821839,100,65,797,4.29
P06205,Food Safety,Central,Kanchanaburi,Sep,1231058,1088428,100,79,874,4.92
P06206,NCD Prevention,Central,Kanchanaburi,Sep,1679805,1176088,100,99,582,3.64
P06207,Health Data,Central,Kanchanaburi,Sep,1113727,856435,100,95,2046,4.8
P06208,Health Promotion,Central,Kanchanaburi,Sep,1802627,1626696,100,71,1750,4.62
P06209,Policy Development,Central,Kanchanaburi,Sep,1862959,1342821,100,78,2004,4.64
P06210,Network Strengthening,Central,Kanchanaburi,Sep,656928,625059,100,70,1316,4.98
P06211,Community Health,Central,Kanchanaburi,Oct,1851811,1665884,100,74,2053,4.36
P06212,Elderly Care,Central,Kanchanaburi,Oct,1269904,1081033,100,95,804,4.43
P06213,Mental Health,Central,Kanchanaburi,Oct,1970087,1594246,100,67,689,4.44
P06214,Healthy School,Central,Kanchanaburi,Oct,1998908,1748430,100,70,396,4.08
P06215,Food Safety,Central,Kanchanaburi,Oct,1428484,1406160,100,85,909,3.76
P06216,NCD Prevention,Central,Kanchanaburi,Oct,1631835,1517392,100,73,2009,4.65
P06217,Health Data,Central,Kanchanaburi,Oct,1704477,1651840,100,84,502,4.2
P06218,Health Promotion,Central,Kanchanaburi,Oct,529678,522867,100,66,1102,3.98
P06219,Policy Development,Central,Kanchanaburi,Oct,1535185,1428624,100,75,2603,3.61
P06220,Network Strengthening,Central,Kanchanaburi,Oct,1766731,1340367,100,80,1028,4.66
P06221,Community Health,Central,Kanchanaburi,Nov,1932739,1603740,100,67,1969,3.7
P06222,Elderly Care,Central,Kanchanaburi,Nov,715921,545426,100,99,2537,4.13
P06223,Mental Health,Central,Kanchanaburi,Nov,1477539,1342274,100,86,584,3.78
P06224,Healthy School,Central,Kanchanaburi,Nov,797913,559325,100,62,1879,4.42
P06225,Food Safety,Central,Kanchanaburi,Nov,1355282,1291409,100,74,2498,3.58
P06226,NCD Prevention,Central,Kanchanaburi,Nov,1334253,1254814,100,90,1442,4.39
P06227,Health Data,Central,Kanchanaburi,Nov,1610338,1449059,100,79,1964,3.83
P06228,Health Promotion,Central,Kanchanaburi,Nov,1095809,807469,100,94,1877,4.03
P06229,Policy Development,Central,Kanchanaburi,Nov,1893479,1823041,100,81,2029,4.23
P06230,Network Strengthening,Central,Kanchanaburi,Nov,1451382,1300180,100,67,1937,4.28
P06231,Community Health,Central,Kanchanaburi,Dec,795585,593805,100,97,2278,4.67
P06232,Elderly Care,Central,Kanchanaburi,Dec,895381,852688,100,85,2751,3.85
P06233,Mental Health,Central,Kanchanaburi,Dec,1172841,907235,100,90,1876,4.77
P06234,Healthy School,Central,Kanchanaburi,Dec,1731305,1307914,100,97,2828,4.3
P06235,Food Safety,Central,Kanchanaburi,Dec,945164,893698,100,69,749,4.84
P06236,NCD Prevention,Central,Kanchanaburi,Dec,925546,875724,100,92,1528,3.76
P06237,Health Data,Central,Kanchanaburi,Dec,1690017,1301533,100,96,1029,4.03
P06238,Health Promotion,Central,Kanchanaburi,Dec,1841039,1815835,100,63,633,4.57
P06239,Policy Development,Central,Kanchanaburi,Dec,1162063,1098112,100,93,325,4.87
P06240,Network Strengthening,Central,Kanchanaburi,Dec,1247966,1029141,100,75,1104,4.88
P06241,Community Health,Central,Ratchaburi,Jan,562600,463814,100,91,1076,4.26
P06242,Elderly Care,Central,Ratchaburi,Jan,1814403,1284078,100,85,621,4.36
P06243,Mental Health,Central,Ratchaburi,Jan,1813883,1458193,100,90,2465,3.91
P06244,Healthy School,Central,Ratchaburi,Jan,1658007,1655104,100,72,2549,3.7
P06245,Food Safety,Central,Ratchaburi,Jan,1394959,1386555,100,63,2274,4.56
P06246,NCD Prevention,Central,Ratchaburi,Jan,1125381,1029978,100,91,1471,4.81
P06247,Health Data,Central,Ratchaburi,Jan,672951,660337,100,92,2855,4.16
P06248,Health Promotion,Central,Ratchaburi,Jan,1867504,1612514,100,73,1202,3.56
P06249,Policy Development,Central,Ratchaburi,Jan,1269003,923882,100,61,1118,3.56
P06250,Network Strengthening,Central,Ratchaburi,Jan,1546451,1363639,100,87,841,3.51
P06251,Community Health,Central,Ratchaburi,Feb,700397,696718,100,85,234,4.63
P06252,Elderly Care,Central,Ratchaburi,Feb,1706694,1688058,100,62,2865,3.9
P06253,Mental Health,Central,Ratchaburi,Feb,1582556,1402340,100,90,2529,3.58
P06254,Healthy School,Central,Ratchaburi,Feb,521611,520097,100,99,1259,4.49
P06255,Food Safety,Central,Ratchaburi,Feb,1380322,1135274,100,61,1690,4.75
P06256,NCD Prevention,Central,Ratchaburi,Feb,770601,584118,100,63,2053,3.78
P06257,Health Data,Central,Ratchaburi,Feb,651368,615813,100,86,2839,4.3
P06258,Health Promotion,Central,Ratchaburi,Feb,723274,613749,100,68,802,4.94
P06259,Policy Development,Central,Ratchaburi,Feb,875684,729896,100,64,2774,3.73
P06260,Network Strengthening,Central,Ratchaburi,Feb,796271,752556,100,93,2613,4.02
P06261,Community Health,Central,Ratchaburi,Mar,949490,919623,100,82,1378,3.98
P06262,Elderly Care,Central,Ratchaburi,Mar,992705,969389,100,72,2863,3.64
P06263,Mental Health,Central,Ratchaburi,Mar,905292,897648,100,64,1958,4.24
P06264,Healthy School,Central,Ratchaburi,Mar,858938,742014,100,86,2118,3.86
P06265,Food Safety,Central,Ratchaburi,Mar,1530876,1183459,100,68,1189,3.79
P06266,NCD Prevention,Central,Ratchaburi,Mar,750462,658546,100,85,996,3.51
P06267,Health Data,Central,Ratchaburi,Mar,726324,621735,100,95,1024,4.1
P06268,Health Promotion,Central,Ratchaburi,Mar,1078623,760467,100,87,2023,4.51
P06269,Policy Development,Central,Ratchaburi,Mar,573380,510536,100,82,2845,4.98
P06270,Network Strengthening,Central,Ratchaburi,Mar,1619225,1170286,100,96,1707,4.59
P06271,Community Health,Central,Ratchaburi,Apr,1507731,1498005,100,97,2180,4.32
P06272,Elderly Care,Central,Ratchaburi,Apr,1577303,1428994,100,84,1642,4.96
P06273,Mental Health,Central,Ratchaburi,Apr,1058219,766182,100,68,1264,3.8
P06274,Healthy School,Central,Ratchaburi,Apr,1940300,1919513,100,95,249,4.06
P06275,Food Safety,Central,Ratchaburi,Apr,1913373,1838688,100,74,513,4.82
P06276,NCD Prevention,Central,Ratchaburi,Apr,1480658,1142496,100,69,2121,3.86
P06277,Health Data,Central,Ratchaburi,Apr,719442,590101,100,74,2352,4.82
P06278,Health Promotion,Central,Ratchaburi,Apr,588706,436847,100,96,2549,4.17
P06279,Policy Development,Central,Ratchaburi,Apr,1570268,1444653,100,64,1183,4.49
P06280,Network Strengthening,Central,Ratchaburi,Apr,888899,751652,100,87,2152,4.07
P06281,Community Health,Central,Ratchaburi,May,1012360,860235,100,85,807,4.14
P06282,Elderly Care,Central,Ratchaburi,May,1092379,905740,100,79,2045,4.39
P06283,Mental Health,Central,Ratchaburi,May,753020,556908,100,60,1713,3.69
P06284,Healthy School,Central,Ratchaburi,May,647054,636706,100,94,558,3.63
P06285,Food Safety,Central,Ratchaburi,May,1811767,1611155,100,97,1193,4.17
P06286,NCD Prevention,Central,Ratchaburi,May,1148834,952852,100,96,1983,3.6
P06287,Health Data,Central,Ratchaburi,May,1734395,1604493,100,72,548,4.92
P06288,Health Promotion,Central,Ratchaburi,May,1112847,942359,100,74,1784,4.47
P06289,Policy Development,Central,Ratchaburi,May,1602078,1136504,100,91,1614,4.08
P06290,Network Strengthening,Central,Ratchaburi,May,1937947,1592802,100,85,1068,3.55
P06291,Community Health,Central,Ratchaburi,Jun,870627,775854,100,91,282,3.99
P06292,Elderly Care,Central,Ratchaburi,Jun,1386957,1312135,100,99,2609,3.6
P06293,Mental Health,Central,Ratchaburi,Jun,800236,601521,100,76,444,3.59
P06294,Healthy School,Central,Ratchaburi,Jun,1932295,1722447,100,86,2611,3.51
P06295,Food Safety,Central,Ratchaburi,Jun,1326457,1099604,100,86,1820,4.35
P06296,NCD Prevention,Central,Ratchaburi,Jun,569864,434660,100,79,419,4.52
P06297,Health Data,Central,Ratchaburi,Jun,1945965,1442317,100,82,2288,4.68
P06298,Health Promotion,Central,Ratchaburi,Jun,1441179,1212461,100,68,1126,4.31
P06299,Policy Development,Central,Ratchaburi,Jun,746882,565772,100,71,1449,4.94
P06300,Network Strengthening,Central,Ratchaburi,Jun,627476,508815,100,89,2888,3.65
P06301,Community Health,Central,Ratchaburi,Jul,1082287,806521,100,79,340,3.64
P06302,Elderly Care,Central,Ratchaburi,Jul,1773277,1571423,100,73,2647,4.08
P06303,Mental Health,Central,Ratchaburi,Jul,1247688,897271,100,66,2064,4.91
P06304,Healthy School,Central,Ratchaburi,Jul,935115,922267,100,61,1007,4.81
P06305,Food Safety,Central,Ratchaburi,Jul,1097348,960129,100,90,2286,3.73
P06306,NCD Prevention,Central,Ratchaburi,Jul,1179210,1059038,100,99,969,4.58
P06307,Health Data,Central,Ratchaburi,Jul,1912898,1775072,100,94,1856,4.73
P06308,Health Promotion,Central,Ratchaburi,Jul,821761,726862,100,90,2307,3.68
P06309,Policy Development,Central,Ratchaburi,Jul,1572065,1423913,100,63,804,4.02
P06310,Network Strengthening,Central,Ratchaburi,Jul,686288,668790,100,89,2136,4.01
P06311,Community Health,Central,Ratchaburi,Aug,778452,706696,100,67,554,4.12
P06312,Elderly Care,Central,Ratchaburi,Aug,1402677,1182000,100,67,1685,4.27
P06313,Mental Health,Central,Ratchaburi,Aug,727260,511166,100,66,468,3.67
P06314,Healthy School,Central,Ratchaburi,Aug,658311,504702,100,89,2798,4.36
P06315,Food Safety,Central,Ratchaburi,Aug,538734,414236,100,83,1234,3.58
P06316,NCD Prevention,Central,Ratchaburi,Aug,1377284,1051707,100,62,1149,4.18
P06317,Health Data,Central,Ratchaburi,Aug,1574331,1379616,100,89,346,4.83
P06318,Health Promotion,Central,Ratchaburi,Aug,1722546,1327120,100,81,1545,4.14
P06319,Policy Development,Central,Ratchaburi,Aug,1468654,1229329,100,73,2105,3.79
P06320,Network Strengthening,Central,Ratchaburi,Aug,1074031,1054615,100,87,1768,4.44
P06321,Community Health,Central,Ratchaburi,Sep,1951890,1573963,100,83,1063,4.23
P06322,Elderly Care,Central,Ratchaburi,Sep,1969905,1660634,100,90,373,4.29
P06323,Mental Health,Central,Ratchaburi,Sep,921162,815630,100,85,2785,4.15
P06324,Healthy School,Central,Ratchaburi,Sep,1250941,1203343,100,86,189,4.62
P06325,Food Safety,Central,Ratchaburi,Sep,869282,841859,100,81,1555,4.75
P06326,NCD Prevention,Central,Ratchaburi,Sep,1773027,1584068,100,89,407,4.87
P06327,Health Data,Central,Ratchaburi,Sep,1690636,1355962,100,88,416,3.97
P06328,Health Promotion,Central,Ratchaburi,Sep,949734,849132,100,91,1222,4.0
P06329,Policy Development,Central,Ratchaburi,Sep,1381995,1164634,100,74,2414,4.67
P06330,Network Strengthening,Central,Ratchaburi,Sep,1237807,1147550,100,67,1462,3.53
P06331,Community Health,Central,Ratchaburi,Oct,656121,654129,100,60,653,3.66
P06332,Elderly Care,Central,Ratchaburi,Oct,643665,454393,100,70,890,4.31
P06333,Mental Health,Central,Ratchaburi,Oct,1012308,709522,100,62,2405,4.12
P06334,Healthy School,Central,Ratchaburi,Oct,712329,523656,100,78,1406,4.58
P06335,Food Safety,Central,Ratchaburi,Oct,1768943,1358340,100,77,537,4.34
P06336,NCD Prevention,Central,Ratchaburi,Oct,1697326,1250872,100,70,2309,3.6
P06337,Health Data,Central,Ratchaburi,Oct,751535,716473,100,79,1554,4.39
P06338,Health Promotion,Central,Ratchaburi,Oct,1470752,1450809,100,65,1408,4.72
P06339,Policy Development,Central,Ratchaburi,Oct,841953,766806,100,84,548,4.44
P06340,Network Strengthening,Central,Ratchaburi,Oct,509099,477932,100,89,1380,3.99
P06341,Community Health,Central,Ratchaburi,Nov,1219998,1071557,100,62,658,3.98
P06342,Elderly Care,Central,Ratchaburi,Nov,1762481,1294398,100,93,2014,4.03
P06343,Mental Health,Central,Ratchaburi,Nov,1768155,1544786,100,61,2908,4.89
P06344,Healthy School,Central,Ratchaburi,Nov,913948,869049,100,97,2751,3.71
P06345,Food Safety,Central,Ratchaburi,Nov,1102836,939792,100,69,407,4.56
P06346,NCD Prevention,Central,Ratchaburi,Nov,1296315,1167299,100,94,589,5.0
P06347,Health Data,Central,Ratchaburi,Nov,1164808,999494,100,92,853,3.87
P06348,Health Promotion,Central,Ratchaburi,Nov,1423086,1191255,100,71,727,4.21
P06349,Policy Development,Central,Ratchaburi,Nov,1565638,1359410,100,69,1123,3.67
P06350,Network Strengthening,Central,Ratchaburi,Nov,1461567,1053682,100,88,2140,4.78
P06351,Community Health,Central,Ratchaburi,Dec,848559,801166,100,67,525,3.52
P06352,Elderly Care,Central,Ratchaburi,Dec,1434841,1309447,100,94,382,3.9
P06353,Mental Health,Central,Ratchaburi,Dec,1245636,1238214,100,71,2481,4.02
P06354,Healthy School,Central,Ratchaburi,Dec,576168,503541,100,72,400,3.82
P06355,Food Safety,Central,Ratchaburi,Dec,1492856,1117846,100,63,935,4.97
P06356,NCD Prevention,Central,Ratchaburi,Dec,1958376,1527116,100,69,1896,4.48
P06357,Health Data,Central,Ratchaburi,Dec,1071601,769019,100,76,235,4.29
P06358,Health Promotion,Central,Ratchaburi,Dec,540652,435151,100,82,402,4.14
P06359,Policy Development,Central,Ratchaburi,Dec,1135069,1031790,100,78,1098,3.88
P06360,Network Strengthening,Central,Ratchaburi,Dec,1075076,759396,100,72,1659,4.72
P06361,Community Health,Central,Phetchaburi,Jan,590771,432611,100,79,2974,3.52
P06362,Elderly Care,Central,Phetchaburi,Jan,1110813,1053330,100,92,1139,3.93
P06363,Mental Health,Central,Phetchaburi,Jan,669076,472175,100,70,1395,4.67
P06364,Healthy School,Central,Phetchaburi,Jan,633460,630282,100,68,2107,4.2
P06365,Food Safety,Central,Phetchaburi,Jan,1825303,1541177,100,68,270,4.89
P06366,NCD Prevention,Central,Phetchaburi,Jan,968512,963499,100,64,2283,4.07
P06367,Health Data,Central,Phetchaburi,Jan,1106742,992577,100,87,504,4.53
P06368,Health Promotion,Central,Phetchaburi,Jan,680990,484243,100,89,2043,3.76
P06369,Policy Development,Central,Phetchaburi,Jan,532119,428689,100,100,897,4.46
P06370,Network Strengthening,Central,Phetchaburi,Jan,1318291,1179188,100,92,1567,3.59
P06371,Community Health,Central,Phetchaburi,Feb,779993,712383,100,83,2941,4.16
P06372,Elderly Care,Central,Phetchaburi,Feb,545632,448552,100,89,1267,4.2
P06373,Mental Health,Central,Phetchaburi,Feb,1895955,1492554,100,85,240,4.32
P06374,Healthy School,Central,Phetchaburi,Feb,1909229,1570466,100,93,920,4.43
P06375,Food Safety,Central,Phetchaburi,Feb,1035043,807147,100,97,1169,3.67
P06376,NCD Prevention,Central,Phetchaburi,Feb,1858474,1739180,100,87,1297,4.95
P06377,Health Data,Central,Phetchaburi,Feb,1739137,1441754,100,84,1031,4.91
P06378,Health Promotion,Central,Phetchaburi,Feb,1882718,1355959,100,83,2675,3.66
P06379,Policy Development,Central,Phetchaburi,Feb,558633,557324,100,89,1945,4.57
P06380,Network Strengthening,Central,Phetchaburi,Feb,869860,798682,100,87,2877,4.92
P06381,Community Health,Central,Phetchaburi,Mar,639106,624578,100,76,1596,3.87
P06382,Elderly Care,Central,Phetchaburi,Mar,1483483,1155548,100,78,2419,4.11
P06383,Mental Health,Central,Phetchaburi,Mar,1323765,945701,100,64,1944,3.78
P06384,Healthy School,Central,Phetchaburi,Mar,1539223,1252478,100,79,2244,4.52
P06385,Food Safety,Central,Phetchaburi,Mar,1448010,1297378,100,74,2176,3.71
P06386,NCD Prevention,Central,Phetchaburi,Mar,1662685,1492450,100,61,241,4.43
P06387,Health Data,Central,Phetchaburi,Mar,1291192,951822,100,86,1463,3.94
P06388,Health Promotion,Central,Phetchaburi,Mar,1377677,1066115,100,90,2077,3.91
P06389,Policy Development,Central,Phetchaburi,Mar,1083539,1000530,100,71,1633,4.95
P06390,Network Strengthening,Central,Phetchaburi,Mar,1812830,1454876,100,76,1574,3.74
P06391,Community Health,Central,Phetchaburi,Apr,1249189,925810,100,91,2197,4.14
P06392,Elderly Care,Central,Phetchaburi,Apr,875347,749137,100,92,1434,3.59
P06393,Mental Health,Central,Phetchaburi,Apr,1982265,1896587,100,83,1318,4.2
P06394,Healthy School,Central,Phetchaburi,Apr,764660,743885,100,77,2382,4.46
P06395,Food Safety,Central,Phetchaburi,Apr,859066,777370,100,97,244,4.58
P06396,NCD Prevention,Central,Phetchaburi,Apr,1828055,1702231,100,64,839,4.94
P06397,Health Data,Central,Phetchaburi,Apr,1431649,1129673,100,60,2345,4.91
P06398,Health Promotion,Central,Phetchaburi,Apr,1471054,1296331,100,93,2123,4.62
P06399,Policy Development,Central,Phetchaburi,Apr,1278368,899182,100,94,1082,3.51
P06400,Network Strengthening,Central,Phetchaburi,Apr,1571309,1180507,100,81,1314,3.77
P06401,Community Health,Central,Phetchaburi,May,1383721,1167419,100,85,1549,4.12
P06402,Elderly Care,Central,Phetchaburi,May,1418792,1016365,100,64,2292,4.31
P06403,Mental Health,Central,Phetchaburi,May,1081439,1026882,100,62,174,4.21
P06404,Healthy School,Central,Phetchaburi,May,514524,430915,100,89,2121,4.82
P06405,Food Safety,Central,Phetchaburi,May,1678480,1343744,100,92,522,4.66
P06406,NCD Prevention,Central,Phetchaburi,May,766776,623361,100,79,2480,4.33
P06407,Health Data,Central,Phetchaburi,May,1129380,795269,100,72,2328,4.99
P06408,Health Promotion,Central,Phetchaburi,May,1779449,1520326,100,62,1160,4.11
P06409,Policy Development,Central,Phetchaburi,May,1767010,1765445,100,64,1711,4.88
P06410,Network Strengthening,Central,Phetchaburi,May,541410,413656,100,92,1940,4.26
P06411,Community Health,Central,Phetchaburi,Jun,1012736,839925,100,81,694,3.74
P06412,Elderly Care,Central,Phetchaburi,Jun,1218124,1187839,100,73,1774,4.34
P06413,Mental Health,Central,Phetchaburi,Jun,1994868,1434372,100,70,478,3.6
P06414,Healthy School,Central,Phetchaburi,Jun,946031,903996,100,97,1741,3.97
P06415,Food Safety,Central,Phetchaburi,Jun,1723510,1278656,100,77,1649,4.3
P06416,NCD Prevention,Central,Phetchaburi,Jun,1891506,1675351,100,77,1320,4.09
P06417,Health Data,Central,Phetchaburi,Jun,544504,499145,100,61,2366,3.99
P06418,Health Promotion,Central,Phetchaburi,Jun,1135779,860863,100,98,2414,3.57
P06419,Policy Development,Central,Phetchaburi,Jun,1606956,1136101,100,81,2289,3.89
P06420,Network Strengthening,Central,Phetchaburi,Jun,1005301,934620,100,68,1418,4.81
P06421,Community Health,Central,Phetchaburi,Jul,1881377,1420176,100,85,2593,4.1
P06422,Elderly Care,Central,Phetchaburi,Jul,963803,939066,100,73,2030,3.78
P06423,Mental Health,Central,Phetchaburi,Jul,818798,651573,100,91,1182,3.83
P06424,Healthy School,Central,Phetchaburi,Jul,1900451,1674401,100,67,2396,3.7
P06425,Food Safety,Central,Phetchaburi,Jul,509311,410922,100,98,1470,3.79
P06426,NCD Prevention,Central,Phetchaburi,Jul,1563348,1381573,100,88,887,4.4
P06427,Health Data,Central,Phetchaburi,Jul,942297,938341,100,75,2593,3.51
P06428,Health Promotion,Central,Phetchaburi,Jul,1519386,1216477,100,88,1872,4.19
P06429,Policy Development,Central,Phetchaburi,Jul,993138,917413,100,84,2295,4.89
P06430,Network Strengthening,Central,Phetchaburi,Jul,569709,488839,100,94,260,3.76
P06431,Community Health,Central,Phetchaburi,Aug,745326,741928,100,66,2927,3.54
P06432,Elderly Care,Central,Phetchaburi,Aug,1867702,1315485,100,93,2331,4.66
P06433,Mental Health,Central,Phetchaburi,Aug,1481011,1055774,100,63,2548,4.73
P06434,Healthy School,Central,Phetchaburi,Aug,1756710,1487587,100,85,1888,4.47
P06435,Food Safety,Central,Phetchaburi,Aug,1011518,855605,100,97,580,4.97
P06436,NCD Prevention,Central,Phetchaburi,Aug,1602525,1427517,100,90,306,4.54
P06437,Health Data,Central,Phetchaburi,Aug,1625019,1453930,100,91,2822,3.81
P06438,Health Promotion,Central,Phetchaburi,Aug,1309080,1226191,100,73,1114,3.92
P06439,Policy Development,Central,Phetchaburi,Aug,814391,601444,100,78,1656,3.62
P06440,Network Strengthening,Central,Phetchaburi,Aug,737481,642265,100,64,1605,4.57
P06441,Community Health,Central,Phetchaburi,Sep,1648929,1261224,100,97,2968,4.14
P06442,Elderly Care,Central,Phetchaburi,Sep,1601812,1221369,100,99,1829,3.7
P06443,Mental Health,Central,Phetchaburi,Sep,1146425,921879,100,77,421,4.97
P06444,Healthy School,Central,Phetchaburi,Sep,812156,582050,100,66,1598,3.57
P06445,Food Safety,Central,Phetchaburi,Sep,1999206,1831044,100,63,2726,4.25
P06446,NCD Prevention,Central,Phetchaburi,Sep,781890,777648,100,92,2876,3.82
P06447,Health Data,Central,Phetchaburi,Sep,553089,422845,100,82,1362,3.57
P06448,Health Promotion,Central,Phetchaburi,Sep,1821275,1481452,100,94,1935,3.8
P06449,Policy Development,Central,Phetchaburi,Sep,982236,757293,100,88,1904,4.58
P06450,Network Strengthening,Central,Phetchaburi,Sep,687168,531316,100,75,686,4.6
P06451,Community Health,Central,Phetchaburi,Oct,717770,541921,100,69,816,3.94
P06452,Elderly Care,Central,Phetchaburi,Oct,1331373,1193028,100,71,1007,3.89
P06453,Mental Health,Central,Phetchaburi,Oct,1370102,1268037,100,99,257,3.66
P06454,Healthy School,Central,Phetchaburi,Oct,1125115,1019043,100,65,2936,3.97
P06455,Food Safety,Central,Phetchaburi,Oct,1041424,901260,100,95,865,4.93
P06456,NCD Prevention,Central,Phetchaburi,Oct,1773328,1400730,100,93,408,4.72
P06457,Health Data,Central,Phetchaburi,Oct,1020849,833034,100,77,928,3.52
P06458,Health Promotion,Central,Phetchaburi,Oct,507705,480645,100,90,975,3.61
P06459,Policy Development,Central,Phetchaburi,Oct,750343,607529,100,69,222,4.18
P06460,Network Strengthening,Central,Phetchaburi,Oct,1099155,1069865,100,89,433,4.3
P06461,Community Health,Central,Phetchaburi,Nov,1860457,1606445,100,97,2611,3.63
P06462,Elderly Care,Central,Phetchaburi,Nov,1512123,1167865,100,60,462,3.6
P06463,Mental Health,Central,Phetchaburi,Nov,812120,742772,100,77,2239,4.68
P06464,Healthy School,Central,Phetchaburi,Nov,1835231,1298698,100,62,1655,4.44
P06465,Food Safety,Central,Phetchaburi,Nov,1120305,915395,100,69,1553,4.41
P06466,NCD Prevention,Central,Phetchaburi,Nov,1772400,1705139,100,94,1206,3.81
P06467,Health Data,Central,Phetchaburi,Nov,1302833,1211708,100,77,446,4.01
P06468,Health Promotion,Central,Phetchaburi,Nov,681086,579917,100,83,1545,3.82
P06469,Policy Development,Central,Phetchaburi,Nov,1888048,1658744,100,82,1836,3.52
P06470,Network Strengthening,Central,Phetchaburi,Nov,1277534,1043962,100,90,2583,3.6
P06471,Community Health,Central,Phetchaburi,Dec,1130755,948816,100,94,913,4.68
P06472,Elderly Care,Central,Phetchaburi,Dec,1771268,1574811,100,62,978,4.84
P06473,Mental Health,Central,Phetchaburi,Dec,1798963,1383033,100,93,1714,4.26
P06474,Healthy School,Central,Phetchaburi,Dec,1170633,1055001,100,94,2252,4.75
P06475,Food Safety,Central,Phetchaburi,Dec,978800,933984,100,62,1854,4.41
P06476,NCD Prevention,Central,Phetchaburi,Dec,1315706,993205,100,87,2488,4.89
P06477,Health Data,Central,Phetchaburi,Dec,575230,432026,100,80,1885,4.6
P06478,Health Promotion,Central,Phetchaburi,Dec,1618394,1540385,100,90,2920,4.98
P06479,Policy Development,Central,Phetchaburi,Dec,1626816,1241592,100,96,1459,4.61
P06480,Network Strengthening,Central,Phetchaburi,Dec,938044,880139,100,93,2871,4.91
P06481,Community Health,Central,Prachuap Khiri Khan,Jan,597354,516256,100,85,2733,4.14
P06482,Elderly Care,Central,Prachuap Khiri Khan,Jan,1902236,1770954,100,65,2094,4.66
P06483,Mental Health,Central,Prachuap Khiri Khan,Jan,608306,557856,100,71,2404,4.04
P06484,Healthy School,Central,Prachuap Khiri Khan,Jan,1765887,1265350,100,80,1678,4.25
P06485,Food Safety,Central,Prachuap Khiri Khan,Jan,1809519,1631686,100,72,2674,4.2
P06486,NCD Prevention,Central,Prachuap Khiri Khan,Jan,1059833,1033839,100,94,953,4.99
P06487,Health Data,Central,Prachuap Khiri Khan,Jan,611058,465770,100,93,686,3.97
P06488,Health Promotion,Central,Prachuap Khiri Khan,Jan,529792,427078,100,91,667,3.75
P06489,Policy Development,Central,Prachuap Khiri Khan,Jan,631816,473622,100,67,1996,4.6
P06490,Network Strengthening,Central,Prachuap Khiri Khan,Jan,545926,533749,100,77,2152,4.86
P06491,Community Health,Central,Prachuap Khiri Khan,Feb,1789026,1275307,100,95,933,4.17
P06492,Elderly Care,Central,Prachuap Khiri Khan,Feb,781535,713441,100,89,2286,4.68
P06493,Mental Health,Central,Prachuap Khiri Khan,Feb,1767213,1514882,100,100,874,4.83
P06494,Healthy School,Central,Prachuap Khiri Khan,Feb,588608,464102,100,81,2973,4.1
P06495,Food Safety,Central,Prachuap Khiri Khan,Feb,689677,601240,100,87,458,4.56
P06496,NCD Prevention,Central,Prachuap Khiri Khan,Feb,543436,418755,100,64,1522,3.6
P06497,Health Data,Central,Prachuap Khiri Khan,Feb,1127416,1043482,100,69,673,4.11
P06498,Health Promotion,Central,Prachuap Khiri Khan,Feb,996230,711342,100,65,207,3.97
P06499,Policy Development,Central,Prachuap Khiri Khan,Feb,1976033,1947788,100,95,2886,3.76
P06500,Network Strengthening,Central,Prachuap Khiri Khan,Feb,1900555,1391468,100,61,1423,3.92
P06501,Community Health,Central,Prachuap Khiri Khan,Mar,1981444,1779877,100,74,1629,4.14
P06502,Elderly Care,Central,Prachuap Khiri Khan,Mar,692882,548538,100,96,1309,3.51
P06503,Mental Health,Central,Prachuap Khiri Khan,Mar,1163473,1149923,100,88,1612,4.51
P06504,Healthy School,Central,Prachuap Khiri Khan,Mar,1925120,1547352,100,61,2249,3.74
P06505,Food Safety,Central,Prachuap Khiri Khan,Mar,1762109,1325696,100,65,1460,3.89
P06506,NCD Prevention,Central,Prachuap Khiri Khan,Mar,953248,804264,100,97,2094,3.82
P06507,Health Data,Central,Prachuap Khiri Khan,Mar,674822,601697,100,76,694,4.03
P06508,Health Promotion,Central,Prachuap Khiri Khan,Mar,1542355,1470067,100,64,878,3.95
P06509,Policy Development,Central,Prachuap Khiri Khan,Mar,1339018,1219396,100,97,1396,4.56
P06510,Network Strengthening,Central,Prachuap Khiri Khan,Mar,1807715,1290452,100,81,179,4.28
P06511,Community Health,Central,Prachuap Khiri Khan,Apr,1371690,1084021,100,100,1002,4.77
P06512,Elderly Care,Central,Prachuap Khiri Khan,Apr,680562,663212,100,81,1828,4.93
P06513,Mental Health,Central,Prachuap Khiri Khan,Apr,1515669,1241705,100,99,1240,4.21
P06514,Healthy School,Central,Prachuap Khiri Khan,Apr,1851368,1518803,100,80,532,4.1
P06515,Food Safety,Central,Prachuap Khiri Khan,Apr,1739341,1444087,100,79,1708,4.35
P06516,NCD Prevention,Central,Prachuap Khiri Khan,Apr,1304434,1022787,100,80,691,4.08
P06517,Health Data,Central,Prachuap Khiri Khan,Apr,1166155,1071762,100,83,1698,4.29
P06518,Health Promotion,Central,Prachuap Khiri Khan,Apr,663631,607980,100,74,1257,4.69
P06519,Policy Development,Central,Prachuap Khiri Khan,Apr,1556888,1366868,100,64,1249,3.98
P06520,Network Strengthening,Central,Prachuap Khiri Khan,Apr,572888,431842,100,87,2794,4.09
P06521,Community Health,Central,Prachuap Khiri Khan,May,1965659,1730924,100,93,1882,3.87
P06522,Elderly Care,Central,Prachuap Khiri Khan,May,725084,650527,100,93,2339,4.86
P06523,Mental Health,Central,Prachuap Khiri Khan,May,1844394,1413246,100,92,961,4.97
P06524,Healthy School,Central,Prachuap Khiri Khan,May,1672729,1303813,100,97,930,4.74
P06525,Food Safety,Central,Prachuap Khiri Khan,May,960185,749179,100,68,795,3.89
P06526,NCD Prevention,Central,Prachuap Khiri Khan,May,621350,441914,100,79,779,4.58
P06527,Health Data,Central,Prachuap Khiri Khan,May,1745197,1629335,100,60,1979,4.9
P06528,Health Promotion,Central,Prachuap Khiri Khan,May,1558477,1259620,100,90,1599,4.66
P06529,Policy Development,Central,Prachuap Khiri Khan,May,1350758,1199342,100,72,1867,3.77
P06530,Network Strengthening,Central,Prachuap Khiri Khan,May,1760623,1704688,100,93,2148,4.56
P06531,Community Health,Central,Prachuap Khiri Khan,Jun,1363038,1055507,100,83,2555,4.83
P06532,Elderly Care,Central,Prachuap Khiri Khan,Jun,814619,770990,100,91,634,3.65
P06533,Mental Health,Central,Prachuap Khiri Khan,Jun,1803105,1565325,100,77,1275,4.18
P06534,Healthy School,Central,Prachuap Khiri Khan,Jun,1988240,1885751,100,98,1396,4.3
P06535,Food Safety,Central,Prachuap Khiri Khan,Jun,501126,487156,100,80,2894,4.12
P06536,NCD Prevention,Central,Prachuap Khiri Khan,Jun,1273803,1180499,100,77,184,4.93
P06537,Health Data,Central,Prachuap Khiri Khan,Jun,1238559,1104863,100,64,225,5.0
P06538,Health Promotion,Central,Prachuap Khiri Khan,Jun,1016259,907276,100,88,2681,4.43
P06539,Policy Development,Central,Prachuap Khiri Khan,Jun,1133330,1105048,100,83,2083,3.52
P06540,Network Strengthening,Central,Prachuap Khiri Khan,Jun,1306463,958968,100,98,1433,3.84
P06541,Community Health,Central,Prachuap Khiri Khan,Jul,1769978,1425025,100,74,2635,4.61
P06542,Elderly Care,Central,Prachuap Khiri Khan,Jul,1737294,1328140,100,86,2455,3.89
P06543,Mental Health,Central,Prachuap Khiri Khan,Jul,1498024,1108188,100,93,1729,4.87
P06544,Healthy School,Central,Prachuap Khiri Khan,Jul,1470270,1113894,100,96,2624,4.62
P06545,Food Safety,Central,Prachuap Khiri Khan,Jul,572341,513446,100,70,1217,4.47
P06546,NCD Prevention,Central,Prachuap Khiri Khan,Jul,1102337,811137,100,91,1141,3.84
P06547,Health Data,Central,Prachuap Khiri Khan,Jul,679887,564049,100,94,2163,3.99
P06548,Health Promotion,Central,Prachuap Khiri Khan,Jul,559402,395927,100,100,1491,4.41
P06549,Policy Development,Central,Prachuap Khiri Khan,Jul,1445185,1316138,100,93,2957,4.24
P06550,Network Strengthening,Central,Prachuap Khiri Khan,Jul,1156815,908559,100,81,2384,3.63
P06551,Community Health,Central,Prachuap Khiri Khan,Aug,1931695,1461163,100,93,2916,4.65
P06552,Elderly Care,Central,Prachuap Khiri Khan,Aug,1308336,1084513,100,96,795,3.97
P06553,Mental Health,Central,Prachuap Khiri Khan,Aug,600262,549444,100,60,1347,3.65
P06554,Healthy School,Central,Prachuap Khiri Khan,Aug,1496430,1062078,100,94,358,4.93
P06555,Food Safety,Central,Prachuap Khiri Khan,Aug,1929160,1360064,100,68,409,3.81
P06556,NCD Prevention,Central,Prachuap Khiri Khan,Aug,1651831,1344805,100,60,626,3.77
P06557,Health Data,Central,Prachuap Khiri Khan,Aug,799948,695696,100,94,408,3.72
P06558,Health Promotion,Central,Prachuap Khiri Khan,Aug,1368126,1063964,100,93,1808,3.91
P06559,Policy Development,Central,Prachuap Khiri Khan,Aug,1622244,1622235,100,76,721,4.35
P06560,Network Strengthening,Central,Prachuap Khiri Khan,Aug,995537,817960,100,67,302,3.98
P06561,Community Health,Central,Prachuap Khiri Khan,Sep,781012,757029,100,74,2894,4.72
P06562,Elderly Care,Central,Prachuap Khiri Khan,Sep,967488,835188,100,95,1989,4.6
P06563,Mental Health,Central,Prachuap Khiri Khan,Sep,1930978,1714304,100,65,1357,4.35
P06564,Healthy School,Central,Prachuap Khiri Khan,Sep,795406,748107,100,67,2534,3.61
P06565,Food Safety,Central,Prachuap Khiri Khan,Sep,767954,634690,100,98,243,3.54
P06566,NCD Prevention,Central,Prachuap Khiri Khan,Sep,1217531,994625,100,89,1844,4.33
P06567,Health Data,Central,Prachuap Khiri Khan,Sep,864122,635972,100,84,156,4.49
P06568,Health Promotion,Central,Prachuap Khiri Khan,Sep,768679,584641,100,64,2126,3.94
P06569,Policy Development,Central,Prachuap Khiri Khan,Sep,1551726,1118008,100,73,2770,4.38
P06570,Network Strengthening,Central,Prachuap Khiri Khan,Sep,1183503,892526,100,63,1030,4.26
P06571,Community Health,Central,Prachuap Khiri Khan,Oct,946944,819896,100,99,2086,4.64
P06572,Elderly Care,Central,Prachuap Khiri Khan,Oct,1924572,1630066,100,80,1416,4.07
P06573,Mental Health,Central,Prachuap Khiri Khan,Oct,1864044,1474698,100,100,1942,4.27
P06574,Healthy School,Central,Prachuap Khiri Khan,Oct,1853425,1546127,100,62,2493,4.86
P06575,Food Safety,Central,Prachuap Khiri Khan,Oct,1501117,1359371,100,91,681,3.88
P06576,NCD Prevention,Central,Prachuap Khiri Khan,Oct,835880,626728,100,64,446,4.39
P06577,Health Data,Central,Prachuap Khiri Khan,Oct,1389841,1316992,100,96,233,4.67
P06578,Health Promotion,Central,Prachuap Khiri Khan,Oct,1397268,1006168,100,69,1521,4.35
P06579,Policy Development,Central,Prachuap Khiri Khan,Oct,700120,611496,100,67,2464,4.58
P06580,Network Strengthening,Central,Prachuap Khiri Khan,Oct,897253,765212,100,81,1280,3.83
P06581,Community Health,Central,Prachuap Khiri Khan,Nov,1527386,1404567,100,67,2909,4.42
P06582,Elderly Care,Central,Prachuap Khiri Khan,Nov,862463,726239,100,88,512,3.95
P06583,Mental Health,Central,Prachuap Khiri Khan,Nov,924767,719969,100,100,1837,4.64
P06584,Healthy School,Central,Prachuap Khiri Khan,Nov,1362777,1063103,100,62,1185,4.23
P06585,Food Safety,Central,Prachuap Khiri Khan,Nov,888365,690968,100,97,694,3.88
P06586,NCD Prevention,Central,Prachuap Khiri Khan,Nov,653974,458623,100,61,739,4.47
P06587,Health Data,Central,Prachuap Khiri Khan,Nov,1310787,1307714,100,66,1217,4.81
P06588,Health Promotion,Central,Prachuap Khiri Khan,Nov,1572330,1202059,100,98,2626,4.25
P06589,Policy Development,Central,Prachuap Khiri Khan,Nov,1075128,827955,100,61,2788,3.53
P06590,Network Strengthening,Central,Prachuap Khiri Khan,Nov,517476,429560,100,97,2088,4.05
P06591,Community Health,Central,Prachuap Khiri Khan,Dec,503494,430856,100,85,526,4.53
P06592,Elderly Care,Central,Prachuap Khiri Khan,Dec,941020,735792,100,89,483,4.95
P06593,Mental Health,Central,Prachuap Khiri Khan,Dec,513057,420677,100,62,2438,4.99
P06594,Healthy School,Central,Prachuap Khiri Khan,Dec,1401278,1209627,100,67,2487,4.27
P06595,Food Safety,Central,Prachuap Khiri Khan,Dec,1831911,1466736,100,88,1450,3.71
P06596,NCD Prevention,Central,Prachuap Khiri Khan,Dec,913750,891641,100,95,1984,4.17
P06597,Health Data,Central,Prachuap Khiri Khan,Dec,1344595,1040487,100,70,2323,4.0
P06598,Health Promotion,Central,Prachuap Khiri Khan,Dec,1044825,784963,100,80,1461,4.67
P06599,Policy Development,Central,Prachuap Khiri Khan,Dec,1049022,936500,100,69,1161,4.05
P06600,Network Strengthening,Central,Prachuap Khiri Khan,Dec,1702887,1337639,100,68,2026,4.19
P06601,Community Health,East,Chonburi,Jan,1884745,1688484,100,87,933,3.63
P06602,Elderly Care,East,Chonburi,Jan,1512958,1258579,100,77,1521,4.15
P06603,Mental Health,East,Chonburi,Jan,859248,788381,100,70,1310,3.8
P06604,Healthy School,East,Chonburi,Jan,517633,435686,100,68,1283,4.74
P06605,Food Safety,East,Chonburi,Jan,1348532,1294541,100,99,594,4.75
P06606,NCD Prevention,East,Chonburi,Jan,1870172,1355726,100,97,2520,4.26
P06607,Health Data,East,Chonburi,Jan,925166,747795,100,62,1751,4.48
P06608,Health Promotion,East,Chonburi,Jan,1708041,1325677,100,74,2976,4.78
P06609,Policy Development,East,Chonburi,Jan,1826661,1565924,100,65,2014,4.04
P06610,Network Strengthening,East,Chonburi,Jan,1588878,1561030,100,68,922,3.76
P06611,Community Health,East,Chonburi,Feb,1558059,1349016,100,70,211,3.66
P06612,Elderly Care,East,Chonburi,Feb,1542894,1530818,100,81,620,4.93
P06613,Mental Health,East,Chonburi,Feb,1846043,1691401,100,75,2734,4.44
P06614,Healthy School,East,Chonburi,Feb,1510958,1385238,100,70,2692,4.49
P06615,Food Safety,East,Chonburi,Feb,1181821,1142429,100,83,1661,3.91
P06616,NCD Prevention,East,Chonburi,Feb,698730,499062,100,67,1925,4.46
P06617,Health Data,East,Chonburi,Feb,1934487,1556697,100,95,1020,4.08
P06618,Health Promotion,East,Chonburi,Feb,1134064,995789,100,94,2702,4.55
P06619,Policy Development,East,Chonburi,Feb,729010,685086,100,99,307,4.21
P06620,Network Strengthening,East,Chonburi,Feb,1885512,1561260,100,72,2973,3.79
P06621,Community Health,East,Chonburi,Mar,760209,610310,100,89,1223,3.5
P06622,Elderly Care,East,Chonburi,Mar,1063388,911798,100,68,929,4.92
P06623,Mental Health,East,Chonburi,Mar,1096145,1043788,100,89,2235,3.8
P06624,Healthy School,East,Chonburi,Mar,526046,373678,100,83,2518,4.39
P06625,Food Safety,East,Chonburi,Mar,813542,712276,100,85,2019,4.84
P06626,NCD Prevention,East,Chonburi,Mar,1816906,1463591,100,100,2907,3.64
P06627,Health Data,East,Chonburi,Mar,1324786,1096651,100,73,2110,4.14
P06628,Health Promotion,East,Chonburi,Mar,1505788,1087157,100,86,236,3.65
P06629,Policy Development,East,Chonburi,Mar,1657403,1316781,100,94,2921,4.37
P06630,Network Strengthening,East,Chonburi,Mar,1774639,1423260,100,94,876,4.86
P06631,Community Health,East,Chonburi,Apr,1873566,1342335,100,76,420,4.78
P06632,Elderly Care,East,Chonburi,Apr,1304662,1167231,100,73,847,4.51
P06633,Mental Health,East,Chonburi,Apr,1165578,957869,100,64,2748,3.6
P06634,Healthy School,East,Chonburi,Apr,745065,523912,100,87,281,4.45
P06635,Food Safety,East,Chonburi,Apr,552336,503726,100,64,568,4.27
P06636,NCD Prevention,East,Chonburi,Apr,1084883,1081724,100,100,2948,3.57
P06637,Health Data,East,Chonburi,Apr,1037211,1015990,100,74,2197,3.93
P06638,Health Promotion,East,Chonburi,Apr,1495355,1292947,100,98,473,4.77
P06639,Policy Development,East,Chonburi,Apr,754944,587081,100,94,2758,4.87
P06640,Network Strengthening,East,Chonburi,Apr,622133,532840,100,63,2043,3.72
P06641,Community Health,East,Chonburi,May,1266475,1117354,100,97,653,4.25
P06642,Elderly Care,East,Chonburi,May,1561910,1482367,100,73,2845,3.62
P06643,Mental Health,East,Chonburi,May,1888207,1864573,100,93,2343,4.08
P06644,Healthy School,East,Chonburi,May,1259101,1071542,100,61,1837,4.17
P06645,Food Safety,East,Chonburi,May,1533927,1158546,100,86,1202,4.3
P06646,NCD Prevention,East,Chonburi,May,1516060,1262790,100,72,1774,4.39
P06647,Health Data,East,Chonburi,May,917452,643424,100,77,2979,4.98
P06648,Health Promotion,East,Chonburi,May,508918,471239,100,88,212,3.69
P06649,Policy Development,East,Chonburi,May,885896,742549,100,84,2474,3.88
P06650,Network Strengthening,East,Chonburi,May,1861477,1824675,100,64,2821,4.11
P06651,Community Health,East,Chonburi,Jun,1727023,1684293,100,60,2402,4.93
P06652,Elderly Care,East,Chonburi,Jun,1057802,862173,100,91,1252,4.35
P06653,Mental Health,East,Chonburi,Jun,1630563,1257082,100,76,506,3.72
P06654,Healthy School,East,Chonburi,Jun,1225697,1145125,100,60,1923,4.14
P06655,Food Safety,East,Chonburi,Jun,821918,597403,100,69,1497,4.41
P06656,NCD Prevention,East,Chonburi,Jun,1238942,1003930,100,80,1151,4.51
P06657,Health Data,East,Chonburi,Jun,1924037,1436420,100,83,2262,4.9
P06658,Health Promotion,East,Chonburi,Jun,1724415,1311977,100,79,307,4.9
P06659,Policy Development,East,Chonburi,Jun,1791644,1327001,100,64,1406,4.56
P06660,Network Strengthening,East,Chonburi,Jun,599293,446922,100,73,2543,4.14
P06661,Community Health,East,Chonburi,Jul,954225,746975,100,60,1289,4.94
P06662,Elderly Care,East,Chonburi,Jul,1305989,999097,100,100,1570,4.57
P06663,Mental Health,East,Chonburi,Jul,603823,474694,100,97,189,4.22
P06664,Healthy School,East,Chonburi,Jul,912273,897823,100,87,1855,4.24
P06665,Food Safety,East,Chonburi,Jul,1854135,1298804,100,75,583,4.06
P06666,NCD Prevention,East,Chonburi,Jul,695805,683716,100,69,2607,4.58
P06667,Health Data,East,Chonburi,Jul,1039235,956750,100,97,2756,3.63
P06668,Health Promotion,East,Chonburi,Jul,1194840,909104,100,75,1928,4.12
P06669,Policy Development,East,Chonburi,Jul,1418329,1256704,100,92,1644,3.88
P06670,Network Strengthening,East,Chonburi,Jul,505947,477073,100,66,1893,4.3
P06671,Community Health,East,Chonburi,Aug,1209319,1109501,100,97,529,3.77
P06672,Elderly Care,East,Chonburi,Aug,853011,814325,100,82,612,4.23
P06673,Mental Health,East,Chonburi,Aug,1991487,1842254,100,85,970,3.67
P06674,Healthy School,East,Chonburi,Aug,1123482,1067084,100,94,1423,4.01
P06675,Food Safety,East,Chonburi,Aug,1058779,842420,100,97,2101,4.15
P06676,NCD Prevention,East,Chonburi,Aug,1444811,1413605,100,72,954,4.68
P06677,Health Data,East,Chonburi,Aug,1649789,1430318,100,68,1903,3.61
P06678,Health Promotion,East,Chonburi,Aug,1348297,1343972,100,98,1200,4.15
P06679,Policy Development,East,Chonburi,Aug,949917,809706,100,100,1594,4.86
P06680,Network Strengthening,East,Chonburi,Aug,1447874,1274349,100,75,1264,3.87
P06681,Community Health,East,Chonburi,Sep,1470913,1407560,100,91,1734,4.29
P06682,Elderly Care,East,Chonburi,Sep,677783,598947,100,99,1215,4.46
P06683,Mental Health,East,Chonburi,Sep,1779182,1436798,100,88,1940,4.3
P06684,Healthy School,East,Chonburi,Sep,1353862,1242801,100,67,657,4.51
P06685,Food Safety,East,Chonburi,Sep,1814210,1470469,100,96,1969,3.68
P06686,NCD Prevention,East,Chonburi,Sep,901064,774572,100,87,720,4.07
P06687,Health Data,East,Chonburi,Sep,1176607,1023788,100,90,522,4.53
P06688,Health Promotion,East,Chonburi,Sep,1473212,1193051,100,87,1761,3.95
P06689,Policy Development,East,Chonburi,Sep,1931535,1472979,100,68,2557,3.69
P06690,Network Strengthening,East,Chonburi,Sep,682348,618964,100,68,202,3.87
P06691,Community Health,East,Chonburi,Oct,842740,696701,100,78,1071,4.76
P06692,Elderly Care,East,Chonburi,Oct,922946,711307,100,61,2982,4.13
P06693,Mental Health,East,Chonburi,Oct,1346349,1216060,100,88,2140,4.73
P06694,Healthy School,East,Chonburi,Oct,924858,663250,100,64,1649,3.91
P06695,Food Safety,East,Chonburi,Oct,1069241,793662,100,80,1464,4.69
P06696,NCD Prevention,East,Chonburi,Oct,1441685,1105364,100,87,929,3.88
P06697,Health Data,East,Chonburi,Oct,608998,543295,100,93,1183,4.36
P06698,Health Promotion,East,Chonburi,Oct,1727697,1391287,100,73,1577,4.07
P06699,Policy Development,East,Chonburi,Oct,1587562,1281296,100,74,1262,3.93
P06700,Network Strengthening,East,Chonburi,Oct,1350683,1277315,100,99,1700,4.61
P06701,Community Health,East,Chonburi,Nov,830003,585355,100,60,205,4.59
P06702,Elderly Care,East,Chonburi,Nov,1859776,1464575,100,61,883,4.89
P06703,Mental Health,East,Chonburi,Nov,675773,564697,100,76,520,4.7
P06704,Healthy School,East,Chonburi,Nov,962534,680830,100,80,946,3.98
P06705,Food Safety,East,Chonburi,Nov,1573011,1550758,100,97,2894,4.0
P06706,NCD Prevention,East,Chonburi,Nov,916888,845861,100,86,2771,4.06
P06707,Health Data,East,Chonburi,Nov,1893512,1337027,100,100,1236,4.4
P06708,Health Promotion,East,Chonburi,Nov,1337854,1168029,100,94,1726,4.65
P06709,Policy Development,East,Chonburi,Nov,725268,536694,100,79,1679,4.22
P06710,Network Strengthening,East,Chonburi,Nov,1245705,1152971,100,79,519,3.85
P06711,Community Health,East,Chonburi,Dec,748065,574834,100,100,521,4.68
P06712,Elderly Care,East,Chonburi,Dec,1133970,1110271,100,80,1073,3.74
P06713,Mental Health,East,Chonburi,Dec,620206,563017,100,71,540,3.92
P06714,Healthy School,East,Chonburi,Dec,1581191,1175668,100,82,251,4.09
P06715,Food Safety,East,Chonburi,Dec,828013,613927,100,97,2995,4.13
P06716,NCD Prevention,East,Chonburi,Dec,530553,372664,100,96,432,4.0
P06717,Health Data,East,Chonburi,Dec,1033419,850806,100,72,527,4.51
P06718,Health Promotion,East,Chonburi,Dec,643388,520010,100,69,2344,4.71
P06719,Policy Development,East,Chonburi,Dec,1394605,1055018,100,80,1011,4.46
P06720,Network Strengthening,East,Chonburi,Dec,1486298,1112804,100,80,2584,4.43
P06721,Community Health,East,Rayong,Jan,574303,544030,100,62,2318,3.73
P06722,Elderly Care,East,Rayong,Jan,1896229,1599393,100,77,2169,3.61
P06723,Mental Health,East,Rayong,Jan,531762,527500,100,81,2737,4.82
P06724,Healthy School,East,Rayong,Jan,1306683,987974,100,68,767,4.83
P06725,Food Safety,East,Rayong,Jan,1180256,852876,100,90,1123,4.5
P06726,NCD Prevention,East,Rayong,Jan,1801027,1573341,100,73,561,4.17
P06727,Health Data,East,Rayong,Jan,1039222,989972,100,84,616,3.65
P06728,Health Promotion,East,Rayong,Jan,642824,568004,100,71,2130,4.8
P06729,Policy Development,East,Rayong,Jan,545125,493098,100,100,1942,4.18
P06730,Network Strengthening,East,Rayong,Jan,516054,429136,100,99,1358,4.4
P06731,Community Health,East,Rayong,Feb,1784511,1357898,100,90,2073,4.32
P06732,Elderly Care,East,Rayong,Feb,936672,751914,100,71,968,4.76
P06733,Mental Health,East,Rayong,Feb,1685948,1442062,100,94,1270,4.44
P06734,Healthy School,East,Rayong,Feb,1842180,1740131,100,81,1557,4.27
P06735,Food Safety,East,Rayong,Feb,1696909,1453264,100,98,2688,3.93
P06736,NCD Prevention,East,Rayong,Feb,1913071,1638321,100,80,853,4.22
P06737,Health Data,East,Rayong,Feb,1420956,1319280,100,81,2951,4.07
P06738,Health Promotion,East,Rayong,Feb,1288114,1238984,100,89,2831,4.91
P06739,Policy Development,East,Rayong,Feb,1196182,881959,100,76,2636,4.73
P06740,Network Strengthening,East,Rayong,Feb,907657,678342,100,74,158,4.46
P06741,Community Health,East,Rayong,Mar,1969127,1612903,100,81,856,3.59
P06742,Elderly Care,East,Rayong,Mar,929475,881705,100,86,2488,3.68
P06743,Mental Health,East,Rayong,Mar,1578749,1212835,100,98,2301,3.82
P06744,Healthy School,East,Rayong,Mar,1236180,1121413,100,80,2285,3.82
P06745,Food Safety,East,Rayong,Mar,1281324,928777,100,76,1826,4.71
P06746,NCD Prevention,East,Rayong,Mar,1580696,1554988,100,93,2989,4.77
P06747,Health Data,East,Rayong,Mar,1156904,1061446,100,98,1574,5.0
P06748,Health Promotion,East,Rayong,Mar,1839159,1409697,100,100,2682,3.62
P06749,Policy Development,East,Rayong,Mar,1065264,943870,100,86,604,4.59
P06750,Network Strengthening,East,Rayong,Mar,1123995,793542,100,84,2858,4.11
P06751,Community Health,East,Rayong,Apr,1426311,1245584,100,85,1204,3.99
P06752,Elderly Care,East,Rayong,Apr,1645491,1256999,100,100,439,3.92
P06753,Mental Health,East,Rayong,Apr,594974,503099,100,96,2241,4.47
P06754,Healthy School,East,Rayong,Apr,1953549,1670450,100,77,2854,4.33
P06755,Food Safety,East,Rayong,Apr,636087,479384,100,85,782,4.42
P06756,NCD Prevention,East,Rayong,Apr,1529360,1263729,100,93,2444,3.8
P06757,Health Data,East,Rayong,Apr,1677724,1508567,100,65,257,3.83
P06758,Health Promotion,East,Rayong,Apr,1355231,1087597,100,68,2482,4.67
P06759,Policy Development,East,Rayong,Apr,1769975,1628198,100,100,1537,4.54
P06760,Network Strengthening,East,Rayong,Apr,999151,747575,100,90,1292,4.65
P06761,Community Health,East,Rayong,May,859886,756955,100,95,1753,3.92
P06762,Elderly Care,East,Rayong,May,1816660,1452070,100,66,935,3.8
P06763,Mental Health,East,Rayong,May,1766375,1628214,100,98,2800,5.0
P06764,Healthy School,East,Rayong,May,1647915,1334829,100,95,1317,4.59
P06765,Food Safety,East,Rayong,May,633812,583752,100,63,2562,3.89
P06766,NCD Prevention,East,Rayong,May,582117,451099,100,95,338,4.42
P06767,Health Data,East,Rayong,May,1301713,1070137,100,81,2068,4.03
P06768,Health Promotion,East,Rayong,May,981996,817066,100,70,1953,4.5
P06769,Policy Development,East,Rayong,May,603453,527021,100,74,202,4.43
P06770,Network Strengthening,East,Rayong,May,1374628,1284912,100,95,1584,4.96
P06771,Community Health,East,Rayong,Jun,1251115,952010,100,83,2240,4.89
P06772,Elderly Care,East,Rayong,Jun,857356,717938,100,99,2479,4.71
P06773,Mental Health,East,Rayong,Jun,952089,727999,100,71,617,3.98
P06774,Healthy School,East,Rayong,Jun,802251,756322,100,83,1239,4.21
P06775,Food Safety,East,Rayong,Jun,669553,489600,100,94,2227,4.65
P06776,NCD Prevention,East,Rayong,Jun,1216490,1131787,100,88,204,4.82
P06777,Health Data,East,Rayong,Jun,1202961,854139,100,70,1980,4.18
P06778,Health Promotion,East,Rayong,Jun,888593,625646,100,75,593,3.94
P06779,Policy Development,East,Rayong,Jun,1653166,1517696,100,71,2106,3.87
P06780,Network Strengthening,East,Rayong,Jun,1183331,1110383,100,89,1310,4.12
P06781,Community Health,East,Rayong,Jul,1023211,737352,100,65,2617,4.65
P06782,Elderly Care,East,Rayong,Jul,1086187,970343,100,66,1421,4.36
P06783,Mental Health,East,Rayong,Jul,1063628,752069,100,82,692,3.97
P06784,Healthy School,East,Rayong,Jul,1969453,1574168,100,69,2211,3.72
P06785,Food Safety,East,Rayong,Jul,794084,570746,100,62,2279,4.82
P06786,NCD Prevention,East,Rayong,Jul,1278547,1114611,100,84,1990,3.61
P06787,Health Data,East,Rayong,Jul,1718922,1329164,100,65,2690,4.71
P06788,Health Promotion,East,Rayong,Jul,1341624,1208028,100,63,177,4.08
P06789,Policy Development,East,Rayong,Jul,1743422,1393743,100,74,2893,4.56
P06790,Network Strengthening,East,Rayong,Jul,1381722,1282922,100,84,719,4.81
P06791,Community Health,East,Rayong,Aug,617033,481905,100,68,545,4.74
P06792,Elderly Care,East,Rayong,Aug,1584548,1507021,100,78,2323,4.23
P06793,Mental Health,East,Rayong,Aug,1788217,1493232,100,81,2370,4.3
P06794,Healthy School,East,Rayong,Aug,859249,613428,100,72,227,3.84
P06795,Food Safety,East,Rayong,Aug,920554,757611,100,64,918,4.5
P06796,NCD Prevention,East,Rayong,Aug,1671889,1364410,100,63,1906,4.48
P06797,Health Data,East,Rayong,Aug,546331,413884,100,76,1645,4.45
P06798,Health Promotion,East,Rayong,Aug,840749,763268,100,95,2601,4.88
P06799,Policy Development,East,Rayong,Aug,820215,776034,100,86,531,4.86
P06800,Network Strengthening,East,Rayong,Aug,1221712,1029559,100,64,2136,4.24
P06801,Community Health,East,Rayong,Sep,954238,875839,100,84,287,3.75
P06802,Elderly Care,East,Rayong,Sep,1866917,1560530,100,88,1808,3.54
P06803,Mental Health,East,Rayong,Sep,797091,611016,100,89,923,3.86
P06804,Healthy School,East,Rayong,Sep,1255887,1140075,100,68,887,4.61
P06805,Food Safety,East,Rayong,Sep,1370297,964996,100,95,2052,4.58
P06806,NCD Prevention,East,Rayong,Sep,1663762,1451424,100,80,2588,4.59
P06807,Health Data,East,Rayong,Sep,1197012,963163,100,78,905,4.43
P06808,Health Promotion,East,Rayong,Sep,687934,668934,100,79,713,3.61
P06809,Policy Development,East,Rayong,Sep,1118603,861058,100,85,2681,4.61
P06810,Network Strengthening,East,Rayong,Sep,1902658,1483526,100,89,1946,3.51
P06811,Community Health,East,Rayong,Oct,1105197,901483,100,90,2387,3.74
P06812,Elderly Care,East,Rayong,Oct,1154416,826483,100,92,727,4.73
P06813,Mental Health,East,Rayong,Oct,1641947,1500662,100,72,2849,4.12
P06814,Healthy School,East,Rayong,Oct,980619,972090,100,67,1697,4.86
P06815,Food Safety,East,Rayong,Oct,925791,744027,100,72,1066,4.71
P06816,NCD Prevention,East,Rayong,Oct,1356286,1052909,100,77,2871,4.59
P06817,Health Data,East,Rayong,Oct,1429481,1136663,100,87,761,4.32
P06818,Health Promotion,East,Rayong,Oct,1882301,1382473,100,79,1908,4.46
P06819,Policy Development,East,Rayong,Oct,1536114,1190409,100,100,1954,4.86
P06820,Network Strengthening,East,Rayong,Oct,1586633,1314914,100,90,725,4.25
P06821,Community Health,East,Rayong,Nov,1747800,1553005,100,87,1803,4.61
P06822,Elderly Care,East,Rayong,Nov,1475857,1089071,100,86,1770,3.92
P06823,Mental Health,East,Rayong,Nov,1854478,1333493,100,64,1610,4.64
P06824,Healthy School,East,Rayong,Nov,502823,497160,100,80,1319,3.59
P06825,Food Safety,East,Rayong,Nov,1292096,1258495,100,67,409,4.36
P06826,NCD Prevention,East,Rayong,Nov,1361087,1310865,100,72,505,3.96
P06827,Health Data,East,Rayong,Nov,1010692,865160,100,84,1526,4.98
P06828,Health Promotion,East,Rayong,Nov,1144677,903546,100,88,1280,4.97
P06829,Policy Development,East,Rayong,Nov,1755348,1561757,100,63,2382,3.7
P06830,Network Strengthening,East,Rayong,Nov,1888883,1636375,100,63,1351,4.53
P06831,Community Health,East,Rayong,Dec,556822,491854,100,99,2732,3.95
P06832,Elderly Care,East,Rayong,Dec,1296522,1295158,100,73,1851,3.52
P06833,Mental Health,East,Rayong,Dec,712036,503878,100,89,2401,3.69
P06834,Healthy School,East,Rayong,Dec,1242229,1015004,100,70,2688,4.31
P06835,Food Safety,East,Rayong,Dec,953445,917164,100,82,848,4.32
P06836,NCD Prevention,East,Rayong,Dec,906323,741489,100,64,2330,4.67
P06837,Health Data,East,Rayong,Dec,1388259,1006709,100,63,1984,4.43
P06838,Health Promotion,East,Rayong,Dec,1731701,1519219,100,98,611,4.58
P06839,Policy Development,East,Rayong,Dec,895450,743086,100,69,1718,4.59
P06840,Network Strengthening,East,Rayong,Dec,940791,907981,100,62,2219,3.91
P06841,Community Health,East,Chanthaburi,Jan,1633412,1607685,100,69,1466,3.69
P06842,Elderly Care,East,Chanthaburi,Jan,1845808,1659596,100,89,879,4.18
P06843,Mental Health,East,Chanthaburi,Jan,945203,856604,100,68,2749,3.58
P06844,Healthy School,East,Chanthaburi,Jan,1614115,1441558,100,70,653,4.22
P06845,Food Safety,East,Chanthaburi,Jan,1755653,1665766,100,92,1161,3.6
P06846,NCD Prevention,East,Chanthaburi,Jan,948481,934881,100,65,512,4.68
P06847,Health Data,East,Chanthaburi,Jan,876522,767306,100,97,204,3.7
P06848,Health Promotion,East,Chanthaburi,Jan,1803035,1783756,100,82,2777,4.18
P06849,Policy Development,East,Chanthaburi,Jan,1347889,1033197,100,91,337,5.0
P06850,Network Strengthening,East,Chanthaburi,Jan,1414178,1195890,100,64,852,4.84
P06851,Community Health,East,Chanthaburi,Feb,1200187,1025729,100,98,266,3.75
P06852,Elderly Care,East,Chanthaburi,Feb,1624920,1223954,100,75,1609,3.59
P06853,Mental Health,East,Chanthaburi,Feb,1926668,1485835,100,90,801,4.1
P06854,Healthy School,East,Chanthaburi,Feb,1628658,1470891,100,98,351,4.27
P06855,Food Safety,East,Chanthaburi,Feb,1860116,1538109,100,77,2636,4.14
P06856,NCD Prevention,East,Chanthaburi,Feb,1996227,1605722,100,94,2143,4.2
P06857,Health Data,East,Chanthaburi,Feb,1300393,1241660,100,69,2955,4.77
P06858,Health Promotion,East,Chanthaburi,Feb,1527090,1402843,100,75,2762,4.95
P06859,Policy Development,East,Chanthaburi,Feb,1172591,1121329,100,85,487,3.58
P06860,Network Strengthening,East,Chanthaburi,Feb,1067905,764061,100,83,1902,4.27
P06861,Community Health,East,Chanthaburi,Mar,677399,569015,100,97,1936,4.3
P06862,Elderly Care,East,Chanthaburi,Mar,1409352,1154552,100,85,2354,4.74
P06863,Mental Health,East,Chanthaburi,Mar,1730833,1404735,100,67,1232,4.42
P06864,Healthy School,East,Chanthaburi,Mar,558012,553125,100,82,2906,4.82
P06865,Food Safety,East,Chanthaburi,Mar,1421248,1415928,100,89,2680,4.09
P06866,NCD Prevention,East,Chanthaburi,Mar,514660,486425,100,64,1420,4.13
P06867,Health Data,East,Chanthaburi,Mar,972578,715624,100,85,493,4.78
P06868,Health Promotion,East,Chanthaburi,Mar,689416,501673,100,71,1842,4.13
P06869,Policy Development,East,Chanthaburi,Mar,1775682,1248825,100,68,1636,4.96
P06870,Network Strengthening,East,Chanthaburi,Mar,839596,617651,100,89,2692,4.62
P06871,Community Health,East,Chanthaburi,Apr,1604102,1482078,100,70,1340,4.92
P06872,Elderly Care,East,Chanthaburi,Apr,948777,737901,100,87,2621,4.92
P06873,Mental Health,East,Chanthaburi,Apr,803724,761682,100,99,2074,4.11
P06874,Healthy School,East,Chanthaburi,Apr,501014,463658,100,83,316,4.98
P06875,Food Safety,East,Chanthaburi,Apr,994878,785007,100,85,1437,3.84
P06876,NCD Prevention,East,Chanthaburi,Apr,1557795,1404531,100,72,2969,4.26
P06877,Health Data,East,Chanthaburi,Apr,1434205,1262385,100,97,1831,4.4
P06878,Health Promotion,East,Chanthaburi,Apr,1730419,1632164,100,79,912,4.59
P06879,Policy Development,East,Chanthaburi,Apr,1992585,1847163,100,83,1986,4.5
P06880,Network Strengthening,East,Chanthaburi,Apr,1093802,838365,100,88,2856,4.94
P06881,Community Health,East,Chanthaburi,May,1404168,1028897,100,73,1812,4.34
P06882,Elderly Care,East,Chanthaburi,May,1268612,1019349,100,64,1946,4.87
P06883,Mental Health,East,Chanthaburi,May,1432863,1257103,100,73,2414,3.81
P06884,Healthy School,East,Chanthaburi,May,1902804,1530439,100,88,2323,3.53
P06885,Food Safety,East,Chanthaburi,May,751647,639479,100,88,2858,3.87
P06886,NCD Prevention,East,Chanthaburi,May,1092975,934630,100,75,2577,5.0
P06887,Health Data,East,Chanthaburi,May,1676022,1452167,100,78,2261,4.87
P06888,Health Promotion,East,Chanthaburi,May,896520,733102,100,68,233,4.87
P06889,Policy Development,East,Chanthaburi,May,1035703,917353,100,73,1500,4.2
P06890,Network Strengthening,East,Chanthaburi,May,1348242,1154966,100,96,2761,4.28
P06891,Community Health,East,Chanthaburi,Jun,1084182,1072579,100,95,1024,3.95
P06892,Elderly Care,East,Chanthaburi,Jun,741464,725756,100,97,1534,4.89
P06893,Mental Health,East,Chanthaburi,Jun,709411,614718,100,68,1115,3.93
P06894,Healthy School,East,Chanthaburi,Jun,924011,831457,100,66,1145,3.57
P06895,Food Safety,East,Chanthaburi,Jun,1136193,935710,100,96,1425,3.58
P06896,NCD Prevention,East,Chanthaburi,Jun,901843,694381,100,83,1365,4.31
P06897,Health Data,East,Chanthaburi,Jun,1300596,935929,100,80,2450,4.9
P06898,Health Promotion,East,Chanthaburi,Jun,1225479,1034142,100,63,1532,4.72
P06899,Policy Development,East,Chanthaburi,Jun,874657,790735,100,60,1025,4.15
P06900,Network Strengthening,East,Chanthaburi,Jun,512069,359912,100,89,829,4.24
P06901,Community Health,East,Chanthaburi,Jul,1819824,1370838,100,81,2774,4.97
P06902,Elderly Care,East,Chanthaburi,Jul,1250374,914036,100,61,2872,4.76
P06903,Mental Health,East,Chanthaburi,Jul,1462488,1233350,100,85,1898,4.3
P06904,Healthy School,East,Chanthaburi,Jul,1949320,1520399,100,78,1052,4.53
P06905,Food Safety,East,Chanthaburi,Jul,1778006,1314448,100,62,952,4.28
P06906,NCD Prevention,East,Chanthaburi,Jul,820817,690964,100,66,596,4.36
P06907,Health Data,East,Chanthaburi,Jul,728080,659008,100,94,1747,3.88
P06908,Health Promotion,East,Chanthaburi,Jul,582593,504805,100,61,1267,4.83
P06909,Policy Development,East,Chanthaburi,Jul,1633088,1452661,100,66,2859,4.78
P06910,Network Strengthening,East,Chanthaburi,Jul,1053531,930297,100,75,302,3.59
P06911,Community Health,East,Chanthaburi,Aug,1594059,1499554,100,96,1846,3.89
P06912,Elderly Care,East,Chanthaburi,Aug,1970349,1510646,100,96,2670,4.17
P06913,Mental Health,East,Chanthaburi,Aug,837664,823569,100,85,1752,4.73
P06914,Healthy School,East,Chanthaburi,Aug,1072946,1018639,100,77,2795,4.8
P06915,Food Safety,East,Chanthaburi,Aug,831646,660659,100,82,2615,3.94
P06916,NCD Prevention,East,Chanthaburi,Aug,1777450,1638751,100,89,1465,3.57
P06917,Health Data,East,Chanthaburi,Aug,1611486,1189950,100,79,1322,4.74
P06918,Health Promotion,East,Chanthaburi,Aug,756203,680186,100,60,1337,4.28
P06919,Policy Development,East,Chanthaburi,Aug,717230,717014,100,62,1105,4.0
P06920,Network Strengthening,East,Chanthaburi,Aug,507389,376593,100,94,2901,4.42
P06921,Community Health,East,Chanthaburi,Sep,1815601,1390585,100,65,842,4.14
P06922,Elderly Care,East,Chanthaburi,Sep,1119825,841526,100,95,563,4.41
P06923,Mental Health,East,Chanthaburi,Sep,1892532,1359875,100,84,2513,4.68
P06924,Healthy School,East,Chanthaburi,Sep,1976695,1960135,100,90,2294,4.94
P06925,Food Safety,East,Chanthaburi,Sep,1509395,1140049,100,61,1390,4.78
P06926,NCD Prevention,East,Chanthaburi,Sep,1355458,1135085,100,98,2280,4.56
P06927,Health Data,East,Chanthaburi,Sep,1904348,1862847,100,73,1542,4.24
P06928,Health Promotion,East,Chanthaburi,Sep,1098795,1079238,100,63,279,4.3
P06929,Policy Development,East,Chanthaburi,Sep,566341,415801,100,98,2262,3.96
P06930,Network Strengthening,East,Chanthaburi,Sep,517411,392342,100,75,1789,3.73
P06931,Community Health,East,Chanthaburi,Oct,1217174,902933,100,78,193,3.81
P06932,Elderly Care,East,Chanthaburi,Oct,1369261,1202271,100,62,849,4.53
P06933,Mental Health,East,Chanthaburi,Oct,1511611,1423286,100,72,2491,3.86
P06934,Healthy School,East,Chanthaburi,Oct,1007669,962279,100,77,1269,4.32
P06935,Food Safety,East,Chanthaburi,Oct,1066132,801680,100,98,838,4.68
P06936,NCD Prevention,East,Chanthaburi,Oct,1764718,1721697,100,72,1383,3.92
P06937,Health Data,East,Chanthaburi,Oct,1419334,1379278,100,91,1359,4.11
P06938,Health Promotion,East,Chanthaburi,Oct,525223,500688,100,99,1481,4.59
P06939,Policy Development,East,Chanthaburi,Oct,1327055,963042,100,66,864,4.38
P06940,Network Strengthening,East,Chanthaburi,Oct,696404,647341,100,85,1209,4.12
P06941,Community Health,East,Chanthaburi,Nov,1382576,1018482,100,77,2796,4.91
P06942,Elderly Care,East,Chanthaburi,Nov,1009018,772785,100,92,1740,4.43
P06943,Mental Health,East,Chanthaburi,Nov,1657667,1538711,100,65,2108,4.71
P06944,Healthy School,East,Chanthaburi,Nov,1195706,1014135,100,68,1836,3.92
P06945,Food Safety,East,Chanthaburi,Nov,1640045,1261506,100,81,2744,3.53
P06946,NCD Prevention,East,Chanthaburi,Nov,1370042,1028884,100,73,639,3.72
P06947,Health Data,East,Chanthaburi,Nov,1461077,1354674,100,80,1726,4.51
P06948,Health Promotion,East,Chanthaburi,Nov,1985895,1841705,100,96,1732,3.9
P06949,Policy Development,East,Chanthaburi,Nov,1954749,1874716,100,87,1543,3.74
P06950,Network Strengthening,East,Chanthaburi,Nov,1445418,1309343,100,70,2523,4.56
P06951,Community Health,East,Chanthaburi,Dec,971740,891448,100,92,2076,4.4
P06952,Elderly Care,East,Chanthaburi,Dec,642867,642164,100,62,1935,4.56
P06953,Mental Health,East,Chanthaburi,Dec,1104616,1053521,100,73,789,4.65
P06954,Healthy School,East,Chanthaburi,Dec,1485021,1399088,100,62,2129,4.56
P06955,Food Safety,East,Chanthaburi,Dec,1669703,1242973,100,86,2848,3.64
P06956,NCD Prevention,East,Chanthaburi,Dec,877643,762700,100,98,2828,4.09
P06957,Health Data,East,Chanthaburi,Dec,1049567,823177,100,94,1710,4.54
P06958,Health Promotion,East,Chanthaburi,Dec,519396,372152,100,66,2047,3.82
P06959,Policy Development,East,Chanthaburi,Dec,1881454,1830323,100,79,447,4.03
P06960,Network Strengthening,East,Chanthaburi,Dec,1700717,1443075,100,70,1295,3.57
P06961,Community Health,East,Trat,Jan,539053,407446,100,99,1602,4.79
P06962,Elderly Care,East,Trat,Jan,1441966,1417639,100,62,1107,3.95
P06963,Mental Health,East,Trat,Jan,1704721,1372326,100,98,2350,4.13
P06964,Healthy School,East,Trat,Jan,1657011,1302763,100,91,2677,4.27
P06965,Food Safety,East,Trat,Jan,1326405,1248987,100,70,890,4.81
P06966,NCD Prevention,East,Trat,Jan,910962,702264,100,62,1626,4.5
P06967,Health Data,East,Trat,Jan,1480233,1152274,100,98,211,3.7
P06968,Health Promotion,East,Trat,Jan,1132087,912425,100,81,452,3.52
P06969,Policy Development,East,Trat,Jan,1977594,1684687,100,74,1895,4.41
P06970,Network Strengthening,East,Trat,Jan,1578063,1157452,100,71,1493,4.75
P06971,Community Health,East,Trat,Feb,1877512,1453244,100,64,656,3.76
P06972,Elderly Care,East,Trat,Feb,1832485,1453705,100,100,308,3.69
P06973,Mental Health,East,Trat,Feb,1249562,1197250,100,75,783,4.14
P06974,Healthy School,East,Trat,Feb,1316606,1072553,100,76,487,4.39
P06975,Food Safety,East,Trat,Feb,1008107,989348,100,62,457,4.83
P06976,NCD Prevention,East,Trat,Feb,1418540,1339718,100,100,1770,4.46
P06977,Health Data,East,Trat,Feb,919857,701987,100,93,500,4.15
P06978,Health Promotion,East,Trat,Feb,925131,732551,100,65,1922,4.66
P06979,Policy Development,East,Trat,Feb,1671471,1594681,100,71,1904,4.36
P06980,Network Strengthening,East,Trat,Feb,1827202,1640953,100,86,2667,3.51
P06981,Community Health,East,Trat,Mar,579702,473105,100,80,2446,4.28
P06982,Elderly Care,East,Trat,Mar,1544009,1484115,100,95,2192,3.62
P06983,Mental Health,East,Trat,Mar,646354,626606,100,63,346,3.77
P06984,Healthy School,East,Trat,Mar,826901,595804,100,63,418,3.65
P06985,Food Safety,East,Trat,Mar,853963,650876,100,70,525,4.52
P06986,NCD Prevention,East,Trat,Mar,924721,675407,100,71,201,4.89
P06987,Health Data,East,Trat,Mar,1360545,1248181,100,99,2709,4.53
P06988,Health Promotion,East,Trat,Mar,1058150,950809,100,99,2867,4.37
P06989,Policy Development,East,Trat,Mar,1011373,983414,100,93,696,4.83
P06990,Network Strengthening,East,Trat,Mar,1160379,1031891,100,76,2007,4.25
P06991,Community Health,East,Trat,Apr,676177,572461,100,67,869,3.92
P06992,Elderly Care,East,Trat,Apr,1753977,1323633,100,61,2145,3.96
P06993,Mental Health,East,Trat,Apr,1311570,947578,100,97,265,3.64
P06994,Healthy School,East,Trat,Apr,711121,685524,100,100,1813,4.69
P06995,Food Safety,East,Trat,Apr,1850781,1760718,100,92,287,4.56
P06996,NCD Prevention,East,Trat,Apr,1471017,1466899,100,78,2591,3.83
P06997,Health Data,East,Trat,Apr,1000405,870444,100,67,594,4.98
P06998,Health Promotion,East,Trat,Apr,1945784,1624910,100,86,2453,3.71
P06999,Policy Development,East,Trat,Apr,709371,612632,100,98,1742,4.54
P07000,Network Strengthening,East,Trat,Apr,1335576,1014638,100,62,732,4.96
P07001,Community Health,East,Trat,May,503797,494307,100,81,377,3.89
P07002,Elderly Care,East,Trat,May,1399024,1179909,100,94,2372,4.47
P07003,Mental Health,East,Trat,May,750848,643713,100,99,947,3.55
P07004,Healthy School,East,Trat,May,1239007,1202946,100,60,560,4.46
P07005,Food Safety,East,Trat,May,1802610,1711325,100,64,2398,4.08
P07006,NCD Prevention,East,Trat,May,651924,484084,100,88,1277,4.57
P07007,Health Data,East,Trat,May,842152,826762,100,74,835,3.54
P07008,Health Promotion,East,Trat,May,1687366,1194920,100,99,1010,4.19
P07009,Policy Development,East,Trat,May,1544737,1345840,100,89,2883,4.11
P07010,Network Strengthening,East,Trat,May,881616,859097,100,97,2120,4.43
P07011,Community Health,East,Trat,Jun,1208029,1074817,100,86,396,3.84
P07012,Elderly Care,East,Trat,Jun,1595140,1200223,100,67,1909,4.72
P07013,Mental Health,East,Trat,Jun,1310939,939225,100,88,578,3.6
P07014,Healthy School,East,Trat,Jun,1885014,1730433,100,63,2943,4.03
P07015,Food Safety,East,Trat,Jun,979935,825845,100,88,807,4.69
P07016,NCD Prevention,East,Trat,Jun,1060400,935707,100,92,2065,4.0
P07017,Health Data,East,Trat,Jun,1194775,916077,100,91,1985,4.87
P07018,Health Promotion,East,Trat,Jun,1824124,1364223,100,98,2399,4.57
P07019,Policy Development,East,Trat,Jun,639896,572960,100,61,2974,4.28
P07020,Network Strengthening,East,Trat,Jun,1866089,1747833,100,99,1819,4.2
P07021,Community Health,East,Trat,Jul,1609409,1555693,100,62,1571,3.73
P07022,Elderly Care,East,Trat,Jul,591416,451263,100,73,2493,3.53
P07023,Mental Health,East,Trat,Jul,1284134,936816,100,86,1540,4.88
P07024,Healthy School,East,Trat,Jul,582844,501477,100,65,2841,4.82
P07025,Food Safety,East,Trat,Jul,1220733,1016250,100,62,643,3.84
P07026,NCD Prevention,East,Trat,Jul,1870277,1449716,100,84,1227,3.84
P07027,Health Data,East,Trat,Jul,1732034,1490178,100,83,496,3.74
P07028,Health Promotion,East,Trat,Jul,1165511,978971,100,99,2034,3.52
P07029,Policy Development,East,Trat,Jul,782312,773301,100,85,1261,3.57
P07030,Network Strengthening,East,Trat,Jul,1981197,1649535,100,70,576,4.51
P07031,Community Health,East,Trat,Aug,1704701,1205695,100,67,1851,3.62
P07032,Elderly Care,East,Trat,Aug,738551,570357,100,65,1334,4.71
P07033,Mental Health,East,Trat,Aug,639607,476838,100,83,184,4.4
P07034,Healthy School,East,Trat,Aug,1015655,1007627,100,74,823,4.96
P07035,Food Safety,East,Trat,Aug,537865,430959,100,95,503,3.96
P07036,NCD Prevention,East,Trat,Aug,761366,549841,100,88,1724,4.6
P07037,Health Data,East,Trat,Aug,1734323,1324442,100,86,2188,4.92
P07038,Health Promotion,East,Trat,Aug,1092922,926543,100,71,531,4.62
P07039,Policy Development,East,Trat,Aug,550913,460961,100,96,2742,4.37
P07040,Network Strengthening,East,Trat,Aug,629377,557503,100,71,2456,4.74
P07041,Community Health,East,Trat,Sep,721337,586893,100,60,2552,4.67
P07042,Elderly Care,East,Trat,Sep,1156705,1048229,100,98,295,4.96
P07043,Mental Health,East,Trat,Sep,1483140,1411264,100,76,633,4.35
P07044,Healthy School,East,Trat,Sep,1456718,1220329,100,100,1848,3.56
P07045,Food Safety,East,Trat,Sep,969238,800580,100,74,2021,4.21
P07046,NCD Prevention,East,Trat,Sep,1957863,1747848,100,94,1347,4.99
P07047,Health Data,East,Trat,Sep,1767181,1452697,100,87,478,4.75
P07048,Health Promotion,East,Trat,Sep,1318835,1071006,100,80,2948,3.5
P07049,Policy Development,East,Trat,Sep,1044573,862368,100,89,498,4.1
P07050,Network Strengthening,East,Trat,Sep,785941,769511,100,65,347,4.46
P07051,Community Health,East,Trat,Oct,1490253,1111536,100,77,1471,3.82
P07052,Elderly Care,East,Trat,Oct,837863,660305,100,78,1131,4.57
P07053,Mental Health,East,Trat,Oct,988867,960885,100,77,1503,3.61
P07054,Healthy School,East,Trat,Oct,503257,444874,100,61,552,4.48
P07055,Food Safety,East,Trat,Oct,1801480,1395074,100,97,338,4.95
P07056,NCD Prevention,East,Trat,Oct,1546104,1501127,100,74,1465,3.66
P07057,Health Data,East,Trat,Oct,1031846,965978,100,79,294,4.27
P07058,Health Promotion,East,Trat,Oct,1113827,852427,100,67,1461,4.02
P07059,Policy Development,East,Trat,Oct,1717872,1467456,100,88,2549,4.35
P07060,Network Strengthening,East,Trat,Oct,1651771,1446403,100,91,1269,4.89
P07061,Community Health,East,Trat,Nov,1754494,1635655,100,91,2009,4.15
P07062,Elderly Care,East,Trat,Nov,1321017,1205191,100,77,2664,4.66
P07063,Mental Health,East,Trat,Nov,1660604,1574995,100,63,2801,4.55
P07064,Healthy School,East,Trat,Nov,596618,427953,100,95,1949,3.69
P07065,Food Safety,East,Trat,Nov,1703234,1207344,100,90,2172,4.96
P07066,NCD Prevention,East,Trat,Nov,938256,697575,100,65,2762,3.88
P07067,Health Data,East,Trat,Nov,1008829,965530,100,75,2430,4.33
P07068,Health Promotion,East,Trat,Nov,1996796,1752356,100,65,1604,3.57
P07069,Policy Development,East,Trat,Nov,591033,496161,100,89,1106,4.96
P07070,Network Strengthening,East,Trat,Nov,1630141,1491327,100,87,957,4.81
P07071,Community Health,East,Trat,Dec,543264,491672,100,78,1707,4.91
P07072,Elderly Care,East,Trat,Dec,849509,657134,100,69,661,4.0
P07073,Mental Health,East,Trat,Dec,1734930,1347104,100,86,2994,4.33
P07074,Healthy School,East,Trat,Dec,1898595,1585455,100,63,2266,3.65
P07075,Food Safety,East,Trat,Dec,825545,748333,100,99,2326,4.08
P07076,NCD Prevention,East,Trat,Dec,873854,773534,100,97,2691,4.02
P07077,Health Data,East,Trat,Dec,1323406,1024314,100,88,2244,4.38
P07078,Health Promotion,East,Trat,Dec,870929,668612,100,98,2022,4.13
P07079,Policy Development,East,Trat,Dec,1134961,1078530,100,100,2819,4.16
P07080,Network Strengthening,East,Trat,Dec,602637,449683,100,89,2439,4.68
P07081,Community Health,East,Prachin Buri,Jan,1811075,1507472,100,83,1122,4.6
P07082,Elderly Care,East,Prachin Buri,Jan,1594145,1328068,100,75,2506,3.85
P07083,Mental Health,East,Prachin Buri,Jan,843721,646735,100,96,2259,4.04
P07084,Healthy School,East,Prachin Buri,Jan,1727789,1600306,100,66,2559,4.34
P07085,Food Safety,East,Prachin Buri,Jan,746104,552875,100,66,2821,4.23
P07086,NCD Prevention,East,Prachin Buri,Jan,662037,578799,100,71,383,4.46
P07087,Health Data,East,Prachin Buri,Jan,566794,493066,100,78,1246,4.14
P07088,Health Promotion,East,Prachin Buri,Jan,1472667,1337677,100,67,2092,4.87
P07089,Policy Development,East,Prachin Buri,Jan,619073,529849,100,63,418,4.89
P07090,Network Strengthening,East,Prachin Buri,Jan,991870,926921,100,85,2403,3.89
P07091,Community Health,East,Prachin Buri,Feb,1717714,1326289,100,98,1020,3.51
P07092,Elderly Care,East,Prachin Buri,Feb,1924595,1504654,100,90,1095,4.32
P07093,Mental Health,East,Prachin Buri,Feb,862002,829224,100,95,1776,4.08
P07094,Healthy School,East,Prachin Buri,Feb,1625361,1449477,100,60,2314,4.47
P07095,Food Safety,East,Prachin Buri,Feb,808063,624213,100,70,362,4.09
P07096,NCD Prevention,East,Prachin Buri,Feb,612733,609195,100,94,2516,4.56
P07097,Health Data,East,Prachin Buri,Feb,741339,666190,100,69,2219,4.42
P07098,Health Promotion,East,Prachin Buri,Feb,995377,879373,100,90,1845,4.39
P07099,Policy Development,East,Prachin Buri,Feb,1426120,1166125,100,88,1724,4.49
P07100,Network Strengthening,East,Prachin Buri,Feb,1642802,1594437,100,74,2133,3.82
P07101,Community Health,East,Prachin Buri,Mar,1363896,1179551,100,94,380,3.71
P07102,Elderly Care,East,Prachin Buri,Mar,573902,455553,100,72,524,4.5
P07103,Mental Health,East,Prachin Buri,Mar,1589996,1380380,100,98,1284,3.96
P07104,Healthy School,East,Prachin Buri,Mar,762901,645655,100,85,1349,4.33
P07105,Food Safety,East,Prachin Buri,Mar,635724,543968,100,89,2195,4.71
P07106,NCD Prevention,East,Prachin Buri,Mar,913228,761692,100,96,665,4.56
P07107,Health Data,East,Prachin Buri,Mar,1846437,1722176,100,87,1786,4.87
P07108,Health Promotion,East,Prachin Buri,Mar,681418,655719,100,67,815,4.68
P07109,Policy Development,East,Prachin Buri,Mar,1673372,1578776,100,64,481,4.29
P07110,Network Strengthening,East,Prachin Buri,Mar,1551778,1114276,100,84,2542,4.4
P07111,Community Health,East,Prachin Buri,Apr,1472908,1322627,100,77,686,4.52
P07112,Elderly Care,East,Prachin Buri,Apr,1838844,1802474,100,87,1028,4.83
P07113,Mental Health,East,Prachin Buri,Apr,1917960,1396094,100,74,1095,4.05
P07114,Healthy School,East,Prachin Buri,Apr,903371,806213,100,94,863,4.31
P07115,Food Safety,East,Prachin Buri,Apr,940498,724521,100,75,1734,3.74
P07116,NCD Prevention,East,Prachin Buri,Apr,1852761,1344778,100,94,1824,3.8
P07117,Health Data,East,Prachin Buri,Apr,1838768,1763990,100,73,580,4.0
P07118,Health Promotion,East,Prachin Buri,Apr,1749451,1489439,100,68,922,3.95
P07119,Policy Development,East,Prachin Buri,Apr,1884723,1362815,100,81,959,3.63
P07120,Network Strengthening,East,Prachin Buri,Apr,1702527,1199607,100,70,693,4.18
P07121,Community Health,East,Prachin Buri,May,1577743,1391077,100,90,1150,4.59
P07122,Elderly Care,East,Prachin Buri,May,676574,525365,100,84,698,3.62
P07123,Mental Health,East,Prachin Buri,May,802718,591188,100,85,2213,4.71
P07124,Healthy School,East,Prachin Buri,May,562778,414415,100,65,1508,3.56
P07125,Food Safety,East,Prachin Buri,May,712880,712370,100,85,870,4.93
P07126,NCD Prevention,East,Prachin Buri,May,1840327,1732213,100,90,555,3.96
P07127,Health Data,East,Prachin Buri,May,1782348,1359610,100,68,980,4.09
P07128,Health Promotion,East,Prachin Buri,May,1751334,1590207,100,80,1713,3.82
P07129,Policy Development,East,Prachin Buri,May,1725046,1434564,100,95,689,3.5
P07130,Network Strengthening,East,Prachin Buri,May,1144604,998110,100,79,1834,4.92
P07131,Community Health,East,Prachin Buri,Jun,1786487,1258592,100,94,725,3.52
P07132,Elderly Care,East,Prachin Buri,Jun,1963586,1793590,100,79,1071,3.71
P07133,Mental Health,East,Prachin Buri,Jun,1348974,990650,100,79,2975,4.96
P07134,Healthy School,East,Prachin Buri,Jun,553704,473357,100,64,1965,4.96
P07135,Food Safety,East,Prachin Buri,Jun,1334288,1161130,100,70,1897,3.82
P07136,NCD Prevention,East,Prachin Buri,Jun,1034666,972025,100,78,190,3.68
P07137,Health Data,East,Prachin Buri,Jun,1804669,1742964,100,65,2471,4.26
P07138,Health Promotion,East,Prachin Buri,Jun,1247721,939939,100,76,295,3.77
P07139,Policy Development,East,Prachin Buri,Jun,1777813,1326253,100,91,1273,4.22
P07140,Network Strengthening,East,Prachin Buri,Jun,1354397,1018168,100,100,610,4.13
P07141,Community Health,East,Prachin Buri,Jul,814522,591859,100,89,1801,3.7
P07142,Elderly Care,East,Prachin Buri,Jul,1416152,1221804,100,69,1460,3.58
P07143,Mental Health,East,Prachin Buri,Jul,1699625,1645525,100,94,1771,4.45
P07144,Healthy School,East,Prachin Buri,Jul,1187824,931027,100,91,1297,3.99
P07145,Food Safety,East,Prachin Buri,Jul,773390,613047,100,90,894,4.92
P07146,NCD Prevention,East,Prachin Buri,Jul,1990230,1534114,100,65,1112,3.56
P07147,Health Data,East,Prachin Buri,Jul,965911,697932,100,94,1567,3.56
P07148,Health Promotion,East,Prachin Buri,Jul,942247,841274,100,73,2509,4.34
P07149,Policy Development,East,Prachin Buri,Jul,962265,791858,100,85,1566,4.33
P07150,Network Strengthening,East,Prachin Buri,Jul,1587946,1430097,100,73,2605,4.59
P07151,Community Health,East,Prachin Buri,Aug,1232478,1201841,100,95,1707,4.73
P07152,Elderly Care,East,Prachin Buri,Aug,1112885,859450,100,76,339,3.85
P07153,Mental Health,East,Prachin Buri,Aug,1614684,1326985,100,73,430,4.78
P07154,Healthy School,East,Prachin Buri,Aug,1770305,1324925,100,91,1017,4.05
P07155,Food Safety,East,Prachin Buri,Aug,1910573,1375689,100,70,2880,4.2
P07156,NCD Prevention,East,Prachin Buri,Aug,1594356,1593175,100,80,1673,3.78
P07157,Health Data,East,Prachin Buri,Aug,870871,676384,100,76,1660,3.8
P07158,Health Promotion,East,Prachin Buri,Aug,637829,482504,100,90,2434,4.48
P07159,Policy Development,East,Prachin Buri,Aug,1989612,1455427,100,93,2857,4.58
P07160,Network Strengthening,East,Prachin Buri,Aug,1826204,1761313,100,92,1700,4.29
P07161,Community Health,East,Prachin Buri,Sep,1516804,1070348,100,69,2884,4.28
P07162,Elderly Care,East,Prachin Buri,Sep,1891187,1844922,100,97,2881,3.77
P07163,Mental Health,East,Prachin Buri,Sep,918974,780138,100,67,570,4.21
P07164,Healthy School,East,Prachin Buri,Sep,950104,873505,100,62,2903,4.92
P07165,Food Safety,East,Prachin Buri,Sep,1071934,1010602,100,100,1893,4.01
P07166,NCD Prevention,East,Prachin Buri,Sep,1353397,1069253,100,65,1328,3.63
P07167,Health Data,East,Prachin Buri,Sep,552687,549555,100,87,672,4.67
P07168,Health Promotion,East,Prachin Buri,Sep,1120685,1029378,100,95,341,3.97
P07169,Policy Development,East,Prachin Buri,Sep,1461914,1343493,100,70,570,4.09
P07170,Network Strengthening,East,Prachin Buri,Sep,693501,518427,100,91,2390,3.93
P07171,Community Health,East,Prachin Buri,Oct,1031487,830655,100,98,1473,4.58
P07172,Elderly Care,East,Prachin Buri,Oct,593540,420081,100,67,2592,4.52
P07173,Mental Health,East,Prachin Buri,Oct,614092,448069,100,85,166,4.83
P07174,Healthy School,East,Prachin Buri,Oct,1158086,966904,100,89,1913,4.01
P07175,Food Safety,East,Prachin Buri,Oct,858541,854304,100,100,1531,4.55
P07176,NCD Prevention,East,Prachin Buri,Oct,1122544,983737,100,69,1124,4.86
P07177,Health Data,East,Prachin Buri,Oct,821659,618409,100,78,1736,3.83
P07178,Health Promotion,East,Prachin Buri,Oct,1422037,1166159,100,97,1258,3.94
P07179,Policy Development,East,Prachin Buri,Oct,1948942,1814448,100,93,1469,3.89
P07180,Network Strengthening,East,Prachin Buri,Oct,576921,470832,100,71,1733,4.22
P07181,Community Health,East,Prachin Buri,Nov,1750851,1712012,100,61,2607,3.83
P07182,Elderly Care,East,Prachin Buri,Nov,1516057,1068902,100,74,1652,5.0
P07183,Mental Health,East,Prachin Buri,Nov,1563826,1243798,100,95,2826,4.21
P07184,Healthy School,East,Prachin Buri,Nov,1153826,1094443,100,96,1310,3.81
P07185,Food Safety,East,Prachin Buri,Nov,508317,425219,100,81,983,4.3
P07186,NCD Prevention,East,Prachin Buri,Nov,1715842,1516169,100,92,1310,3.91
P07187,Health Data,East,Prachin Buri,Nov,1039706,884750,100,71,2493,4.5
P07188,Health Promotion,East,Prachin Buri,Nov,1816610,1493572,100,100,1303,4.96
P07189,Policy Development,East,Prachin Buri,Nov,727250,569779,100,95,696,3.86
P07190,Network Strengthening,East,Prachin Buri,Nov,1367603,1032369,100,60,1516,4.88
P07191,Community Health,East,Prachin Buri,Dec,1647079,1290299,100,92,1628,4.39
P07192,Elderly Care,East,Prachin Buri,Dec,1086820,875779,100,77,2983,3.69
P07193,Mental Health,East,Prachin Buri,Dec,1568937,1391791,100,76,1980,3.56
P07194,Healthy School,East,Prachin Buri,Dec,1345810,1174173,100,93,2579,4.72
P07195,Food Safety,East,Prachin Buri,Dec,1403723,1107698,100,94,1121,4.24
P07196,NCD Prevention,East,Prachin Buri,Dec,979378,693622,100,61,383,3.95
P07197,Health Data,East,Prachin Buri,Dec,1892842,1465267,100,64,2898,4.82
P07198,Health Promotion,East,Prachin Buri,Dec,1044922,954504,100,97,2329,3.74
P07199,Policy Development,East,Prachin Buri,Dec,1344119,1293482,100,100,479,3.62
P07200,Network Strengthening,East,Prachin Buri,Dec,1351414,1227519,100,93,168,3.54
P07201,Community Health,East,Sa Kaeo,Jan,1951075,1723576,100,76,1140,4.93
P07202,Elderly Care,East,Sa Kaeo,Jan,1428812,1381936,100,74,751,4.53
P07203,Mental Health,East,Sa Kaeo,Jan,1588396,1537754,100,93,2581,4.47
P07204,Healthy School,East,Sa Kaeo,Jan,1697228,1462236,100,90,477,4.58
P07205,Food Safety,East,Sa Kaeo,Jan,1292866,1063337,100,96,767,4.63
P07206,NCD Prevention,East,Sa Kaeo,Jan,784068,660897,100,72,162,3.95
P07207,Health Data,East,Sa Kaeo,Jan,657971,612018,100,66,2200,3.58
P07208,Health Promotion,East,Sa Kaeo,Jan,616954,525286,100,62,1138,4.65
P07209,Policy Development,East,Sa Kaeo,Jan,996867,952188,100,69,2336,4.91
P07210,Network Strengthening,East,Sa Kaeo,Jan,527620,381570,100,86,1522,4.89
P07211,Community Health,East,Sa Kaeo,Feb,1288165,1064632,100,66,2201,4.25
P07212,Elderly Care,East,Sa Kaeo,Feb,684989,487817,100,91,1504,3.69
P07213,Mental Health,East,Sa Kaeo,Feb,1204231,1136099,100,85,2777,4.8
P07214,Healthy School,East,Sa Kaeo,Feb,965646,829880,100,99,2807,4.67
P07215,Food Safety,East,Sa Kaeo,Feb,1613850,1307420,100,60,2078,4.8
P07216,NCD Prevention,East,Sa Kaeo,Feb,842514,653899,100,99,819,3.73
P07217,Health Data,East,Sa Kaeo,Feb,1601786,1413808,100,93,428,4.29
P07218,Health Promotion,East,Sa Kaeo,Feb,1350027,1045050,100,69,1952,3.67
P07219,Policy Development,East,Sa Kaeo,Feb,1751073,1427865,100,80,2320,4.23
P07220,Network Strengthening,East,Sa Kaeo,Feb,1198968,994366,100,83,1974,4.19
P07221,Community Health,East,Sa Kaeo,Mar,1072272,1023573,100,100,499,3.78
P07222,Elderly Care,East,Sa Kaeo,Mar,1104388,1068105,100,97,2660,4.72
P07223,Mental Health,East,Sa Kaeo,Mar,824281,670322,100,85,2260,3.83
P07224,Healthy School,East,Sa Kaeo,Mar,726879,532944,100,89,307,3.97
P07225,Food Safety,East,Sa Kaeo,Mar,955129,932228,100,88,958,4.03
P07226,NCD Prevention,East,Sa Kaeo,Mar,1660032,1317538,100,69,1891,4.8
P07227,Health Data,East,Sa Kaeo,Mar,1873438,1317284,100,79,1343,4.94
P07228,Health Promotion,East,Sa Kaeo,Mar,576316,546979,100,77,900,4.97
P07229,Policy Development,East,Sa Kaeo,Mar,1517954,1469518,100,82,674,3.72
P07230,Network Strengthening,East,Sa Kaeo,Mar,1373278,1081207,100,79,985,4.38
P07231,Community Health,East,Sa Kaeo,Apr,901719,761111,100,90,2435,3.63
P07232,Elderly Care,East,Sa Kaeo,Apr,1301098,1190887,100,90,2307,4.38
P07233,Mental Health,East,Sa Kaeo,Apr,1955520,1373857,100,77,491,4.84
P07234,Healthy School,East,Sa Kaeo,Apr,984634,885007,100,66,1238,4.78
P07235,Food Safety,East,Sa Kaeo,Apr,851939,725411,100,65,1915,4.14
P07236,NCD Prevention,East,Sa Kaeo,Apr,1629541,1205924,100,74,1972,4.53
P07237,Health Data,East,Sa Kaeo,Apr,1708880,1405832,100,69,628,3.89
P07238,Health Promotion,East,Sa Kaeo,Apr,949730,899680,100,76,443,4.2
P07239,Policy Development,East,Sa Kaeo,Apr,564232,418358,100,75,2230,4.22
P07240,Network Strengthening,East,Sa Kaeo,Apr,594398,568673,100,71,1413,3.52
P07241,Community Health,East,Sa Kaeo,May,1964623,1671645,100,94,780,4.89
P07242,Elderly Care,East,Sa Kaeo,May,1690108,1659304,100,66,1500,4.23
P07243,Mental Health,East,Sa Kaeo,May,1665222,1511995,100,86,236,3.63
P07244,Healthy School,East,Sa Kaeo,May,1663846,1311617,100,74,2297,4.71
P07245,Food Safety,East,Sa Kaeo,May,864238,649633,100,90,477,3.85
P07246,NCD Prevention,East,Sa Kaeo,May,1333697,1102062,100,69,2383,4.18
P07247,Health Data,East,Sa Kaeo,May,681750,556489,100,89,1518,4.92
P07248,Health Promotion,East,Sa Kaeo,May,1919601,1790526,100,82,2016,4.88
P07249,Policy Development,East,Sa Kaeo,May,1808538,1365396,100,71,621,3.73
P07250,Network Strengthening,East,Sa Kaeo,May,1885213,1852919,100,71,2909,3.53
P07251,Community Health,East,Sa Kaeo,Jun,1673844,1320346,100,61,2371,4.74
P07252,Elderly Care,East,Sa Kaeo,Jun,1675224,1378510,100,100,1870,4.66
P07253,Mental Health,East,Sa Kaeo,Jun,947322,732215,100,98,2143,4.64
P07254,Healthy School,East,Sa Kaeo,Jun,1671604,1272078,100,60,1154,3.95
P07255,Food Safety,East,Sa Kaeo,Jun,1317881,1298023,100,90,2984,4.72
P07256,NCD Prevention,East,Sa Kaeo,Jun,1375120,1325752,100,87,409,3.61
P07257,Health Data,East,Sa Kaeo,Jun,1126790,893336,100,87,2069,3.53
P07258,Health Promotion,East,Sa Kaeo,Jun,1914801,1776165,100,62,1021,3.92
P07259,Policy Development,East,Sa Kaeo,Jun,979599,846094,100,93,1763,4.18
P07260,Network Strengthening,East,Sa Kaeo,Jun,574721,552184,100,95,1520,3.7
P07261,Community Health,East,Sa Kaeo,Jul,1324249,937378,100,85,2655,4.48
P07262,Elderly Care,East,Sa Kaeo,Jul,1975503,1853301,100,84,2877,4.21
P07263,Mental Health,East,Sa Kaeo,Jul,1831287,1613128,100,79,2159,4.97
P07264,Healthy School,East,Sa Kaeo,Jul,1933279,1424592,100,96,2592,4.76
P07265,Food Safety,East,Sa Kaeo,Jul,713850,508146,100,92,1947,3.83
P07266,NCD Prevention,East,Sa Kaeo,Jul,1989691,1987731,100,71,949,3.98
P07267,Health Data,East,Sa Kaeo,Jul,1253863,915994,100,99,818,3.56
P07268,Health Promotion,East,Sa Kaeo,Jul,1875056,1750183,100,84,1741,4.65
P07269,Policy Development,East,Sa Kaeo,Jul,563725,520437,100,67,2671,4.78
P07270,Network Strengthening,East,Sa Kaeo,Jul,1633870,1484225,100,87,1017,3.62
P07271,Community Health,East,Sa Kaeo,Aug,1416639,1033144,100,88,702,4.68
P07272,Elderly Care,East,Sa Kaeo,Aug,1235842,956626,100,98,1809,3.73
P07273,Mental Health,East,Sa Kaeo,Aug,1148832,839714,100,66,1169,4.21
P07274,Healthy School,East,Sa Kaeo,Aug,696532,605762,100,83,955,4.28
P07275,Food Safety,East,Sa Kaeo,Aug,824878,723591,100,94,1580,4.53
P07276,NCD Prevention,East,Sa Kaeo,Aug,721900,595011,100,91,2357,3.65
P07277,Health Data,East,Sa Kaeo,Aug,1342590,1082903,100,90,677,4.35
P07278,Health Promotion,East,Sa Kaeo,Aug,1837638,1520848,100,86,173,3.61
P07279,Policy Development,East,Sa Kaeo,Aug,1756468,1616349,100,77,2828,4.55
P07280,Network Strengthening,East,Sa Kaeo,Aug,1891378,1535690,100,75,2847,3.82
P07281,Community Health,East,Sa Kaeo,Sep,1563887,1535384,100,86,1766,3.64
P07282,Elderly Care,East,Sa Kaeo,Sep,1666267,1283910,100,74,2601,4.4
P07283,Mental Health,East,Sa Kaeo,Sep,1014873,903455,100,97,868,3.52
P07284,Healthy School,East,Sa Kaeo,Sep,1055961,953050,100,67,2380,4.73
P07285,Food Safety,East,Sa Kaeo,Sep,1633229,1444288,100,84,199,4.84
P07286,NCD Prevention,East,Sa Kaeo,Sep,1471788,1411649,100,91,1966,3.87
P07287,Health Data,East,Sa Kaeo,Sep,1499152,1090566,100,69,908,3.73
P07288,Health Promotion,East,Sa Kaeo,Sep,677915,611394,100,86,2943,3.82
P07289,Policy Development,East,Sa Kaeo,Sep,551796,420198,100,99,2231,3.86
P07290,Network Strengthening,East,Sa Kaeo,Sep,1635378,1240678,100,71,447,4.3
P07291,Community Health,East,Sa Kaeo,Oct,1546966,1371972,100,98,2857,4.24
P07292,Elderly Care,East,Sa Kaeo,Oct,935231,854167,100,80,2265,3.85
P07293,Mental Health,East,Sa Kaeo,Oct,1118846,1076169,100,84,2838,4.2
P07294,Healthy School,East,Sa Kaeo,Oct,1360099,954447,100,94,2231,4.91
P07295,Food Safety,East,Sa Kaeo,Oct,1594173,1368042,100,95,1136,4.0
P07296,NCD Prevention,East,Sa Kaeo,Oct,1544692,1370262,100,80,1835,3.98
P07297,Health Data,East,Sa Kaeo,Oct,1704793,1224565,100,97,686,4.0
P07298,Health Promotion,East,Sa Kaeo,Oct,1435367,1175534,100,100,2093,3.59
P07299,Policy Development,East,Sa Kaeo,Oct,897466,888485,100,68,2150,4.99
P07300,Network Strengthening,East,Sa Kaeo,Oct,1677240,1320601,100,68,2115,3.53
P07301,Community Health,East,Sa Kaeo,Nov,980497,973390,100,83,1330,4.25
P07302,Elderly Care,East,Sa Kaeo,Nov,915824,700682,100,89,1702,4.11
P07303,Mental Health,East,Sa Kaeo,Nov,616279,527411,100,76,2961,4.68
P07304,Healthy School,East,Sa Kaeo,Nov,1317262,922588,100,80,1876,4.47
P07305,Food Safety,East,Sa Kaeo,Nov,1419011,1251911,100,83,2255,3.82
P07306,NCD Prevention,East,Sa Kaeo,Nov,1666887,1440934,100,93,2160,4.32
P07307,Health Data,East,Sa Kaeo,Nov,1085231,987087,100,71,1072,4.08
P07308,Health Promotion,East,Sa Kaeo,Nov,1226224,1194733,100,74,1214,4.58
P07309,Policy Development,East,Sa Kaeo,Nov,1824787,1387499,100,68,1453,4.34
P07310,Network Strengthening,East,Sa Kaeo,Nov,1558105,1159435,100,72,850,4.48
P07311,Community Health,East,Sa Kaeo,Dec,1244602,1013055,100,86,2909,4.07
P07312,Elderly Care,East,Sa Kaeo,Dec,974908,967752,100,86,2257,4.15
P07313,Mental Health,East,Sa Kaeo,Dec,1295414,1082121,100,72,2505,4.58
P07314,Healthy School,East,Sa Kaeo,Dec,609040,504195,100,89,2045,4.76
P07315,Food Safety,East,Sa Kaeo,Dec,973210,783735,100,86,896,4.19
P07316,NCD Prevention,East,Sa Kaeo,Dec,799363,757767,100,81,2457,4.42
P07317,Health Data,East,Sa Kaeo,Dec,1199038,1088113,100,61,896,3.95
P07318,Health Promotion,East,Sa Kaeo,Dec,629224,604882,100,68,2859,4.65
P07319,Policy Development,East,Sa Kaeo,Dec,1023118,746882,100,88,2939,4.78
P07320,Network Strengthening,East,Sa Kaeo,Dec,1033086,746527,100,76,1367,4.44
P07321,Community Health,East,Chachoengsao,Jan,952668,934219,100,92,2698,4.54
P07322,Elderly Care,East,Chachoengsao,Jan,707502,636202,100,78,2244,4.84
P07323,Mental Health,East,Chachoengsao,Jan,1953805,1664958,100,97,959,3.56
P07324,Healthy School,East,Chachoengsao,Jan,1549930,1188282,100,85,516,4.27
P07325,Food Safety,East,Chachoengsao,Jan,1354760,967207,100,61,1353,4.76
P07326,NCD Prevention,East,Chachoengsao,Jan,830177,758566,100,81,2342,4.75
P07327,Health Data,East,Chachoengsao,Jan,1794963,1400387,100,88,1878,4.63
P07328,Health Promotion,East,Chachoengsao,Jan,1441905,1349859,100,78,724,4.97
P07329,Policy Development,East,Chachoengsao,Jan,1898281,1360623,100,62,2210,4.47
P07330,Network Strengthening,East,Chachoengsao,Jan,1619099,1500124,100,88,225,3.75
P07331,Community Health,East,Chachoengsao,Feb,1034073,781073,100,88,2894,3.96
P07332,Elderly Care,East,Chachoengsao,Feb,1306443,1031617,100,79,2718,3.89
P07333,Mental Health,East,Chachoengsao,Feb,1850908,1668638,100,94,1988,4.88
P07334,Healthy School,East,Chachoengsao,Feb,1051784,1017518,100,100,1049,4.8
P07335,Food Safety,East,Chachoengsao,Feb,1531277,1200005,100,73,1418,4.48
P07336,NCD Prevention,East,Chachoengsao,Feb,1497437,1487321,100,71,911,4.41
P07337,Health Data,East,Chachoengsao,Feb,845215,622803,100,93,2794,4.59
P07338,Health Promotion,East,Chachoengsao,Feb,694295,681864,100,89,2223,3.5
P07339,Policy Development,East,Chachoengsao,Feb,655970,498839,100,86,229,4.93
P07340,Network Strengthening,East,Chachoengsao,Feb,730187,521961,100,65,2696,3.87
P07341,Community Health,East,Chachoengsao,Mar,1945040,1893187,100,73,1582,3.71
P07342,Elderly Care,East,Chachoengsao,Mar,1096166,1004591,100,96,1808,3.62
P07343,Mental Health,East,Chachoengsao,Mar,639031,459596,100,65,310,3.76
P07344,Healthy School,East,Chachoengsao,Mar,1914843,1785481,100,63,2763,4.07
P07345,Food Safety,East,Chachoengsao,Mar,512511,454742,100,60,486,4.43
P07346,NCD Prevention,East,Chachoengsao,Mar,1562406,1331154,100,63,912,3.87
P07347,Health Data,East,Chachoengsao,Mar,1825711,1476788,100,72,2672,4.45
P07348,Health Promotion,East,Chachoengsao,Mar,967880,856654,100,69,2323,4.27
P07349,Policy Development,East,Chachoengsao,Mar,1996041,1432785,100,81,400,4.74
P07350,Network Strengthening,East,Chachoengsao,Mar,882751,641573,100,87,594,4.74
P07351,Community Health,East,Chachoengsao,Apr,1051644,892489,100,80,1862,4.48
P07352,Elderly Care,East,Chachoengsao,Apr,1032274,883109,100,63,2746,4.15
P07353,Mental Health,East,Chachoengsao,Apr,584332,442802,100,96,1984,4.39
P07354,Healthy School,East,Chachoengsao,Apr,890084,625358,100,78,1895,3.59
P07355,Food Safety,East,Chachoengsao,Apr,1238774,1090131,100,87,1853,4.3
P07356,NCD Prevention,East,Chachoengsao,Apr,1475664,1281302,100,91,873,3.58
P07357,Health Data,East,Chachoengsao,Apr,562025,488864,100,79,2086,4.65
P07358,Health Promotion,East,Chachoengsao,Apr,632762,495915,100,78,2240,4.79
P07359,Policy Development,East,Chachoengsao,Apr,1361616,1110854,100,69,190,3.71
P07360,Network Strengthening,East,Chachoengsao,Apr,1103639,908536,100,74,2413,3.58
P07361,Community Health,East,Chachoengsao,May,1960679,1820773,100,62,1206,4.51
P07362,Elderly Care,East,Chachoengsao,May,1013289,915567,100,82,2841,4.71
P07363,Mental Health,East,Chachoengsao,May,1510644,1245544,100,63,713,4.31
P07364,Healthy School,East,Chachoengsao,May,1971728,1650149,100,67,606,3.88
P07365,Food Safety,East,Chachoengsao,May,1512799,1498708,100,94,1507,3.87
P07366,NCD Prevention,East,Chachoengsao,May,1088326,878224,100,83,934,3.71
P07367,Health Data,East,Chachoengsao,May,1294750,951389,100,88,2086,4.86
P07368,Health Promotion,East,Chachoengsao,May,1421049,1087873,100,62,2428,4.7
P07369,Policy Development,East,Chachoengsao,May,1348881,951416,100,71,261,4.72
P07370,Network Strengthening,East,Chachoengsao,May,906893,869711,100,84,569,4.13
P07371,Community Health,East,Chachoengsao,Jun,919485,888655,100,61,368,3.56
P07372,Elderly Care,East,Chachoengsao,Jun,1324444,1115738,100,81,2318,4.45
P07373,Mental Health,East,Chachoengsao,Jun,1193997,851597,100,66,606,4.73
P07374,Healthy School,East,Chachoengsao,Jun,781570,709288,100,93,268,4.19
P07375,Food Safety,East,Chachoengsao,Jun,1022910,790225,100,72,414,4.99
P07376,NCD Prevention,East,Chachoengsao,Jun,1915161,1895409,100,76,580,4.58
P07377,Health Data,East,Chachoengsao,Jun,1897201,1405345,100,67,1953,3.75
P07378,Health Promotion,East,Chachoengsao,Jun,1713896,1606447,100,69,1190,3.65
P07379,Policy Development,East,Chachoengsao,Jun,537943,506628,100,83,806,4.04
P07380,Network Strengthening,East,Chachoengsao,Jun,1919377,1735708,100,93,707,4.86
P07381,Community Health,East,Chachoengsao,Jul,1011266,802720,100,77,319,4.63
P07382,Elderly Care,East,Chachoengsao,Jul,839343,765272,100,79,2366,4.02
P07383,Mental Health,East,Chachoengsao,Jul,822057,600376,100,96,2853,4.31
P07384,Healthy School,East,Chachoengsao,Jul,999581,819252,100,70,2641,3.62
P07385,Food Safety,East,Chachoengsao,Jul,943430,700652,100,63,1514,4.25
P07386,NCD Prevention,East,Chachoengsao,Jul,1360771,962642,100,73,2090,3.81
P07387,Health Data,East,Chachoengsao,Jul,1778768,1771519,100,63,929,3.89
P07388,Health Promotion,East,Chachoengsao,Jul,929518,859533,100,93,789,4.74
P07389,Policy Development,East,Chachoengsao,Jul,965842,727050,100,76,2412,4.47
P07390,Network Strengthening,East,Chachoengsao,Jul,1323532,1119431,100,70,1873,4.78
P07391,Community Health,East,Chachoengsao,Aug,1938937,1630048,100,96,1773,4.35
P07392,Elderly Care,East,Chachoengsao,Aug,1096338,769702,100,89,1004,3.62
P07393,Mental Health,East,Chachoengsao,Aug,922613,705992,100,67,2243,4.99
P07394,Healthy School,East,Chachoengsao,Aug,719125,593870,100,61,827,4.16
P07395,Food Safety,East,Chachoengsao,Aug,1804214,1689436,100,84,2650,4.12
P07396,NCD Prevention,East,Chachoengsao,Aug,920841,748827,100,77,1990,4.15
P07397,Health Data,East,Chachoengsao,Aug,1535170,1361778,100,90,2551,4.02
P07398,Health Promotion,East,Chachoengsao,Aug,1069676,939976,100,79,1762,4.35
P07399,Policy Development,East,Chachoengsao,Aug,901385,801785,100,79,1345,4.45
P07400,Network Strengthening,East,Chachoengsao,Aug,1783258,1660431,100,84,1489,4.64
P07401,Community Health,East,Chachoengsao,Sep,945292,793790,100,63,2053,4.76
P07402,Elderly Care,East,Chachoengsao,Sep,1760697,1563032,100,92,2666,4.76
P07403,Mental Health,East,Chachoengsao,Sep,891438,769583,100,93,296,4.07
P07404,Healthy School,East,Chachoengsao,Sep,755214,721116,100,78,2615,3.76
P07405,Food Safety,East,Chachoengsao,Sep,1969644,1751623,100,93,169,4.66
P07406,NCD Prevention,East,Chachoengsao,Sep,1667964,1169164,100,77,1467,3.87
P07407,Health Data,East,Chachoengsao,Sep,806407,622391,100,73,1493,3.75
P07408,Health Promotion,East,Chachoengsao,Sep,1572851,1222133,100,71,2820,4.08
P07409,Policy Development,East,Chachoengsao,Sep,1183722,1003106,100,82,2834,4.89
P07410,Network Strengthening,East,Chachoengsao,Sep,1676901,1345572,100,87,286,4.44
P07411,Community Health,East,Chachoengsao,Oct,510881,506457,100,72,468,4.37
P07412,Elderly Care,East,Chachoengsao,Oct,1846805,1344439,100,82,1505,3.65
P07413,Mental Health,East,Chachoengsao,Oct,1628303,1351912,100,85,818,4.09
P07414,Healthy School,East,Chachoengsao,Oct,1275539,1122777,100,81,2743,4.56
P07415,Food Safety,East,Chachoengsao,Oct,647430,603288,100,93,1630,4.14
P07416,NCD Prevention,East,Chachoengsao,Oct,1588521,1557429,100,92,963,4.75
P07417,Health Data,East,Chachoengsao,Oct,827736,817426,100,74,226,4.91
P07418,Health Promotion,East,Chachoengsao,Oct,1361633,1258579,100,85,2054,3.8
P07419,Policy Development,East,Chachoengsao,Oct,1450954,1307421,100,82,1516,3.53
P07420,Network Strengthening,East,Chachoengsao,Oct,883046,723605,100,90,1586,4.99
P07421,Community Health,East,Chachoengsao,Nov,1721911,1540126,100,88,865,4.37
P07422,Elderly Care,East,Chachoengsao,Nov,1604872,1561324,100,74,2001,3.76
P07423,Mental Health,East,Chachoengsao,Nov,1471204,1261981,100,61,1165,3.94
P07424,Healthy School,East,Chachoengsao,Nov,578133,519561,100,69,1149,3.51
P07425,Food Safety,East,Chachoengsao,Nov,1059133,1038072,100,77,2414,3.5
P07426,NCD Prevention,East,Chachoengsao,Nov,639167,600111,100,77,933,4.18
P07427,Health Data,East,Chachoengsao,Nov,641042,491606,100,100,2509,4.44
P07428,Health Promotion,East,Chachoengsao,Nov,1755184,1297821,100,91,643,4.93
P07429,Policy Development,East,Chachoengsao,Nov,890505,683191,100,85,1862,4.85
P07430,Network Strengthening,East,Chachoengsao,Nov,1536633,1535390,100,61,2886,3.55
P07431,Community Health,East,Chachoengsao,Dec,1160503,874219,100,67,174,4.2
P07432,Elderly Care,East,Chachoengsao,Dec,709543,606589,100,73,1113,3.67
P07433,Mental Health,East,Chachoengsao,Dec,1833164,1503216,100,94,2450,4.37
P07434,Healthy School,East,Chachoengsao,Dec,1871849,1709762,100,62,1939,4.79
P07435,Food Safety,East,Chachoengsao,Dec,963086,750777,100,93,1339,4.05
P07436,NCD Prevention,East,Chachoengsao,Dec,1054627,961497,100,94,1344,4.45
P07437,Health Data,East,Chachoengsao,Dec,673750,635509,100,88,749,4.98
P07438,Health Promotion,East,Chachoengsao,Dec,1331386,1046946,100,65,1439,4.25
P07439,Policy Development,East,Chachoengsao,Dec,1021885,823066,100,84,1358,3.68
P07440,Network Strengthening,East,Chachoengsao,Dec,741357,740699,100,92,591,4.4
P07441,Community Health,South,Surat Thani,Jan,1946990,1626981,100,82,155,3.58
P07442,Elderly Care,South,Surat Thani,Jan,1184763,1142220,100,68,1463,4.56
P07443,Mental Health,South,Surat Thani,Jan,1764810,1449795,100,78,2911,3.69
P07444,Healthy School,South,Surat Thani,Jan,830512,720280,100,69,1351,3.65
P07445,Food Safety,South,Surat Thani,Jan,1187289,1107433,100,86,2959,3.81
P07446,NCD Prevention,South,Surat Thani,Jan,1449365,1326234,100,60,1290,4.74
P07447,Health Data,South,Surat Thani,Jan,892364,889439,100,72,1825,4.16
P07448,Health Promotion,South,Surat Thani,Jan,532208,428964,100,98,882,3.71
P07449,Policy Development,South,Surat Thani,Jan,743972,720789,100,64,491,3.69
P07450,Network Strengthening,South,Surat Thani,Jan,593228,481685,100,78,848,4.08
P07451,Community Health,South,Surat Thani,Feb,1345874,1154027,100,79,275,4.87
P07452,Elderly Care,South,Surat Thani,Feb,861610,701000,100,64,1442,4.97
P07453,Mental Health,South,Surat Thani,Feb,1790510,1269721,100,93,1661,4.54
P07454,Healthy School,South,Surat Thani,Feb,609246,577344,100,96,588,4.69
P07455,Food Safety,South,Surat Thani,Feb,1095463,771805,100,67,2132,4.55
P07456,NCD Prevention,South,Surat Thani,Feb,691082,518493,100,71,2092,4.94
P07457,Health Data,South,Surat Thani,Feb,1718285,1283883,100,60,2661,4.33
P07458,Health Promotion,South,Surat Thani,Feb,1086086,926661,100,83,173,3.57
P07459,Policy Development,South,Surat Thani,Feb,848130,742185,100,90,803,3.82
P07460,Network Strengthening,South,Surat Thani,Feb,1566291,1255685,100,99,2136,4.91
P07461,Community Health,South,Surat Thani,Mar,1165748,907940,100,83,1388,3.69
P07462,Elderly Care,South,Surat Thani,Mar,1680860,1654567,100,76,2892,4.0
P07463,Mental Health,South,Surat Thani,Mar,781575,649882,100,81,1788,4.48
P07464,Healthy School,South,Surat Thani,Mar,653984,580282,100,67,1772,3.52
P07465,Food Safety,South,Surat Thani,Mar,1823569,1482381,100,69,1772,3.63
P07466,NCD Prevention,South,Surat Thani,Mar,728828,631615,100,60,1561,4.93
P07467,Health Data,South,Surat Thani,Mar,633193,521389,100,92,1227,4.38
P07468,Health Promotion,South,Surat Thani,Mar,1859311,1563385,100,80,2112,3.79
P07469,Policy Development,South,Surat Thani,Mar,1783761,1457674,100,60,1108,4.41
P07470,Network Strengthening,South,Surat Thani,Mar,1664314,1495835,100,64,2464,4.84
P07471,Community Health,South,Surat Thani,Apr,1417828,1287167,100,76,394,4.69
P07472,Elderly Care,South,Surat Thani,Apr,1116849,1031304,100,97,273,3.51
P07473,Mental Health,South,Surat Thani,Apr,609497,558111,100,64,571,4.93
P07474,Healthy School,South,Surat Thani,Apr,1274303,1115634,100,99,2457,4.8
P07475,Food Safety,South,Surat Thani,Apr,659310,519874,100,60,762,4.67
P07476,NCD Prevention,South,Surat Thani,Apr,879975,827567,100,68,2895,4.37
P07477,Health Data,South,Surat Thani,Apr,946307,785690,100,74,2785,4.46
P07478,Health Promotion,South,Surat Thani,Apr,1048942,940105,100,88,897,4.44
P07479,Policy Development,South,Surat Thani,Apr,1043943,958731,100,87,2009,4.45
P07480,Network Strengthening,South,Surat Thani,Apr,779757,573020,100,60,1770,4.52
P07481,Community Health,South,Surat Thani,May,1394401,1081789,100,66,2839,4.98
P07482,Elderly Care,South,Surat Thani,May,868464,667034,100,73,2727,4.95
P07483,Mental Health,South,Surat Thani,May,858915,771815,100,88,1839,4.23
P07484,Healthy School,South,Surat Thani,May,1616260,1391515,100,72,586,4.78
P07485,Food Safety,South,Surat Thani,May,1465762,1247031,100,97,2216,3.94
P07486,NCD Prevention,South,Surat Thani,May,1365711,1210660,100,85,227,3.82
P07487,Health Data,South,Surat Thani,May,1967839,1514911,100,100,760,4.98
P07488,Health Promotion,South,Surat Thani,May,1156227,810626,100,84,1258,4.25
P07489,Policy Development,South,Surat Thani,May,810667,575893,100,73,1738,4.13
P07490,Network Strengthening,South,Surat Thani,May,592906,529667,100,97,2856,4.02
P07491,Community Health,South,Surat Thani,Jun,852970,791375,100,74,2379,4.14
P07492,Elderly Care,South,Surat Thani,Jun,896249,681554,100,93,332,4.86
P07493,Mental Health,South,Surat Thani,Jun,677544,674894,100,88,1409,3.94
P07494,Healthy School,South,Surat Thani,Jun,1603772,1185605,100,95,195,4.3
P07495,Food Safety,South,Surat Thani,Jun,1998731,1573294,100,63,670,4.0
P07496,NCD Prevention,South,Surat Thani,Jun,769743,655685,100,64,2452,4.0
P07497,Health Data,South,Surat Thani,Jun,1564040,1109008,100,82,2487,3.54
P07498,Health Promotion,South,Surat Thani,Jun,765002,571529,100,61,684,3.66
P07499,Policy Development,South,Surat Thani,Jun,1328035,1185312,100,100,2460,3.57
P07500,Network Strengthening,South,Surat Thani,Jun,1373034,1292985,100,63,2699,4.69
P07501,Community Health,South,Surat Thani,Jul,1431165,1308745,100,65,417,4.53
P07502,Elderly Care,South,Surat Thani,Jul,1869729,1450173,100,72,2202,4.1
P07503,Mental Health,South,Surat Thani,Jul,1200236,1074934,100,71,2245,4.03
P07504,Healthy School,South,Surat Thani,Jul,1917496,1402792,100,100,198,4.65
P07505,Food Safety,South,Surat Thani,Jul,1256916,901132,100,84,246,3.73
P07506,NCD Prevention,South,Surat Thani,Jul,1965584,1512876,100,66,1897,4.48
P07507,Health Data,South,Surat Thani,Jul,756801,726640,100,100,1753,4.57
P07508,Health Promotion,South,Surat Thani,Jul,1680365,1206425,100,98,2829,3.68
P07509,Policy Development,South,Surat Thani,Jul,607609,575168,100,80,205,4.39
P07510,Network Strengthening,South,Surat Thani,Jul,1742515,1266862,100,70,1671,4.91
P07511,Community Health,South,Surat Thani,Aug,954736,706233,100,86,2788,4.54
P07512,Elderly Care,South,Surat Thani,Aug,1476601,1373722,100,69,1275,4.59
P07513,Mental Health,South,Surat Thani,Aug,1699861,1583551,100,64,2488,4.2
P07514,Healthy School,South,Surat Thani,Aug,1519682,1417873,100,91,2049,4.63
P07515,Food Safety,South,Surat Thani,Aug,1228287,863191,100,94,1876,4.67
P07516,NCD Prevention,South,Surat Thani,Aug,1967878,1742183,100,89,1140,4.29
P07517,Health Data,South,Surat Thani,Aug,753914,537415,100,90,1032,4.94
P07518,Health Promotion,South,Surat Thani,Aug,1659517,1451101,100,89,1753,4.85
P07519,Policy Development,South,Surat Thani,Aug,916131,723551,100,78,1472,4.05
P07520,Network Strengthening,South,Surat Thani,Aug,1568771,1319643,100,85,621,4.19
P07521,Community Health,South,Surat Thani,Sep,1760006,1614670,100,74,2873,3.93
P07522,Elderly Care,South,Surat Thani,Sep,1622493,1457353,100,82,661,4.11
P07523,Mental Health,South,Surat Thani,Sep,1528692,1421132,100,86,1224,4.28
P07524,Healthy School,South,Surat Thani,Sep,959961,866382,100,96,2077,3.68
P07525,Food Safety,South,Surat Thani,Sep,1610037,1159516,100,72,2354,3.68
P07526,NCD Prevention,South,Surat Thani,Sep,1040883,934287,100,78,2904,4.9
P07527,Health Data,South,Surat Thani,Sep,1335757,954681,100,98,2658,3.77
P07528,Health Promotion,South,Surat Thani,Sep,620364,554121,100,90,1255,4.56
P07529,Policy Development,South,Surat Thani,Sep,914064,890667,100,97,1604,4.49
P07530,Network Strengthening,South,Surat Thani,Sep,1289432,1004057,100,80,2643,4.53
P07531,Community Health,South,Surat Thani,Oct,1774546,1643521,100,94,2552,3.91
P07532,Elderly Care,South,Surat Thani,Oct,1714943,1526343,100,89,2017,4.59
P07533,Mental Health,South,Surat Thani,Oct,1519463,1306385,100,99,2541,4.87
P07534,Healthy School,South,Surat Thani,Oct,1003646,914890,100,89,1989,4.3
P07535,Food Safety,South,Surat Thani,Oct,1189682,1130954,100,66,1692,4.92
P07536,NCD Prevention,South,Surat Thani,Oct,1519623,1228662,100,68,872,3.68
P07537,Health Data,South,Surat Thani,Oct,772985,574629,100,66,2242,4.06
P07538,Health Promotion,South,Surat Thani,Oct,522208,379331,100,62,2922,3.8
P07539,Policy Development,South,Surat Thani,Oct,565080,516575,100,81,834,4.11
P07540,Network Strengthening,South,Surat Thani,Oct,587944,456146,100,79,448,4.15
P07541,Community Health,South,Surat Thani,Nov,1808773,1768851,100,88,2902,4.46
P07542,Elderly Care,South,Surat Thani,Nov,1857990,1836738,100,65,2038,4.11
P07543,Mental Health,South,Surat Thani,Nov,1909616,1824553,100,89,1521,4.8
P07544,Healthy School,South,Surat Thani,Nov,1684471,1555813,100,64,1982,4.45
P07545,Food Safety,South,Surat Thani,Nov,539197,500237,100,80,1796,4.57
P07546,NCD Prevention,South,Surat Thani,Nov,1952073,1938540,100,83,1814,4.84
P07547,Health Data,South,Surat Thani,Nov,1671659,1222052,100,100,2103,4.34
P07548,Health Promotion,South,Surat Thani,Nov,984180,827737,100,87,2066,3.92
P07549,Policy Development,South,Surat Thani,Nov,1723036,1635254,100,66,2633,4.6
P07550,Network Strengthening,South,Surat Thani,Nov,1446255,1342951,100,82,1973,4.02
P07551,Community Health,South,Surat Thani,Dec,765381,560431,100,81,2393,3.6
P07552,Elderly Care,South,Surat Thani,Dec,657939,566847,100,79,1637,4.92
P07553,Mental Health,South,Surat Thani,Dec,1570401,1115461,100,93,2310,4.9
P07554,Healthy School,South,Surat Thani,Dec,1807679,1799379,100,63,2190,4.07
P07555,Food Safety,South,Surat Thani,Dec,1270052,1057303,100,93,2549,4.97
P07556,NCD Prevention,South,Surat Thani,Dec,997860,809720,100,63,2782,5.0
P07557,Health Data,South,Surat Thani,Dec,689241,680273,100,74,339,3.92
P07558,Health Promotion,South,Surat Thani,Dec,777235,651964,100,75,1286,4.9
P07559,Policy Development,South,Surat Thani,Dec,1078746,1023688,100,80,2992,4.46
P07560,Network Strengthening,South,Surat Thani,Dec,559826,433979,100,91,442,4.24
P07561,Community Health,South,Songkhla,Jan,1187609,1106827,100,83,2564,4.68
P07562,Elderly Care,South,Songkhla,Jan,1385868,1359505,100,83,2357,4.93
P07563,Mental Health,South,Songkhla,Jan,1049224,818832,100,91,1078,4.01
P07564,Healthy School,South,Songkhla,Jan,1522913,1406593,100,79,1603,4.69
P07565,Food Safety,South,Songkhla,Jan,594173,481078,100,90,1466,3.77
P07566,NCD Prevention,South,Songkhla,Jan,737261,591919,100,88,580,4.17
P07567,Health Data,South,Songkhla,Jan,1721094,1715955,100,92,1381,4.99
P07568,Health Promotion,South,Songkhla,Jan,1210916,999172,100,85,2668,3.78
P07569,Policy Development,South,Songkhla,Jan,1607185,1339524,100,82,593,4.64
P07570,Network Strengthening,South,Songkhla,Jan,1493140,1218670,100,71,2393,3.6
P07571,Community Health,South,Songkhla,Feb,554186,499680,100,69,2993,3.54
P07572,Elderly Care,South,Songkhla,Feb,854478,631740,100,97,2576,4.65
P07573,Mental Health,South,Songkhla,Feb,1583425,1163670,100,63,517,4.79
P07574,Healthy School,South,Songkhla,Feb,1015891,1009119,100,92,1254,4.76
P07575,Food Safety,South,Songkhla,Feb,1927749,1702558,100,94,1220,3.77
P07576,NCD Prevention,South,Songkhla,Feb,735125,530948,100,86,2734,4.05
P07577,Health Data,South,Songkhla,Feb,1535150,1201310,100,74,1702,4.79
P07578,Health Promotion,South,Songkhla,Feb,1571661,1278702,100,90,978,3.61
P07579,Policy Development,South,Songkhla,Feb,979804,722862,100,93,249,3.58
P07580,Network Strengthening,South,Songkhla,Feb,1201608,1128659,100,87,907,3.95
P07581,Community Health,South,Songkhla,Mar,1994381,1819804,100,74,687,3.62
P07582,Elderly Care,South,Songkhla,Mar,1575232,1187194,100,66,2018,4.31
P07583,Mental Health,South,Songkhla,Mar,1825484,1740095,100,80,2793,3.74
P07584,Healthy School,South,Songkhla,Mar,600218,436735,100,65,188,4.93
P07585,Food Safety,South,Songkhla,Mar,1193160,1168465,100,69,2335,4.12
P07586,NCD Prevention,South,Songkhla,Mar,1638090,1327514,100,88,2305,3.53
P07587,Health Data,South,Songkhla,Mar,1050444,1006626,100,70,456,4.5
P07588,Health Promotion,South,Songkhla,Mar,1418835,1157419,100,71,820,4.18
P07589,Policy Development,South,Songkhla,Mar,976755,899280,100,82,2220,4.92
P07590,Network Strengthening,South,Songkhla,Mar,630356,608815,100,91,2535,3.99
P07591,Community Health,South,Songkhla,Apr,1619953,1380419,100,86,952,4.12
P07592,Elderly Care,South,Songkhla,Apr,1924396,1879681,100,79,210,4.66
P07593,Mental Health,South,Songkhla,Apr,1925125,1670725,100,85,1285,4.53
P07594,Healthy School,South,Songkhla,Apr,1951402,1760455,100,91,390,3.9
P07595,Food Safety,South,Songkhla,Apr,1015068,892477,100,95,948,3.95
P07596,NCD Prevention,South,Songkhla,Apr,1054012,823096,100,91,881,4.0
P07597,Health Data,South,Songkhla,Apr,651079,539728,100,69,1892,4.78
P07598,Health Promotion,South,Songkhla,Apr,973312,757780,100,84,1115,4.26
P07599,Policy Development,South,Songkhla,Apr,1076781,849772,100,94,1493,4.68
P07600,Network Strengthening,South,Songkhla,Apr,1567878,1119846,100,69,1368,4.63
P07601,Community Health,South,Songkhla,May,1189443,965574,100,85,1292,4.65
P07602,Elderly Care,South,Songkhla,May,748659,563865,100,79,758,3.91
P07603,Mental Health,South,Songkhla,May,1287284,1130894,100,88,1166,4.5
P07604,Healthy School,South,Songkhla,May,1327901,1237475,100,66,2591,4.03
P07605,Food Safety,South,Songkhla,May,1279786,1265992,100,62,285,4.86
P07606,NCD Prevention,South,Songkhla,May,1234166,1139402,100,84,2449,3.96
P07607,Health Data,South,Songkhla,May,721974,506048,100,74,2629,4.95
P07608,Health Promotion,South,Songkhla,May,509030,403138,100,72,2247,4.92
P07609,Policy Development,South,Songkhla,May,596150,566731,100,63,2431,3.97
P07610,Network Strengthening,South,Songkhla,May,542561,417982,100,90,572,4.29
P07611,Community Health,South,Songkhla,Jun,1770831,1748269,100,98,2102,3.57
P07612,Elderly Care,South,Songkhla,Jun,664539,504125,100,69,1825,4.21
P07613,Mental Health,South,Songkhla,Jun,1078347,1026671,100,65,537,4.57
P07614,Healthy School,South,Songkhla,Jun,556468,494190,100,94,2078,3.87
P07615,Food Safety,South,Songkhla,Jun,687317,625956,100,72,1348,4.72
P07616,NCD Prevention,South,Songkhla,Jun,1105123,1001403,100,91,2226,3.67
P07617,Health Data,South,Songkhla,Jun,515963,442395,100,67,195,4.72
P07618,Health Promotion,South,Songkhla,Jun,504913,451796,100,96,651,3.88
P07619,Policy Development,South,Songkhla,Jun,1267537,952684,100,78,2716,3.78
P07620,Network Strengthening,South,Songkhla,Jun,660433,636864,100,76,958,4.47
P07621,Community Health,South,Songkhla,Jul,1632725,1581865,100,87,522,4.41
P07622,Elderly Care,South,Songkhla,Jul,578796,448396,100,79,1325,4.64
P07623,Mental Health,South,Songkhla,Jul,1619256,1611701,100,65,2298,3.96
P07624,Healthy School,South,Songkhla,Jul,1260422,1131514,100,75,2272,4.61
P07625,Food Safety,South,Songkhla,Jul,1001003,803398,100,74,781,4.34
P07626,NCD Prevention,South,Songkhla,Jul,1278601,989163,100,76,214,4.58
P07627,Health Data,South,Songkhla,Jul,1244453,1161434,100,99,1136,4.67
P07628,Health Promotion,South,Songkhla,Jul,943863,692496,100,94,407,3.65
P07629,Policy Development,South,Songkhla,Jul,619347,554714,100,81,1109,4.86
P07630,Network Strengthening,South,Songkhla,Jul,586924,433258,100,62,2512,3.66
P07631,Community Health,South,Songkhla,Aug,1158990,830466,100,73,2846,4.74
P07632,Elderly Care,South,Songkhla,Aug,1376415,1241750,100,80,1245,4.6
P07633,Mental Health,South,Songkhla,Aug,1081280,965411,100,69,1565,4.96
P07634,Healthy School,South,Songkhla,Aug,1264838,1083249,100,84,1394,3.54
P07635,Food Safety,South,Songkhla,Aug,1051281,806117,100,69,1813,4.65
P07636,NCD Prevention,South,Songkhla,Aug,1140046,907175,100,97,581,4.99
P07637,Health Data,South,Songkhla,Aug,1010159,806458,100,81,248,4.51
P07638,Health Promotion,South,Songkhla,Aug,1477382,1357995,100,69,539,4.51
P07639,Policy Development,South,Songkhla,Aug,1510407,1323419,100,75,2808,4.0
P07640,Network Strengthening,South,Songkhla,Aug,1217691,964675,100,93,1221,4.68
P07641,Community Health,South,Songkhla,Sep,1215245,1164473,100,68,1205,3.65
P07642,Elderly Care,South,Songkhla,Sep,1215258,881282,100,76,492,4.25
P07643,Mental Health,South,Songkhla,Sep,1168314,827274,100,65,1218,4.19
P07644,Healthy School,South,Songkhla,Sep,987054,917649,100,73,809,3.51
P07645,Food Safety,South,Songkhla,Sep,1057862,935763,100,90,429,4.67
P07646,NCD Prevention,South,Songkhla,Sep,581959,549902,100,83,378,4.52
P07647,Health Data,South,Songkhla,Sep,734294,666862,100,66,2298,4.0
P07648,Health Promotion,South,Songkhla,Sep,1809168,1718817,100,68,1078,3.67
P07649,Policy Development,South,Songkhla,Sep,756627,581355,100,79,996,4.06
P07650,Network Strengthening,South,Songkhla,Sep,1592154,1270775,100,64,1350,4.39
P07651,Community Health,South,Songkhla,Oct,1033438,788037,100,73,2587,4.09
P07652,Elderly Care,South,Songkhla,Oct,1313038,1220667,100,80,356,4.29
P07653,Mental Health,South,Songkhla,Oct,1202419,1090324,100,85,1144,4.42
P07654,Healthy School,South,Songkhla,Oct,1588008,1254131,100,92,1141,3.83
P07655,Food Safety,South,Songkhla,Oct,894521,804586,100,89,954,4.95
P07656,NCD Prevention,South,Songkhla,Oct,1552109,1487798,100,80,1578,3.77
P07657,Health Data,South,Songkhla,Oct,1915721,1389011,100,61,776,3.57
P07658,Health Promotion,South,Songkhla,Oct,520786,462745,100,77,420,4.74
P07659,Policy Development,South,Songkhla,Oct,1920278,1689474,100,87,1196,4.27
P07660,Network Strengthening,South,Songkhla,Oct,1174376,1158641,100,85,2710,3.93
P07661,Community Health,South,Songkhla,Nov,656713,598147,100,70,303,3.69
P07662,Elderly Care,South,Songkhla,Nov,1353412,1133975,100,79,1508,4.88
P07663,Mental Health,South,Songkhla,Nov,1423574,1260610,100,76,452,3.9
P07664,Healthy School,South,Songkhla,Nov,1810088,1627065,100,94,1093,4.76
P07665,Food Safety,South,Songkhla,Nov,560220,461711,100,76,755,4.68
P07666,NCD Prevention,South,Songkhla,Nov,1438829,1030163,100,100,1532,4.01
P07667,Health Data,South,Songkhla,Nov,540166,404580,100,88,2863,4.64
P07668,Health Promotion,South,Songkhla,Nov,955303,783966,100,90,1905,4.2
P07669,Policy Development,South,Songkhla,Nov,1537092,1324022,100,85,1638,4.13
P07670,Network Strengthening,South,Songkhla,Nov,1654649,1570547,100,99,1775,4.26
P07671,Community Health,South,Songkhla,Dec,906925,858575,100,61,2117,3.95
P07672,Elderly Care,South,Songkhla,Dec,896606,649996,100,87,2290,4.77
P07673,Mental Health,South,Songkhla,Dec,1758063,1686725,100,69,1468,4.22
P07674,Healthy School,South,Songkhla,Dec,918951,850884,100,93,1757,4.7
P07675,Food Safety,South,Songkhla,Dec,1949176,1844846,100,99,2767,4.94
P07676,NCD Prevention,South,Songkhla,Dec,988882,899785,100,77,2612,4.13
P07677,Health Data,South,Songkhla,Dec,567780,430421,100,93,1473,4.51
P07678,Health Promotion,South,Songkhla,Dec,1561144,1394105,100,86,1755,4.61
P07679,Policy Development,South,Songkhla,Dec,1643967,1399019,100,85,2256,4.46
P07680,Network Strengthening,South,Songkhla,Dec,1363744,1118366,100,88,548,3.57
P07681,Community Health,South,Phuket,Jan,1631822,1221763,100,81,2380,3.89
P07682,Elderly Care,South,Phuket,Jan,1889780,1839370,100,87,913,4.66
P07683,Mental Health,South,Phuket,Jan,1095851,1089251,100,100,2671,4.84
P07684,Healthy School,South,Phuket,Jan,1138874,807912,100,61,2072,4.32
P07685,Food Safety,South,Phuket,Jan,1650965,1536870,100,67,1911,4.28
P07686,NCD Prevention,South,Phuket,Jan,776051,638188,100,76,1626,4.44
P07687,Health Data,South,Phuket,Jan,1366330,1286078,100,89,936,3.59
P07688,Health Promotion,South,Phuket,Jan,751767,693017,100,74,383,3.92
P07689,Policy Development,South,Phuket,Jan,1144601,946609,100,63,2623,3.98
P07690,Network Strengthening,South,Phuket,Jan,966374,837782,100,60,2321,3.91
P07691,Community Health,South,Phuket,Feb,1550489,1478669,100,83,2426,3.96
P07692,Elderly Care,South,Phuket,Feb,1095030,835260,100,77,586,4.29
P07693,Mental Health,South,Phuket,Feb,920017,868500,100,83,2928,3.99
P07694,Healthy School,South,Phuket,Feb,1977597,1502539,100,94,1428,4.5
P07695,Food Safety,South,Phuket,Feb,874490,789610,100,100,1009,4.55
P07696,NCD Prevention,South,Phuket,Feb,1179047,948289,100,89,537,4.15
P07697,Health Data,South,Phuket,Feb,1054239,929447,100,94,1036,4.1
P07698,Health Promotion,South,Phuket,Feb,622578,494424,100,88,1474,4.1
P07699,Policy Development,South,Phuket,Feb,1733064,1281141,100,80,233,3.91
P07700,Network Strengthening,South,Phuket,Feb,1692092,1237337,100,65,754,4.66
P07701,Community Health,South,Phuket,Mar,1551115,1166689,100,78,2798,3.56
P07702,Elderly Care,South,Phuket,Mar,504523,392217,100,79,1053,4.35
P07703,Mental Health,South,Phuket,Mar,1198177,1054222,100,69,1545,4.28
P07704,Healthy School,South,Phuket,Mar,616085,494840,100,85,2032,4.4
P07705,Food Safety,South,Phuket,Mar,584311,525003,100,90,2727,3.57
P07706,NCD Prevention,South,Phuket,Mar,1127353,955865,100,80,1720,3.92
P07707,Health Data,South,Phuket,Mar,898959,745195,100,96,1714,4.77
P07708,Health Promotion,South,Phuket,Mar,864553,771606,100,93,2877,3.56
P07709,Policy Development,South,Phuket,Mar,1420755,999001,100,95,2405,3.6
P07710,Network Strengthening,South,Phuket,Mar,1351946,975168,100,97,1009,3.52
P07711,Community Health,South,Phuket,Apr,1476475,1452597,100,82,217,3.86
P07712,Elderly Care,South,Phuket,Apr,1579338,1391125,100,99,683,4.43
P07713,Mental Health,South,Phuket,Apr,1426469,1232620,100,100,176,4.79
P07714,Healthy School,South,Phuket,Apr,1457407,1088036,100,97,2609,4.56
P07715,Food Safety,South,Phuket,Apr,1109547,805347,100,86,548,3.91
P07716,NCD Prevention,South,Phuket,Apr,1408329,1126513,100,67,2461,3.96
P07717,Health Data,South,Phuket,Apr,1392676,1208792,100,79,2961,4.94
P07718,Health Promotion,South,Phuket,Apr,1797546,1425290,100,87,445,4.83
P07719,Policy Development,South,Phuket,Apr,1085885,771506,100,68,1533,4.53
P07720,Network Strengthening,South,Phuket,Apr,793064,647947,100,88,2306,3.58
P07721,Community Health,South,Phuket,May,1952645,1685143,100,82,2263,4.42
P07722,Elderly Care,South,Phuket,May,1560465,1432479,100,85,826,4.47
P07723,Mental Health,South,Phuket,May,1745450,1613216,100,60,660,3.94
P07724,Healthy School,South,Phuket,May,1842067,1813964,100,63,345,4.04
P07725,Food Safety,South,Phuket,May,843585,631635,100,72,2689,3.56
P07726,NCD Prevention,South,Phuket,May,1343635,1236435,100,93,1254,4.7
P07727,Health Data,South,Phuket,May,1148395,1026263,100,100,1778,3.95
P07728,Health Promotion,South,Phuket,May,1433737,1417236,100,63,2034,4.16
P07729,Policy Development,South,Phuket,May,1469549,1248803,100,75,2391,4.51
P07730,Network Strengthening,South,Phuket,May,608312,464716,100,67,2047,3.84
P07731,Community Health,South,Phuket,Jun,1054052,1016273,100,100,1141,3.98
P07732,Elderly Care,South,Phuket,Jun,1103257,856703,100,61,202,4.53
P07733,Mental Health,South,Phuket,Jun,1537970,1129828,100,71,2012,4.58
P07734,Healthy School,South,Phuket,Jun,1628288,1586825,100,96,1894,3.73
P07735,Food Safety,South,Phuket,Jun,1154062,1039110,100,73,417,3.62
P07736,NCD Prevention,South,Phuket,Jun,904845,701665,100,96,210,3.77
P07737,Health Data,South,Phuket,Jun,608908,487649,100,96,234,4.69
P07738,Health Promotion,South,Phuket,Jun,1874202,1473680,100,80,1988,4.4
P07739,Policy Development,South,Phuket,Jun,1402333,1382483,100,76,1336,3.56
P07740,Network Strengthening,South,Phuket,Jun,831274,716545,100,72,1313,4.86
P07741,Community Health,South,Phuket,Jul,1138280,982618,100,90,651,3.78
P07742,Elderly Care,South,Phuket,Jul,1810394,1788398,100,90,2504,4.35
P07743,Mental Health,South,Phuket,Jul,1768495,1324408,100,65,1507,3.58
P07744,Healthy School,South,Phuket,Jul,834978,591651,100,87,1400,4.02
P07745,Food Safety,South,Phuket,Jul,997183,881728,100,88,1378,4.65
P07746,NCD Prevention,South,Phuket,Jul,614750,586250,100,86,181,4.65
P07747,Health Data,South,Phuket,Jul,1796444,1275538,100,62,2033,4.92
P07748,Health Promotion,South,Phuket,Jul,1119174,790840,100,85,583,4.29
P07749,Policy Development,South,Phuket,Jul,1889933,1817054,100,81,662,4.52
P07750,Network Strengthening,South,Phuket,Jul,1452120,1173321,100,85,2415,3.7
P07751,Community Health,South,Phuket,Aug,1271520,1226480,100,75,277,4.09
P07752,Elderly Care,South,Phuket,Aug,1084534,1056235,100,94,2610,4.46
P07753,Mental Health,South,Phuket,Aug,1096080,784871,100,86,2604,4.71
P07754,Healthy School,South,Phuket,Aug,1133985,843543,100,87,709,4.5
P07755,Food Safety,South,Phuket,Aug,863988,769498,100,85,2877,4.44
P07756,NCD Prevention,South,Phuket,Aug,1244923,920931,100,69,1202,3.59
P07757,Health Data,South,Phuket,Aug,887664,885288,100,98,258,4.5
P07758,Health Promotion,South,Phuket,Aug,1595987,1125109,100,81,459,3.59
P07759,Policy Development,South,Phuket,Aug,1988713,1788143,100,94,2560,4.5
P07760,Network Strengthening,South,Phuket,Aug,1895535,1466588,100,96,856,4.83
P07761,Community Health,South,Phuket,Sep,1804889,1468175,100,60,2875,4.66
P07762,Elderly Care,South,Phuket,Sep,1427300,1350063,100,76,1362,4.43
P07763,Mental Health,South,Phuket,Sep,729680,720913,100,93,2097,3.97
P07764,Healthy School,South,Phuket,Sep,1202883,1171958,100,93,2784,3.83
P07765,Food Safety,South,Phuket,Sep,1219739,1020832,100,69,1407,3.7
P07766,NCD Prevention,South,Phuket,Sep,1085089,767253,100,62,2207,3.57
P07767,Health Data,South,Phuket,Sep,1853622,1396577,100,88,876,3.72
P07768,Health Promotion,South,Phuket,Sep,1408523,1268770,100,76,1780,4.48
P07769,Policy Development,South,Phuket,Sep,1570710,1160866,100,93,837,4.95
P07770,Network Strengthening,South,Phuket,Sep,893302,842452,100,90,1416,4.46
P07771,Community Health,South,Phuket,Oct,1423994,1122682,100,83,1064,3.79
P07772,Elderly Care,South,Phuket,Oct,931611,724759,100,71,550,4.35
P07773,Mental Health,South,Phuket,Oct,814252,792910,100,95,171,4.97
P07774,Healthy School,South,Phuket,Oct,1775403,1299371,100,62,789,4.79
P07775,Food Safety,South,Phuket,Oct,1366296,1188461,100,76,2322,4.93
P07776,NCD Prevention,South,Phuket,Oct,777829,628458,100,69,1133,4.9
P07777,Health Data,South,Phuket,Oct,1032611,919925,100,81,470,4.42
P07778,Health Promotion,South,Phuket,Oct,1176811,1064198,100,80,775,4.95
P07779,Policy Development,South,Phuket,Oct,1110535,983991,100,93,2055,3.91
P07780,Network Strengthening,South,Phuket,Oct,971195,895054,100,63,2858,3.53
P07781,Community Health,South,Phuket,Nov,1707769,1206953,100,85,1578,3.79
P07782,Elderly Care,South,Phuket,Nov,1731545,1251417,100,65,2547,3.94
P07783,Mental Health,South,Phuket,Nov,1211417,1190036,100,74,504,3.56
P07784,Healthy School,South,Phuket,Nov,1415719,1202028,100,94,277,4.21
P07785,Food Safety,South,Phuket,Nov,1484613,1434179,100,95,1205,4.21
P07786,NCD Prevention,South,Phuket,Nov,1600004,1254283,100,71,313,4.16
P07787,Health Data,South,Phuket,Nov,1085175,1039184,100,66,2078,4.77
P07788,Health Promotion,South,Phuket,Nov,1674239,1411055,100,60,1460,4.57
P07789,Policy Development,South,Phuket,Nov,1354306,1162377,100,78,1354,3.73
P07790,Network Strengthening,South,Phuket,Nov,978975,934538,100,86,1302,3.72
P07791,Community Health,South,Phuket,Dec,1377599,1147057,100,73,1445,4.64
P07792,Elderly Care,South,Phuket,Dec,1331054,1187622,100,71,1046,4.12
P07793,Mental Health,South,Phuket,Dec,1252527,886919,100,79,1227,4.71
P07794,Healthy School,South,Phuket,Dec,1000403,975439,100,82,2482,3.92
P07795,Food Safety,South,Phuket,Dec,1519153,1253993,100,60,2677,4.45
P07796,NCD Prevention,South,Phuket,Dec,752106,637531,100,90,2800,4.13
P07797,Health Data,South,Phuket,Dec,1983059,1831415,100,88,1825,3.67
P07798,Health Promotion,South,Phuket,Dec,517864,405666,100,82,2206,3.56
P07799,Policy Development,South,Phuket,Dec,768702,659293,100,93,2057,3.76
P07800,Network Strengthening,South,Phuket,Dec,1795405,1729480,100,72,957,3.78
P07801,Community Health,South,Krabi,Jan,686643,481350,100,92,2169,3.9
P07802,Elderly Care,South,Krabi,Jan,1240901,965571,100,96,2263,3.51
P07803,Mental Health,South,Krabi,Jan,1045680,1012038,100,82,1040,3.9
P07804,Healthy School,South,Krabi,Jan,599997,428989,100,97,1978,4.32
P07805,Food Safety,South,Krabi,Jan,1635934,1224998,100,71,205,4.72
P07806,NCD Prevention,South,Krabi,Jan,1636203,1409986,100,81,1793,4.94
P07807,Health Data,South,Krabi,Jan,991322,852476,100,82,1172,4.52
P07808,Health Promotion,South,Krabi,Jan,1793435,1586518,100,80,913,4.03
P07809,Policy Development,South,Krabi,Jan,1572300,1255468,100,91,2690,4.59
P07810,Network Strengthening,South,Krabi,Jan,1511402,1192008,100,72,1439,3.87
P07811,Community Health,South,Krabi,Feb,1129626,1000227,100,73,2132,4.21
P07812,Elderly Care,South,Krabi,Feb,1478874,1475032,100,87,2390,4.66
P07813,Mental Health,South,Krabi,Feb,1122279,807787,100,92,579,4.86
P07814,Healthy School,South,Krabi,Feb,733608,720220,100,76,1487,3.66
P07815,Food Safety,South,Krabi,Feb,713822,588105,100,65,1173,4.4
P07816,NCD Prevention,South,Krabi,Feb,676429,650133,100,82,2408,4.01
P07817,Health Data,South,Krabi,Feb,1778540,1307118,100,99,663,4.67
P07818,Health Promotion,South,Krabi,Feb,1139986,867286,100,92,589,4.22
P07819,Policy Development,South,Krabi,Feb,1557082,1511857,100,98,1764,4.98
P07820,Network Strengthening,South,Krabi,Feb,1722693,1705124,100,93,726,4.88
P07821,Community Health,South,Krabi,Mar,1080331,977739,100,61,1996,4.12
P07822,Elderly Care,South,Krabi,Mar,1833888,1525232,100,73,1905,4.0
P07823,Mental Health,South,Krabi,Mar,1179591,1145342,100,97,1393,4.22
P07824,Healthy School,South,Krabi,Mar,1112748,992357,100,64,1938,4.02
P07825,Food Safety,South,Krabi,Mar,1959716,1602589,100,94,673,4.91
P07826,NCD Prevention,South,Krabi,Mar,767562,569947,100,74,1442,3.83
P07827,Health Data,South,Krabi,Mar,1799496,1339231,100,80,2732,4.89
P07828,Health Promotion,South,Krabi,Mar,1144657,1072542,100,90,343,4.68
P07829,Policy Development,South,Krabi,Mar,1162302,887337,100,82,1218,4.27
P07830,Network Strengthening,South,Krabi,Mar,1343802,1232548,100,71,2797,3.55
P07831,Community Health,South,Krabi,Apr,1968702,1528482,100,86,1140,3.76
P07832,Elderly Care,South,Krabi,Apr,1904460,1702955,100,93,2382,3.72
P07833,Mental Health,South,Krabi,Apr,1561116,1491295,100,63,2259,3.75
P07834,Healthy School,South,Krabi,Apr,1403410,1334264,100,77,1707,4.73
P07835,Food Safety,South,Krabi,Apr,627659,494277,100,67,1588,3.98
P07836,NCD Prevention,South,Krabi,Apr,1956065,1464153,100,63,2468,3.86
P07837,Health Data,South,Krabi,Apr,1789070,1475300,100,85,1751,4.57
P07838,Health Promotion,South,Krabi,Apr,758945,570518,100,69,1554,4.46
P07839,Policy Development,South,Krabi,Apr,601309,457614,100,62,1020,3.78
P07840,Network Strengthening,South,Krabi,Apr,1576822,1259468,100,97,288,3.95
P07841,Community Health,South,Krabi,May,1361772,1138750,100,72,936,4.76
P07842,Elderly Care,South,Krabi,May,1299503,923361,100,88,1186,4.02
P07843,Mental Health,South,Krabi,May,725459,709158,100,89,1121,3.71
P07844,Healthy School,South,Krabi,May,838643,818929,100,74,388,4.09
P07845,Food Safety,South,Krabi,May,1167523,893161,100,100,2130,4.4
P07846,NCD Prevention,South,Krabi,May,689828,534158,100,61,2474,4.14
P07847,Health Data,South,Krabi,May,1140071,856175,100,97,2899,3.94
P07848,Health Promotion,South,Krabi,May,933845,793751,100,73,2282,3.97
P07849,Policy Development,South,Krabi,May,1262712,936895,100,84,2935,4.69
P07850,Network Strengthening,South,Krabi,May,990115,763028,100,88,2231,3.56
P07851,Community Health,South,Krabi,Jun,1106019,1063070,100,98,243,4.85
P07852,Elderly Care,South,Krabi,Jun,517793,396338,100,62,1996,4.93
P07853,Mental Health,South,Krabi,Jun,1591066,1526119,100,81,2548,4.09
P07854,Healthy School,South,Krabi,Jun,1154241,1002949,100,69,1928,4.2
P07855,Food Safety,South,Krabi,Jun,1135823,840876,100,67,2943,3.96
P07856,NCD Prevention,South,Krabi,Jun,816057,751505,100,92,2091,3.61
P07857,Health Data,South,Krabi,Jun,762459,742834,100,67,2675,3.99
P07858,Health Promotion,South,Krabi,Jun,1802570,1718664,100,79,2994,4.92
P07859,Policy Development,South,Krabi,Jun,1769623,1673902,100,81,2943,3.88
P07860,Network Strengthening,South,Krabi,Jun,1816170,1544072,100,93,2541,3.58
P07861,Community Health,South,Krabi,Jul,1535685,1314593,100,96,2859,4.74
P07862,Elderly Care,South,Krabi,Jul,917459,910272,100,92,2727,4.01
P07863,Mental Health,South,Krabi,Jul,711402,682093,100,91,533,4.49
P07864,Healthy School,South,Krabi,Jul,606459,558596,100,85,2430,3.82
P07865,Food Safety,South,Krabi,Jul,1722734,1435940,100,63,349,4.71
P07866,NCD Prevention,South,Krabi,Jul,755835,581346,100,60,587,4.94
P07867,Health Data,South,Krabi,Jul,800396,644966,100,75,1481,3.83
P07868,Health Promotion,South,Krabi,Jul,1491345,1106279,100,70,2327,4.94
P07869,Policy Development,South,Krabi,Jul,1636625,1285577,100,91,1826,4.01
P07870,Network Strengthening,South,Krabi,Jul,986216,966404,100,87,1302,4.66
P07871,Community Health,South,Krabi,Aug,938855,754681,100,76,2029,4.49
P07872,Elderly Care,South,Krabi,Aug,1738083,1321614,100,72,2394,4.64
P07873,Mental Health,South,Krabi,Aug,901209,862189,100,92,2458,4.44
P07874,Healthy School,South,Krabi,Aug,1744281,1734397,100,74,2458,4.64
P07875,Food Safety,South,Krabi,Aug,1947970,1557635,100,61,741,4.27
P07876,NCD Prevention,South,Krabi,Aug,1969363,1872010,100,97,318,4.68
P07877,Health Data,South,Krabi,Aug,1937095,1465470,100,86,2801,4.04
P07878,Health Promotion,South,Krabi,Aug,641640,531550,100,99,1341,4.92
P07879,Policy Development,South,Krabi,Aug,891362,831880,100,92,2602,4.77
P07880,Network Strengthening,South,Krabi,Aug,1326201,1117047,100,86,2364,3.58
P07881,Community Health,South,Krabi,Sep,1655049,1323689,100,70,2367,4.72
P07882,Elderly Care,South,Krabi,Sep,887504,717792,100,94,2817,4.76
P07883,Mental Health,South,Krabi,Sep,834759,707441,100,62,2100,3.95
P07884,Healthy School,South,Krabi,Sep,900422,852610,100,65,1474,4.27
P07885,Food Safety,South,Krabi,Sep,1822111,1763947,100,83,1692,3.72
P07886,NCD Prevention,South,Krabi,Sep,1901608,1751836,100,67,2456,3.59
P07887,Health Data,South,Krabi,Sep,1360279,1079004,100,93,2783,4.67
P07888,Health Promotion,South,Krabi,Sep,1673297,1644079,100,82,986,4.09
P07889,Policy Development,South,Krabi,Sep,832086,743585,100,69,2275,3.87
P07890,Network Strengthening,South,Krabi,Sep,639310,579864,100,66,1845,4.71
P07891,Community Health,South,Krabi,Oct,1075937,903844,100,77,2294,4.84
P07892,Elderly Care,South,Krabi,Oct,1366689,1031499,100,68,336,3.74
P07893,Mental Health,South,Krabi,Oct,1068975,997420,100,91,2267,3.76
P07894,Healthy School,South,Krabi,Oct,1528172,1428820,100,77,1417,4.09
P07895,Food Safety,South,Krabi,Oct,1126809,965019,100,84,1459,3.63
P07896,NCD Prevention,South,Krabi,Oct,1671940,1662274,100,81,379,4.2
P07897,Health Data,South,Krabi,Oct,1880331,1362185,100,62,1327,3.72
P07898,Health Promotion,South,Krabi,Oct,715704,706911,100,78,899,4.82
P07899,Policy Development,South,Krabi,Oct,1653749,1260312,100,65,966,3.56
P07900,Network Strengthening,South,Krabi,Oct,682101,486372,100,93,2825,3.97
P07901,Community Health,South,Krabi,Nov,1688724,1517529,100,68,2059,4.88
P07902,Elderly Care,South,Krabi,Nov,628775,477625,100,82,1396,4.21
P07903,Mental Health,South,Krabi,Nov,1380063,1162367,100,78,2432,4.77
P07904,Healthy School,South,Krabi,Nov,663179,567207,100,69,2772,4.26
P07905,Food Safety,South,Krabi,Nov,1136319,1074361,100,62,2192,4.37
P07906,NCD Prevention,South,Krabi,Nov,1455974,1255533,100,76,1064,4.27
P07907,Health Data,South,Krabi,Nov,1015583,717059,100,84,2332,4.4
P07908,Health Promotion,South,Krabi,Nov,663312,629241,100,97,2955,4.29
P07909,Policy Development,South,Krabi,Nov,1300728,1289952,100,73,1131,4.82
P07910,Network Strengthening,South,Krabi,Nov,1410286,1372271,100,77,1491,4.29
P07911,Community Health,South,Krabi,Dec,1390794,1036946,100,72,150,4.23
P07912,Elderly Care,South,Krabi,Dec,908672,709187,100,95,202,4.83
P07913,Mental Health,South,Krabi,Dec,1684606,1243635,100,76,612,4.39
P07914,Healthy School,South,Krabi,Dec,1578520,1126774,100,66,2910,4.45
P07915,Food Safety,South,Krabi,Dec,588691,497891,100,68,1662,4.92
P07916,NCD Prevention,South,Krabi,Dec,566520,539643,100,87,2847,4.21
P07917,Health Data,South,Krabi,Dec,1103658,1076326,100,64,822,4.96
P07918,Health Promotion,South,Krabi,Dec,1591667,1486179,100,70,1080,4.75
P07919,Policy Development,South,Krabi,Dec,1577088,1471682,100,74,363,4.36
P07920,Network Strengthening,South,Krabi,Dec,1129392,908761,100,91,2985,4.07
P07921,Community Health,South,Trang,Jan,948207,922141,100,92,1827,4.42
P07922,Elderly Care,South,Trang,Jan,1277916,1009446,100,74,2926,4.98
P07923,Mental Health,South,Trang,Jan,1394048,1228027,100,99,437,4.79
P07924,Healthy School,South,Trang,Jan,778967,736467,100,67,1556,4.76
P07925,Food Safety,South,Trang,Jan,862612,693038,100,100,513,4.42
P07926,NCD Prevention,South,Trang,Jan,1417139,1042710,100,68,2630,3.57
P07927,Health Data,South,Trang,Jan,1030036,745249,100,74,1923,4.89
P07928,Health Promotion,South,Trang,Jan,1693705,1635624,100,84,1111,4.79
P07929,Policy Development,South,Trang,Jan,1508304,1262897,100,66,2211,4.88
P07930,Network Strengthening,South,Trang,Jan,591903,549911,100,97,1420,4.68
P07931,Community Health,South,Trang,Feb,773880,697771,100,65,2322,4.79
P07932,Elderly Care,South,Trang,Feb,1139392,1068931,100,96,1674,4.91
P07933,Mental Health,South,Trang,Feb,1540102,1339683,100,65,2127,4.57
P07934,Healthy School,South,Trang,Feb,1552693,1144830,100,82,1417,4.47
P07935,Food Safety,South,Trang,Feb,699149,511764,100,74,2142,4.05
P07936,NCD Prevention,South,Trang,Feb,847597,643388,100,70,847,4.73
P07937,Health Data,South,Trang,Feb,760781,665568,100,62,283,4.12
P07938,Health Promotion,South,Trang,Feb,1051807,955710,100,67,679,4.18
P07939,Policy Development,South,Trang,Feb,1340918,1303254,100,94,852,4.86
P07940,Network Strengthening,South,Trang,Feb,1489006,1224895,100,88,1402,4.06
P07941,Community Health,South,Trang,Mar,1157963,892217,100,85,987,4.57
P07942,Elderly Care,South,Trang,Mar,860081,622967,100,71,1429,4.0
P07943,Mental Health,South,Trang,Mar,1650653,1260133,100,89,2427,3.72
P07944,Healthy School,South,Trang,Mar,1190133,983862,100,85,1496,3.7
P07945,Food Safety,South,Trang,Mar,1682425,1613027,100,78,441,3.82
P07946,NCD Prevention,South,Trang,Mar,902220,815201,100,98,1799,3.86
P07947,Health Data,South,Trang,Mar,1044957,1017154,100,89,1844,4.92
P07948,Health Promotion,South,Trang,Mar,1264009,1167191,100,88,1400,4.71
P07949,Policy Development,South,Trang,Mar,1667366,1339495,100,92,1939,4.03
P07950,Network Strengthening,South,Trang,Mar,1554051,1185325,100,67,2725,3.6
P07951,Community Health,South,Trang,Apr,834215,652357,100,81,2374,3.74
P07952,Elderly Care,South,Trang,Apr,1065608,753398,100,81,2485,4.77
P07953,Mental Health,South,Trang,Apr,1316245,1142885,100,90,956,4.01
P07954,Healthy School,South,Trang,Apr,1543230,1257355,100,88,612,4.6
P07955,Food Safety,South,Trang,Apr,1224854,1081538,100,89,1466,4.26
P07956,NCD Prevention,South,Trang,Apr,556509,475041,100,92,1160,4.09
P07957,Health Data,South,Trang,Apr,1141245,900371,100,79,735,4.32
P07958,Health Promotion,South,Trang,Apr,1220144,1111628,100,60,1776,4.76
P07959,Policy Development,South,Trang,Apr,1507428,1429403,100,68,2335,4.09
P07960,Network Strengthening,South,Trang,Apr,1650117,1546679,100,62,777,4.95
P07961,Community Health,South,Trang,May,1083308,996940,100,79,1731,4.04
P07962,Elderly Care,South,Trang,May,815448,620616,100,65,2217,4.36
P07963,Mental Health,South,Trang,May,1690787,1235508,100,78,190,3.93
P07964,Healthy School,South,Trang,May,684150,559468,100,67,1740,4.43
P07965,Food Safety,South,Trang,May,1999606,1803040,100,84,803,4.67
P07966,NCD Prevention,South,Trang,May,1978825,1718166,100,61,524,4.67
P07967,Health Data,South,Trang,May,1967958,1479977,100,69,1831,4.66
P07968,Health Promotion,South,Trang,May,773911,682828,100,71,2592,4.4
P07969,Policy Development,South,Trang,May,1375407,1222919,100,90,2013,4.46
P07970,Network Strengthening,South,Trang,May,1771985,1473597,100,70,2203,4.4
P07971,Community Health,South,Trang,Jun,772267,650557,100,96,215,3.52
P07972,Elderly Care,South,Trang,Jun,1843213,1723919,100,92,2642,4.58
P07973,Mental Health,South,Trang,Jun,955988,747159,100,99,2243,4.95
P07974,Healthy School,South,Trang,Jun,614622,584894,100,69,1754,4.86
P07975,Food Safety,South,Trang,Jun,1187909,1049499,100,60,510,4.6
P07976,NCD Prevention,South,Trang,Jun,1704764,1329887,100,99,2802,4.39
P07977,Health Data,South,Trang,Jun,1457060,1420952,100,78,850,4.45
P07978,Health Promotion,South,Trang,Jun,1273266,1143635,100,77,1249,4.69
P07979,Policy Development,South,Trang,Jun,1226931,981737,100,75,2197,4.8
P07980,Network Strengthening,South,Trang,Jun,1156049,860725,100,93,2315,4.46
P07981,Community Health,South,Trang,Jul,756657,627397,100,86,1419,4.8
P07982,Elderly Care,South,Trang,Jul,838026,778619,100,61,2066,4.69
P07983,Mental Health,South,Trang,Jul,942853,900390,100,76,2465,4.4
P07984,Healthy School,South,Trang,Jul,1704143,1244117,100,94,2454,4.07
P07985,Food Safety,South,Trang,Jul,903494,685419,100,61,1492,3.68
P07986,NCD Prevention,South,Trang,Jul,1384758,1132138,100,65,2915,3.98
P07987,Health Data,South,Trang,Jul,1830644,1699961,100,69,938,3.97
P07988,Health Promotion,South,Trang,Jul,1931695,1394427,100,95,1973,4.59
P07989,Policy Development,South,Trang,Jul,1019345,773207,100,66,2546,3.83
P07990,Network Strengthening,South,Trang,Jul,1113312,935427,100,79,1782,3.88
P07991,Community Health,South,Trang,Aug,1127130,820633,100,87,2693,4.86
P07992,Elderly Care,South,Trang,Aug,1685445,1394334,100,72,470,3.74
P07993,Mental Health,South,Trang,Aug,1815716,1637214,100,87,752,4.05
P07994,Healthy School,South,Trang,Aug,1849289,1583159,100,98,209,3.68
P07995,Food Safety,South,Trang,Aug,1955235,1582141,100,92,1147,4.88
P07996,NCD Prevention,South,Trang,Aug,1632595,1509121,100,87,2896,3.66
P07997,Health Data,South,Trang,Aug,1531167,1206148,100,90,1470,4.76
P07998,Health Promotion,South,Trang,Aug,948344,774868,100,73,589,3.95
P07999,Policy Development,South,Trang,Aug,1994531,1927438,100,62,2849,4.83
P08000,Network Strengthening,South,Trang,Aug,1060917,745655,100,62,1454,4.9
P08001,Community Health,South,Trang,Sep,1177460,846974,100,86,1691,4.32
P08002,Elderly Care,South,Trang,Sep,819302,694246,100,64,2004,4.24
P08003,Mental Health,South,Trang,Sep,1315704,973034,100,61,654,4.4
P08004,Healthy School,South,Trang,Sep,1445122,1325502,100,63,323,3.67
P08005,Food Safety,South,Trang,Sep,803749,677573,100,95,1489,4.36
P08006,NCD Prevention,South,Trang,Sep,1858512,1448801,100,72,1164,3.57
P08007,Health Data,South,Trang,Sep,705248,557041,100,62,1154,4.18
P08008,Health Promotion,South,Trang,Sep,1385176,1043199,100,78,597,4.93
P08009,Policy Development,South,Trang,Sep,1528161,1425344,100,65,381,4.32
P08010,Network Strengthening,South,Trang,Sep,1052193,1005297,100,81,1851,4.75
P08011,Community Health,South,Trang,Oct,870188,814511,100,93,472,4.55
P08012,Elderly Care,South,Trang,Oct,1091123,866571,100,70,998,4.76
P08013,Mental Health,South,Trang,Oct,1459470,1380790,100,73,1325,4.93
P08014,Healthy School,South,Trang,Oct,1386259,1144676,100,87,2075,4.67
P08015,Food Safety,South,Trang,Oct,700703,544828,100,99,2751,3.7
P08016,NCD Prevention,South,Trang,Oct,776787,715771,100,66,1997,3.87
P08017,Health Data,South,Trang,Oct,1011309,754572,100,64,2400,3.55
P08018,Health Promotion,South,Trang,Oct,1864572,1458250,100,79,2396,4.97
P08019,Policy Development,South,Trang,Oct,514223,363127,100,67,2221,3.94
P08020,Network Strengthening,South,Trang,Oct,1700568,1430700,100,60,2324,4.82
P08021,Community Health,South,Trang,Nov,1138640,975214,100,67,2029,4.92
P08022,Elderly Care,South,Trang,Nov,841581,796040,100,82,847,4.73
P08023,Mental Health,South,Trang,Nov,1208841,871148,100,62,1630,3.86
P08024,Healthy School,South,Trang,Nov,1375802,1357885,100,85,2495,3.96
P08025,Food Safety,South,Trang,Nov,817001,652780,100,99,2505,4.31
P08026,NCD Prevention,South,Trang,Nov,1200317,966281,100,65,2468,4.68
P08027,Health Data,South,Trang,Nov,512403,404842,100,91,2492,3.85
P08028,Health Promotion,South,Trang,Nov,1563985,1402275,100,62,1270,3.9
P08029,Policy Development,South,Trang,Nov,865386,832310,100,91,665,4.63
P08030,Network Strengthening,South,Trang,Nov,1469022,1097227,100,66,2896,3.88
P08031,Community Health,South,Trang,Dec,1620162,1426097,100,93,2863,4.54
P08032,Elderly Care,South,Trang,Dec,1799026,1513089,100,78,727,3.68
P08033,Mental Health,South,Trang,Dec,1809910,1584993,100,91,1530,4.33
P08034,Healthy School,South,Trang,Dec,1285651,1076695,100,85,1169,4.49
P08035,Food Safety,South,Trang,Dec,1884506,1375590,100,86,285,3.82
P08036,NCD Prevention,South,Trang,Dec,1872929,1831065,100,78,1892,3.59
P08037,Health Data,South,Trang,Dec,1810536,1361879,100,75,967,4.23
P08038,Health Promotion,South,Trang,Dec,1425688,1232892,100,72,2441,4.29
P08039,Policy Development,South,Trang,Dec,651320,608087,100,89,1306,3.89
P08040,Network Strengthening,South,Trang,Dec,1676551,1616939,100,76,1548,4.09
P08041,Community Health,South,Satun,Jan,1173297,932776,100,74,1239,4.26
P08042,Elderly Care,South,Satun,Jan,1970358,1788111,100,82,286,4.88
P08043,Mental Health,South,Satun,Jan,1263251,1141639,100,91,1256,4.92
P08044,Healthy School,South,Satun,Jan,1469267,1435622,100,81,2581,4.3
P08045,Food Safety,South,Satun,Jan,1400287,1375896,100,76,498,4.33
P08046,NCD Prevention,South,Satun,Jan,895623,809908,100,83,1862,3.7
P08047,Health Data,South,Satun,Jan,555105,442568,100,65,1698,3.99
P08048,Health Promotion,South,Satun,Jan,589507,439321,100,93,909,4.08
P08049,Policy Development,South,Satun,Jan,1995965,1709717,100,73,399,4.4
P08050,Network Strengthening,South,Satun,Jan,1293832,1062545,100,81,2107,4.99
P08051,Community Health,South,Satun,Feb,862519,639117,100,84,2424,3.6
P08052,Elderly Care,South,Satun,Feb,784150,564641,100,96,1127,4.48
P08053,Mental Health,South,Satun,Feb,878407,676441,100,69,172,4.37
P08054,Healthy School,South,Satun,Feb,917346,790808,100,69,2229,3.97
P08055,Food Safety,South,Satun,Feb,520627,437503,100,72,2159,3.87
P08056,NCD Prevention,South,Satun,Feb,1037064,743323,100,61,2154,4.05
P08057,Health Data,South,Satun,Feb,1250380,912986,100,97,1457,4.12
P08058,Health Promotion,South,Satun,Feb,1206823,974491,100,72,1841,3.6
P08059,Policy Development,South,Satun,Feb,1366889,1144755,100,99,622,3.57
P08060,Network Strengthening,South,Satun,Feb,1252077,996437,100,68,1167,4.0
P08061,Community Health,South,Satun,Mar,1496831,1403225,100,99,2057,3.79
P08062,Elderly Care,South,Satun,Mar,1208947,1006199,100,64,700,4.74
P08063,Mental Health,South,Satun,Mar,1328554,1322698,100,71,1638,3.6
P08064,Healthy School,South,Satun,Mar,1974067,1411388,100,60,540,4.34
P08065,Food Safety,South,Satun,Mar,1893019,1465667,100,63,2409,4.1
P08066,NCD Prevention,South,Satun,Mar,1820381,1414760,100,80,2714,3.51
P08067,Health Data,South,Satun,Mar,839224,589012,100,91,1615,3.65
P08068,Health Promotion,South,Satun,Mar,1249933,961302,100,91,711,3.9
P08069,Policy Development,South,Satun,Mar,842932,797621,100,81,632,4.36
P08070,Network Strengthening,South,Satun,Mar,1148557,908434,100,93,2261,4.24
P08071,Community Health,South,Satun,Apr,907554,722592,100,94,2052,4.95
P08072,Elderly Care,South,Satun,Apr,1128953,990576,100,61,2240,3.92
P08073,Mental Health,South,Satun,Apr,1563618,1444859,100,87,392,4.05
P08074,Healthy School,South,Satun,Apr,1895737,1587829,100,91,648,3.77
P08075,Food Safety,South,Satun,Apr,524763,468555,100,71,1717,4.52
P08076,NCD Prevention,South,Satun,Apr,1247072,1050988,100,61,2542,4.8
P08077,Health Data,South,Satun,Apr,1011199,791560,100,63,376,4.6
P08078,Health Promotion,South,Satun,Apr,764902,750959,100,83,1584,4.08
P08079,Policy Development,South,Satun,Apr,979500,856098,100,67,2730,4.88
P08080,Network Strengthening,South,Satun,Apr,1148711,1077727,100,62,2885,4.01
P08081,Community Health,South,Satun,May,1060411,805439,100,95,2505,4.1
P08082,Elderly Care,South,Satun,May,966749,775634,100,71,1547,4.07
P08083,Mental Health,South,Satun,May,1045885,885596,100,82,2550,4.42
P08084,Healthy School,South,Satun,May,1251013,1093692,100,65,1064,3.91
P08085,Food Safety,South,Satun,May,1085778,1021995,100,61,1073,4.19
P08086,NCD Prevention,South,Satun,May,1784951,1514065,100,67,2799,4.11
P08087,Health Data,South,Satun,May,1156418,914038,100,94,1232,4.09
P08088,Health Promotion,South,Satun,May,1142260,1020413,100,80,2666,3.89
P08089,Policy Development,South,Satun,May,578874,512840,100,86,895,4.58
P08090,Network Strengthening,South,Satun,May,927096,875909,100,84,1558,4.85
P08091,Community Health,South,Satun,Jun,888930,763503,100,98,2335,4.49
P08092,Elderly Care,South,Satun,Jun,1483502,1179930,100,99,2586,4.67
P08093,Mental Health,South,Satun,Jun,540590,394921,100,77,2158,3.76
P08094,Healthy School,South,Satun,Jun,1668917,1637924,100,100,902,4.4
P08095,Food Safety,South,Satun,Jun,1268700,1176503,100,68,2869,3.68
P08096,NCD Prevention,South,Satun,Jun,743798,532493,100,89,159,3.82
P08097,Health Data,South,Satun,Jun,680319,545146,100,100,344,4.06
P08098,Health Promotion,South,Satun,Jun,507790,399212,100,80,1669,3.59
P08099,Policy Development,South,Satun,Jun,1839518,1624580,100,100,247,3.98
P08100,Network Strengthening,South,Satun,Jun,1961261,1586454,100,89,2522,3.99
P08101,Community Health,South,Satun,Jul,979872,741169,100,62,2022,3.56
P08102,Elderly Care,South,Satun,Jul,716238,631427,100,62,229,4.12
P08103,Mental Health,South,Satun,Jul,1534681,1268477,100,73,2004,4.33
P08104,Healthy School,South,Satun,Jul,1897557,1437284,100,92,1983,4.4
P08105,Food Safety,South,Satun,Jul,1195313,880860,100,99,1010,4.0
P08106,NCD Prevention,South,Satun,Jul,1331914,1033688,100,69,2458,4.85
P08107,Health Data,South,Satun,Jul,665071,536070,100,72,1760,3.84
P08108,Health Promotion,South,Satun,Jul,1627294,1154568,100,98,2021,3.63
P08109,Policy Development,South,Satun,Jul,645800,535815,100,94,618,4.18
P08110,Network Strengthening,South,Satun,Jul,529589,468919,100,73,1020,4.05
P08111,Community Health,South,Satun,Aug,1331814,993197,100,71,2615,3.54
P08112,Elderly Care,South,Satun,Aug,767405,712567,100,86,2892,4.69
P08113,Mental Health,South,Satun,Aug,1675285,1260486,100,100,783,4.08
P08114,Healthy School,South,Satun,Aug,1605967,1157084,100,100,2774,4.98
P08115,Food Safety,South,Satun,Aug,601631,578470,100,75,440,4.9
P08116,NCD Prevention,South,Satun,Aug,1062378,926412,100,80,1394,4.24
P08117,Health Data,South,Satun,Aug,1314687,1087429,100,73,758,3.89
P08118,Health Promotion,South,Satun,Aug,731064,527069,100,74,1238,3.92
P08119,Policy Development,South,Satun,Aug,1732630,1677905,100,68,225,3.54
P08120,Network Strengthening,South,Satun,Aug,805362,620944,100,61,1266,4.25
P08121,Community Health,South,Satun,Sep,1546710,1322229,100,78,332,3.58
P08122,Elderly Care,South,Satun,Sep,884639,654031,100,94,336,4.53
P08123,Mental Health,South,Satun,Sep,1664615,1400665,100,67,560,4.37
P08124,Healthy School,South,Satun,Sep,1448680,1065072,100,80,1340,4.73
P08125,Food Safety,South,Satun,Sep,849111,837068,100,97,1931,3.54
P08126,NCD Prevention,South,Satun,Sep,1314673,950175,100,97,2513,3.57
P08127,Health Data,South,Satun,Sep,1223559,1192625,100,65,717,4.07
P08128,Health Promotion,South,Satun,Sep,1454204,1233866,100,63,1343,4.07
P08129,Policy Development,South,Satun,Sep,1188855,1085785,100,94,2961,4.17
P08130,Network Strengthening,South,Satun,Sep,1032156,864865,100,66,991,4.48
P08131,Community Health,South,Satun,Oct,755449,577956,100,96,2564,4.21
P08132,Elderly Care,South,Satun,Oct,1987580,1812323,100,86,1562,4.34
P08133,Mental Health,South,Satun,Oct,1969365,1690570,100,63,826,4.78
P08134,Healthy School,South,Satun,Oct,1343871,1039285,100,66,624,4.61
P08135,Food Safety,South,Satun,Oct,1580627,1152910,100,94,768,3.68
P08136,NCD Prevention,South,Satun,Oct,1457079,1443071,100,60,2995,4.98
P08137,Health Data,South,Satun,Oct,1729807,1212248,100,98,1679,4.38
P08138,Health Promotion,South,Satun,Oct,1565551,1215324,100,67,2453,4.17
P08139,Policy Development,South,Satun,Oct,877275,831524,100,71,1781,4.81
P08140,Network Strengthening,South,Satun,Oct,1618816,1294794,100,92,1936,4.33
P08141,Community Health,South,Satun,Nov,1031551,878070,100,80,1784,4.49
P08142,Elderly Care,South,Satun,Nov,1325555,1301121,100,63,1144,4.79
P08143,Mental Health,South,Satun,Nov,1033219,945696,100,77,2489,4.77
P08144,Healthy School,South,Satun,Nov,867340,762170,100,62,1799,4.15
P08145,Food Safety,South,Satun,Nov,930159,927522,100,88,2300,4.8
P08146,NCD Prevention,South,Satun,Nov,527057,463844,100,73,404,3.64
P08147,Health Data,South,Satun,Nov,1884921,1459025,100,74,647,3.78
P08148,Health Promotion,South,Satun,Nov,626033,538881,100,92,1341,4.87
P08149,Policy Development,South,Satun,Nov,1133759,1112046,100,86,331,4.92
P08150,Network Strengthening,South,Satun,Nov,1378358,1314904,100,72,835,4.25
P08151,Community Health,South,Satun,Dec,1104541,880754,100,97,1179,3.87
P08152,Elderly Care,South,Satun,Dec,1313179,1146174,100,81,2782,4.33
P08153,Mental Health,South,Satun,Dec,776088,756639,100,79,1713,3.71
P08154,Healthy School,South,Satun,Dec,619059,515719,100,82,1771,4.05
P08155,Food Safety,South,Satun,Dec,1097783,931106,100,78,1662,3.56
P08156,NCD Prevention,South,Satun,Dec,1146728,999232,100,97,222,3.83
P08157,Health Data,South,Satun,Dec,1691462,1606525,100,68,442,4.58
P08158,Health Promotion,South,Satun,Dec,1937338,1821777,100,89,2054,4.21
P08159,Policy Development,South,Satun,Dec,834116,594132,100,65,368,3.97
P08160,Network Strengthening,South,Satun,Dec,1889799,1745157,100,69,2583,4.89
P08161,Community Health,South,Pattani,Jan,1416930,1269572,100,99,1249,4.18
P08162,Elderly Care,South,Pattani,Jan,1049679,946663,100,73,1440,4.51
P08163,Mental Health,South,Pattani,Jan,972828,810427,100,71,2577,4.51
P08164,Healthy School,South,Pattani,Jan,1698547,1449221,100,93,2084,4.65
P08165,Food Safety,South,Pattani,Jan,1767962,1744317,100,75,2475,3.8
P08166,NCD Prevention,South,Pattani,Jan,849146,774622,100,76,1926,3.64
P08167,Health Data,South,Pattani,Jan,886261,671896,100,92,2127,4.06
P08168,Health Promotion,South,Pattani,Jan,1202790,921452,100,79,1990,4.65
P08169,Policy Development,South,Pattani,Jan,1716122,1680289,100,83,558,4.01
P08170,Network Strengthening,South,Pattani,Jan,517890,438230,100,77,328,4.13
P08171,Community Health,South,Pattani,Feb,1952164,1785322,100,69,855,4.98
P08172,Elderly Care,South,Pattani,Feb,1272702,1271477,100,96,1158,3.6
P08173,Mental Health,South,Pattani,Feb,1369806,1301460,100,67,345,4.85
P08174,Healthy School,South,Pattani,Feb,687426,635398,100,68,2372,4.28
P08175,Food Safety,South,Pattani,Feb,992369,773429,100,69,2421,4.84
P08176,NCD Prevention,South,Pattani,Feb,1878841,1317457,100,93,1998,4.66
P08177,Health Data,South,Pattani,Feb,802545,789488,100,99,638,3.87
P08178,Health Promotion,South,Pattani,Feb,1621610,1597545,100,60,2082,4.26
P08179,Policy Development,South,Pattani,Feb,731107,636957,100,99,1903,4.08
P08180,Network Strengthening,South,Pattani,Feb,1505174,1194630,100,88,456,4.25
P08181,Community Health,South,Pattani,Mar,1083913,908145,100,83,1256,3.82
P08182,Elderly Care,South,Pattani,Mar,1509578,1127781,100,78,1986,3.67
P08183,Mental Health,South,Pattani,Mar,1834426,1342088,100,90,586,4.29
P08184,Healthy School,South,Pattani,Mar,578456,495029,100,85,754,4.07
P08185,Food Safety,South,Pattani,Mar,989731,852916,100,78,2298,3.71
P08186,NCD Prevention,South,Pattani,Mar,1676710,1643136,100,82,2511,4.8
P08187,Health Data,South,Pattani,Mar,1794251,1348984,100,71,507,4.11
P08188,Health Promotion,South,Pattani,Mar,1035797,989481,100,85,2512,3.8
P08189,Policy Development,South,Pattani,Mar,906167,710993,100,61,2830,3.8
P08190,Network Strengthening,South,Pattani,Mar,1846026,1324938,100,66,153,4.49
P08191,Community Health,South,Pattani,Apr,936194,850300,100,73,2288,3.75
P08192,Elderly Care,South,Pattani,Apr,1701767,1316809,100,98,1517,4.93
P08193,Mental Health,South,Pattani,Apr,1851974,1624044,100,96,208,4.73
P08194,Healthy School,South,Pattani,Apr,1481925,1163669,100,89,2752,4.94
P08195,Food Safety,South,Pattani,Apr,510419,464294,100,84,2994,4.96
P08196,NCD Prevention,South,Pattani,Apr,1970395,1551626,100,87,2746,4.87
P08197,Health Data,South,Pattani,Apr,1009740,754678,100,64,1564,4.83
P08198,Health Promotion,South,Pattani,Apr,626551,479406,100,64,529,4.88
P08199,Policy Development,South,Pattani,Apr,1645873,1322018,100,80,1018,3.5
P08200,Network Strengthening,South,Pattani,Apr,1727230,1473583,100,72,719,4.9
P08201,Community Health,South,Pattani,May,628345,497987,100,66,2349,3.7
P08202,Elderly Care,South,Pattani,May,1756043,1524534,100,61,2042,3.87
P08203,Mental Health,South,Pattani,May,658894,466267,100,83,1069,4.08
P08204,Healthy School,South,Pattani,May,596636,438068,100,60,2089,4.35
P08205,Food Safety,South,Pattani,May,1845777,1382598,100,90,1559,3.8
P08206,NCD Prevention,South,Pattani,May,914048,710499,100,62,412,4.64
P08207,Health Data,South,Pattani,May,1537520,1530783,100,82,293,4.21
P08208,Health Promotion,South,Pattani,May,1861158,1694017,100,89,2700,4.38
P08209,Policy Development,South,Pattani,May,1200946,864560,100,61,2679,3.8
P08210,Network Strengthening,South,Pattani,May,1576795,1149786,100,96,379,3.76
P08211,Community Health,South,Pattani,Jun,627447,456982,100,99,1767,4.38
P08212,Elderly Care,South,Pattani,Jun,1598520,1527107,100,85,1598,4.11
P08213,Mental Health,South,Pattani,Jun,775660,665610,100,94,2931,4.54
P08214,Healthy School,South,Pattani,Jun,765147,563261,100,94,385,3.9
P08215,Food Safety,South,Pattani,Jun,1855826,1680479,100,60,2401,3.6
P08216,NCD Prevention,South,Pattani,Jun,1328127,983150,100,96,2573,3.64
P08217,Health Data,South,Pattani,Jun,1972372,1643093,100,74,429,4.53
P08218,Health Promotion,South,Pattani,Jun,1515737,1283245,100,95,180,4.17
P08219,Policy Development,South,Pattani,Jun,1173949,851732,100,96,361,4.66
P08220,Network Strengthening,South,Pattani,Jun,1730702,1215197,100,93,735,4.97
P08221,Community Health,South,Pattani,Jul,781028,613227,100,70,1650,4.21
P08222,Elderly Care,South,Pattani,Jul,1814054,1643186,100,60,1660,4.09
P08223,Mental Health,South,Pattani,Jul,1699265,1323001,100,88,1997,4.86
P08224,Healthy School,South,Pattani,Jul,1680599,1543295,100,73,642,4.78
P08225,Food Safety,South,Pattani,Jul,1317003,1056582,100,64,1089,4.83
P08226,NCD Prevention,South,Pattani,Jul,1835671,1639416,100,77,199,4.05
P08227,Health Data,South,Pattani,Jul,677809,492946,100,85,206,3.86
P08228,Health Promotion,South,Pattani,Jul,1677308,1394054,100,79,1625,4.25
P08229,Policy Development,South,Pattani,Jul,1837262,1337242,100,68,2172,3.94
P08230,Network Strengthening,South,Pattani,Jul,1802404,1795962,100,81,847,4.37
P08231,Community Health,South,Pattani,Aug,1056999,749744,100,100,1899,4.52
P08232,Elderly Care,South,Pattani,Aug,1826498,1735123,100,77,1744,4.36
P08233,Mental Health,South,Pattani,Aug,1273339,1077204,100,95,2504,3.61
P08234,Healthy School,South,Pattani,Aug,1418342,1218138,100,75,2662,4.02
P08235,Food Safety,South,Pattani,Aug,1253802,1120416,100,82,1529,3.63
P08236,NCD Prevention,South,Pattani,Aug,624515,511336,100,95,1754,4.36
P08237,Health Data,South,Pattani,Aug,599962,480596,100,90,735,3.88
P08238,Health Promotion,South,Pattani,Aug,1341229,949179,100,79,1618,4.2
P08239,Policy Development,South,Pattani,Aug,875768,836875,100,89,1161,4.11
P08240,Network Strengthening,South,Pattani,Aug,1567928,1517731,100,97,560,4.91
P08241,Community Health,South,Pattani,Sep,1778564,1579781,100,100,2859,4.97
P08242,Elderly Care,South,Pattani,Sep,588511,478211,100,83,2880,4.52
P08243,Mental Health,South,Pattani,Sep,1655815,1305427,100,77,468,4.87
P08244,Healthy School,South,Pattani,Sep,1370547,1248738,100,85,1449,4.89
P08245,Food Safety,South,Pattani,Sep,1699984,1403114,100,72,166,4.76
P08246,NCD Prevention,South,Pattani,Sep,1039167,1021653,100,100,553,4.67
P08247,Health Data,South,Pattani,Sep,1208582,916389,100,87,2304,4.89
P08248,Health Promotion,South,Pattani,Sep,983013,823125,100,60,1065,4.7
P08249,Policy Development,South,Pattani,Sep,934364,885878,100,88,296,4.04
P08250,Network Strengthening,South,Pattani,Sep,969781,911212,100,69,388,4.37
P08251,Community Health,South,Pattani,Oct,1090794,819099,100,61,509,4.32
P08252,Elderly Care,South,Pattani,Oct,599952,493157,100,99,709,4.61
P08253,Mental Health,South,Pattani,Oct,1790314,1384467,100,69,763,3.85
P08254,Healthy School,South,Pattani,Oct,1122934,1039238,100,65,847,3.54
P08255,Food Safety,South,Pattani,Oct,1395441,1055631,100,84,2735,3.61
P08256,NCD Prevention,South,Pattani,Oct,1106378,810070,100,77,2676,3.93
P08257,Health Data,South,Pattani,Oct,1627323,1262174,100,81,1845,3.7
P08258,Health Promotion,South,Pattani,Oct,757004,663282,100,92,1720,4.34
P08259,Policy Development,South,Pattani,Oct,1585700,1471923,100,75,2818,4.52
P08260,Network Strengthening,South,Pattani,Oct,1977176,1481153,100,90,153,4.23
P08261,Community Health,South,Pattani,Nov,1578341,1513620,100,60,1985,3.52
P08262,Elderly Care,South,Pattani,Nov,1218031,1078109,100,97,1516,3.9
P08263,Mental Health,South,Pattani,Nov,1590950,1200955,100,77,499,4.76
P08264,Healthy School,South,Pattani,Nov,808050,751398,100,86,779,4.88
P08265,Food Safety,South,Pattani,Nov,1633475,1628322,100,85,2853,4.25
P08266,NCD Prevention,South,Pattani,Nov,1961027,1602959,100,85,2628,4.73
P08267,Health Data,South,Pattani,Nov,1180866,951149,100,72,1605,4.79
P08268,Health Promotion,South,Pattani,Nov,1987363,1833275,100,75,1136,3.7
P08269,Policy Development,South,Pattani,Nov,1821442,1284017,100,80,664,3.91
P08270,Network Strengthening,South,Pattani,Nov,1472384,1291656,100,88,2377,3.93
P08271,Community Health,South,Pattani,Dec,916881,782896,100,87,1859,4.22
P08272,Elderly Care,South,Pattani,Dec,799786,621853,100,66,177,4.01
P08273,Mental Health,South,Pattani,Dec,1248694,946445,100,91,1409,3.52
P08274,Healthy School,South,Pattani,Dec,1379860,1334535,100,67,688,3.86
P08275,Food Safety,South,Pattani,Dec,840170,655997,100,61,2550,4.97
P08276,NCD Prevention,South,Pattani,Dec,1830423,1743875,100,74,1643,4.09
P08277,Health Data,South,Pattani,Dec,1602922,1548657,100,82,1926,4.68
P08278,Health Promotion,South,Pattani,Dec,786520,770559,100,73,1419,4.91
P08279,Policy Development,South,Pattani,Dec,1590778,1423433,100,87,2326,4.12
P08280,Network Strengthening,South,Pattani,Dec,1139346,1015349,100,85,1378,4.81
P08281,Community Health,South,Yala,Jan,1012020,825552,100,74,2755,3.59
P08282,Elderly Care,South,Yala,Jan,782484,725096,100,82,2711,3.69
P08283,Mental Health,South,Yala,Jan,1856231,1739762,100,79,2137,4.82
P08284,Healthy School,South,Yala,Jan,514990,411360,100,78,1539,4.91
P08285,Food Safety,South,Yala,Jan,1589563,1193207,100,71,1546,3.71
P08286,NCD Prevention,South,Yala,Jan,1438507,1433606,100,60,2109,4.04
P08287,Health Data,South,Yala,Jan,532212,416465,100,94,1836,4.34
P08288,Health Promotion,South,Yala,Jan,713570,501491,100,86,1010,4.11
P08289,Policy Development,South,Yala,Jan,887814,658344,100,97,2937,4.29
P08290,Network Strengthening,South,Yala,Jan,1517589,1090651,100,89,422,4.7
P08291,Community Health,South,Yala,Feb,968968,738234,100,78,1081,3.62
P08292,Elderly Care,South,Yala,Feb,1771626,1476220,100,90,1207,4.52
P08293,Mental Health,South,Yala,Feb,1570343,1315242,100,93,2043,4.86
P08294,Healthy School,South,Yala,Feb,1187630,925708,100,76,1835,3.85
P08295,Food Safety,South,Yala,Feb,1251652,1094728,100,77,2863,4.62
P08296,NCD Prevention,South,Yala,Feb,844181,712819,100,85,342,4.77
P08297,Health Data,South,Yala,Feb,856594,654477,100,73,482,3.83
P08298,Health Promotion,South,Yala,Feb,581533,556693,100,78,315,3.82
P08299,Policy Development,South,Yala,Feb,1089463,965920,100,92,700,4.59
P08300,Network Strengthening,South,Yala,Feb,1320962,1028698,100,88,478,3.96
P08301,Community Health,South,Yala,Mar,615705,540085,100,68,1385,4.3
P08302,Elderly Care,South,Yala,Mar,713027,552358,100,85,1218,3.56
P08303,Mental Health,South,Yala,Mar,967966,752117,100,65,2325,4.85
P08304,Healthy School,South,Yala,Mar,534364,475697,100,73,2233,4.84
P08305,Food Safety,South,Yala,Mar,1981445,1860707,100,95,2040,4.42
P08306,NCD Prevention,South,Yala,Mar,1460833,1167339,100,70,2346,3.95
P08307,Health Data,South,Yala,Mar,1044177,923236,100,60,1311,3.86
P08308,Health Promotion,South,Yala,Mar,1100587,991792,100,86,1045,4.88
P08309,Policy Development,South,Yala,Mar,1526846,1446875,100,67,2947,3.63
P08310,Network Strengthening,South,Yala,Mar,770526,588890,100,65,1948,4.48
P08311,Community Health,South,Yala,Apr,1370286,1156512,100,99,2711,4.47
P08312,Elderly Care,South,Yala,Apr,1812534,1447488,100,61,2657,4.6
P08313,Mental Health,South,Yala,Apr,1128392,932821,100,99,1507,3.52
P08314,Healthy School,South,Yala,Apr,1783659,1607822,100,60,1090,3.73
P08315,Food Safety,South,Yala,Apr,917678,678049,100,94,2426,3.58
P08316,NCD Prevention,South,Yala,Apr,1235870,1128700,100,60,2129,4.85
P08317,Health Data,South,Yala,Apr,1455200,1324817,100,89,810,4.31
P08318,Health Promotion,South,Yala,Apr,1171449,1152110,100,68,160,4.22
P08319,Policy Development,South,Yala,Apr,1153461,1014803,100,82,660,4.55
P08320,Network Strengthening,South,Yala,Apr,1984398,1515110,100,60,2392,4.47
P08321,Community Health,South,Yala,May,1326135,1279509,100,62,1406,4.97
P08322,Elderly Care,South,Yala,May,1463100,1156316,100,90,2987,4.65
P08323,Mental Health,South,Yala,May,834539,714163,100,77,512,4.8
P08324,Healthy School,South,Yala,May,708917,669469,100,89,1544,4.31
P08325,Food Safety,South,Yala,May,1270533,998319,100,65,1365,4.87
P08326,NCD Prevention,South,Yala,May,1970578,1884859,100,64,587,3.69
P08327,Health Data,South,Yala,May,1396317,1107014,100,94,858,4.17
P08328,Health Promotion,South,Yala,May,1396588,1322642,100,92,816,3.96
P08329,Policy Development,South,Yala,May,836209,760848,100,75,422,4.48
P08330,Network Strengthening,South,Yala,May,1954249,1405968,100,79,1513,4.96
P08331,Community Health,South,Yala,Jun,1309291,988480,100,61,2200,4.51
P08332,Elderly Care,South,Yala,Jun,620898,537286,100,67,355,3.78
P08333,Mental Health,South,Yala,Jun,1084325,960227,100,100,1642,3.68
P08334,Healthy School,South,Yala,Jun,690087,661087,100,77,1130,4.99
P08335,Food Safety,South,Yala,Jun,1543497,1265363,100,70,588,4.73
P08336,NCD Prevention,South,Yala,Jun,1445003,1245973,100,69,257,3.74
P08337,Health Data,South,Yala,Jun,1186073,1072277,100,87,870,3.66
P08338,Health Promotion,South,Yala,Jun,1721087,1578437,100,66,918,3.5
P08339,Policy Development,South,Yala,Jun,1649387,1420016,100,72,803,3.57
P08340,Network Strengthening,South,Yala,Jun,672497,484240,100,79,2426,4.12
P08341,Community Health,South,Yala,Jul,1158704,813945,100,92,468,3.69
P08342,Elderly Care,South,Yala,Jul,547059,418679,100,99,826,4.39
P08343,Mental Health,South,Yala,Jul,634582,582086,100,70,735,4.77
P08344,Healthy School,South,Yala,Jul,892003,685898,100,63,496,4.74
P08345,Food Safety,South,Yala,Jul,678589,589306,100,70,1976,4.84
P08346,NCD Prevention,South,Yala,Jul,1083252,975123,100,89,2845,3.98
P08347,Health Data,South,Yala,Jul,1270208,1094333,100,99,251,3.85
P08348,Health Promotion,South,Yala,Jul,938424,896863,100,71,2059,4.51
P08349,Policy Development,South,Yala,Jul,1777276,1515581,100,87,1712,3.59
P08350,Network Strengthening,South,Yala,Jul,558353,480745,100,65,2069,4.07
P08351,Community Health,South,Yala,Aug,1999137,1405742,100,100,1367,4.16
P08352,Elderly Care,South,Yala,Aug,1687496,1185215,100,72,1795,4.73
P08353,Mental Health,South,Yala,Aug,912821,842948,100,60,2361,3.76
P08354,Healthy School,South,Yala,Aug,1979970,1469873,100,97,1457,3.77
P08355,Food Safety,South,Yala,Aug,1641641,1354205,100,100,1717,4.4
P08356,NCD Prevention,South,Yala,Aug,1889883,1752176,100,72,1772,4.34
P08357,Health Data,South,Yala,Aug,980386,948043,100,97,2336,4.01
P08358,Health Promotion,South,Yala,Aug,1816296,1531281,100,60,166,4.42
P08359,Policy Development,South,Yala,Aug,1841290,1345365,100,87,1534,3.65
P08360,Network Strengthening,South,Yala,Aug,645870,632660,100,77,1630,4.52
P08361,Community Health,South,Yala,Sep,663257,618991,100,83,318,4.79
P08362,Elderly Care,South,Yala,Sep,1860808,1750452,100,65,1506,4.8
P08363,Mental Health,South,Yala,Sep,1224871,872321,100,63,2905,4.6
P08364,Healthy School,South,Yala,Sep,1112014,885134,100,66,2426,3.69
P08365,Food Safety,South,Yala,Sep,1885697,1333951,100,100,2133,3.58
P08366,NCD Prevention,South,Yala,Sep,935642,902328,100,66,2701,4.69
P08367,Health Data,South,Yala,Sep,770988,620197,100,96,2103,3.57
P08368,Health Promotion,South,Yala,Sep,1696386,1316435,100,83,406,4.93
P08369,Policy Development,South,Yala,Sep,1586764,1416313,100,60,1518,3.76
P08370,Network Strengthening,South,Yala,Sep,1562656,1558522,100,94,1017,4.11
P08371,Community Health,South,Yala,Oct,1268159,1186904,100,74,346,4.45
P08372,Elderly Care,South,Yala,Oct,840840,609232,100,80,2016,3.91
P08373,Mental Health,South,Yala,Oct,1878854,1406879,100,82,2603,4.84
P08374,Healthy School,South,Yala,Oct,979513,933875,100,77,710,4.33
P08375,Food Safety,South,Yala,Oct,1318393,1104262,100,86,1240,3.67
P08376,NCD Prevention,South,Yala,Oct,1708546,1561271,100,81,1406,4.62
P08377,Health Data,South,Yala,Oct,1791273,1702364,100,100,1579,4.85
P08378,Health Promotion,South,Yala,Oct,667725,569006,100,96,2571,3.72
P08379,Policy Development,South,Yala,Oct,1709910,1580528,100,94,735,3.78
P08380,Network Strengthening,South,Yala,Oct,1533779,1308679,100,65,2967,4.88
P08381,Community Health,South,Yala,Nov,1528558,1189834,100,76,2373,4.54
P08382,Elderly Care,South,Yala,Nov,1035576,1009066,100,85,1983,3.56
P08383,Mental Health,South,Yala,Nov,1353855,1238269,100,81,503,4.89
P08384,Healthy School,South,Yala,Nov,594207,416237,100,99,1965,4.64
P08385,Food Safety,South,Yala,Nov,1521421,1359325,100,78,2534,4.11
P08386,NCD Prevention,South,Yala,Nov,1802835,1412437,100,64,2879,3.83
P08387,Health Data,South,Yala,Nov,1096470,1081214,100,64,2136,4.52
P08388,Health Promotion,South,Yala,Nov,1558599,1296911,100,72,223,4.7
P08389,Policy Development,South,Yala,Nov,837600,629605,100,81,965,4.3
P08390,Network Strengthening,South,Yala,Nov,1212473,936548,100,86,845,3.83
P08391,Community Health,South,Yala,Dec,1617363,1279246,100,70,363,4.75
P08392,Elderly Care,South,Yala,Dec,1699668,1512518,100,89,2616,3.65
P08393,Mental Health,South,Yala,Dec,1687362,1297467,100,86,1156,4.64
P08394,Healthy School,South,Yala,Dec,875259,843615,100,76,386,4.13
P08395,Food Safety,South,Yala,Dec,641252,510012,100,97,1619,4.15
P08396,NCD Prevention,South,Yala,Dec,1564631,1394200,100,81,2545,4.09
P08397,Health Data,South,Yala,Dec,1837818,1683305,100,89,2076,4.93
P08398,Health Promotion,South,Yala,Dec,1544561,1210560,100,99,2394,3.94
P08399,Policy Development,South,Yala,Dec,1292294,929751,100,73,790,4.12
P08400,Network Strengthening,South,Yala,Dec,1133314,980605,100,80,2382,3.77
P08401,Community Health,South,Narathiwat,Jan,1461116,1036744,100,76,1145,4.12
P08402,Elderly Care,South,Narathiwat,Jan,1801453,1334307,100,100,2374,4.03
P08403,Mental Health,South,Narathiwat,Jan,1565308,1223160,100,80,1489,4.0
P08404,Healthy School,South,Narathiwat,Jan,1275030,1134219,100,94,1842,4.31
P08405,Food Safety,South,Narathiwat,Jan,1830664,1535998,100,80,1284,4.91
P08406,NCD Prevention,South,Narathiwat,Jan,1704938,1330681,100,73,2871,3.56
P08407,Health Data,South,Narathiwat,Jan,793156,660131,100,71,316,4.05
P08408,Health Promotion,South,Narathiwat,Jan,1070509,1044914,100,94,2167,3.81
P08409,Policy Development,South,Narathiwat,Jan,1116843,1005928,100,69,1209,3.76
P08410,Network Strengthening,South,Narathiwat,Jan,1688423,1314541,100,92,623,3.88
P08411,Community Health,South,Narathiwat,Feb,1429952,1305716,100,90,397,4.57
P08412,Elderly Care,South,Narathiwat,Feb,930997,709991,100,82,2666,3.87
P08413,Mental Health,South,Narathiwat,Feb,1676178,1535700,100,69,548,4.99
P08414,Healthy School,South,Narathiwat,Feb,1935862,1930370,100,69,1861,4.65
P08415,Food Safety,South,Narathiwat,Feb,1851159,1687142,100,68,1755,4.45
P08416,NCD Prevention,South,Narathiwat,Feb,611197,590447,100,85,1055,4.06
P08417,Health Data,South,Narathiwat,Feb,1336443,1183756,100,91,1647,3.81
P08418,Health Promotion,South,Narathiwat,Feb,1430382,1422190,100,61,2145,3.79
P08419,Policy Development,South,Narathiwat,Feb,1671985,1410049,100,65,782,3.83
P08420,Network Strengthening,South,Narathiwat,Feb,1806268,1303911,100,90,984,3.83
P08421,Community Health,South,Narathiwat,Mar,1787439,1344778,100,64,807,4.95
P08422,Elderly Care,South,Narathiwat,Mar,1255421,1031126,100,97,2318,4.31
P08423,Mental Health,South,Narathiwat,Mar,1924889,1862316,100,93,2889,4.71
P08424,Healthy School,South,Narathiwat,Mar,1285215,1254259,100,68,1066,4.94
P08425,Food Safety,South,Narathiwat,Mar,861595,808354,100,91,2297,4.01
P08426,NCD Prevention,South,Narathiwat,Mar,644543,522579,100,69,1975,3.8
P08427,Health Data,South,Narathiwat,Mar,831940,663922,100,93,1463,3.52
P08428,Health Promotion,South,Narathiwat,Mar,1283965,1151897,100,97,799,4.83
P08429,Policy Development,South,Narathiwat,Mar,1286973,1002743,100,83,1466,3.96
P08430,Network Strengthening,South,Narathiwat,Mar,1552240,1256841,100,96,1732,3.95
P08431,Community Health,South,Narathiwat,Apr,673682,525294,100,77,210,4.85
P08432,Elderly Care,South,Narathiwat,Apr,1928811,1663436,100,68,1304,4.26
P08433,Mental Health,South,Narathiwat,Apr,1295009,1140945,100,94,1450,4.89
P08434,Healthy School,South,Narathiwat,Apr,996928,741816,100,64,434,4.72
P08435,Food Safety,South,Narathiwat,Apr,1240618,959597,100,75,1315,3.76
P08436,NCD Prevention,South,Narathiwat,Apr,1351423,996221,100,100,823,4.88
P08437,Health Data,South,Narathiwat,Apr,1992268,1442569,100,64,199,3.57
P08438,Health Promotion,South,Narathiwat,Apr,520247,499171,100,98,613,3.57
P08439,Policy Development,South,Narathiwat,Apr,1662772,1308540,100,76,2315,3.52
P08440,Network Strengthening,South,Narathiwat,Apr,1114293,896081,100,73,2362,3.99
P08441,Community Health,South,Narathiwat,May,1316012,1110726,100,93,521,4.52
P08442,Elderly Care,South,Narathiwat,May,1955490,1570915,100,96,712,4.77
P08443,Mental Health,South,Narathiwat,May,517926,364326,100,82,304,4.17
P08444,Healthy School,South,Narathiwat,May,1974469,1760346,100,98,1774,3.51
P08445,Food Safety,South,Narathiwat,May,1682294,1474981,100,90,1286,4.96
P08446,NCD Prevention,South,Narathiwat,May,981789,977126,100,65,2275,4.71
P08447,Health Data,South,Narathiwat,May,1871572,1321401,100,99,2478,4.59
P08448,Health Promotion,South,Narathiwat,May,558306,463638,100,100,190,3.89
P08449,Policy Development,South,Narathiwat,May,1668905,1405450,100,80,248,4.19
P08450,Network Strengthening,South,Narathiwat,May,1311208,1052355,100,70,2275,4.07
P08451,Community Health,South,Narathiwat,Jun,1418516,1391056,100,72,1131,3.98
P08452,Elderly Care,South,Narathiwat,Jun,1640621,1271585,100,94,1682,3.94
P08453,Mental Health,South,Narathiwat,Jun,1393106,1388722,100,93,2248,3.78
P08454,Healthy School,South,Narathiwat,Jun,633268,477937,100,99,1056,4.68
P08455,Food Safety,South,Narathiwat,Jun,1957699,1548221,100,60,1226,3.9
P08456,NCD Prevention,South,Narathiwat,Jun,1769050,1475886,100,62,2833,3.72
P08457,Health Data,South,Narathiwat,Jun,864345,820624,100,66,2586,4.71
P08458,Health Promotion,South,Narathiwat,Jun,727495,516740,100,92,1421,4.67
P08459,Policy Development,South,Narathiwat,Jun,1382591,1009728,100,100,496,4.83
P08460,Network Strengthening,South,Narathiwat,Jun,1023162,819523,100,94,1648,4.33
P08461,Community Health,South,Narathiwat,Jul,1005349,772543,100,76,1675,3.95
P08462,Elderly Care,South,Narathiwat,Jul,1614683,1245106,100,80,331,4.22
P08463,Mental Health,South,Narathiwat,Jul,1957028,1408538,100,75,2035,4.58
P08464,Healthy School,South,Narathiwat,Jul,1538994,1106967,100,84,2809,4.81
P08465,Food Safety,South,Narathiwat,Jul,1791657,1421093,100,75,2207,4.54
P08466,NCD Prevention,South,Narathiwat,Jul,1380368,1116889,100,79,1659,4.9
P08467,Health Data,South,Narathiwat,Jul,517954,466332,100,64,317,4.63
P08468,Health Promotion,South,Narathiwat,Jul,1708197,1569937,100,61,458,3.82
P08469,Policy Development,South,Narathiwat,Jul,1449092,1168660,100,92,2342,3.85
P08470,Network Strengthening,South,Narathiwat,Jul,1201316,985896,100,65,2123,4.06
P08471,Community Health,South,Narathiwat,Aug,1366655,1096093,100,80,2774,4.76
P08472,Elderly Care,South,Narathiwat,Aug,620398,578523,100,75,1264,4.62
P08473,Mental Health,South,Narathiwat,Aug,1701607,1269505,100,63,1896,4.84
P08474,Healthy School,South,Narathiwat,Aug,1133070,854781,100,82,2630,4.05
P08475,Food Safety,South,Narathiwat,Aug,1553608,1372364,100,84,2311,4.62
P08476,NCD Prevention,South,Narathiwat,Aug,1527347,1178031,100,87,1835,4.17
P08477,Health Data,South,Narathiwat,Aug,1769521,1638483,100,66,642,4.13
P08478,Health Promotion,South,Narathiwat,Aug,744179,702278,100,62,2009,4.58
P08479,Policy Development,South,Narathiwat,Aug,1653858,1206964,100,60,1687,3.94
P08480,Network Strengthening,South,Narathiwat,Aug,1698737,1528576,100,76,1629,3.82
P08481,Community Health,South,Narathiwat,Sep,1460767,1154891,100,79,2661,4.03
P08482,Elderly Care,South,Narathiwat,Sep,1552196,1478778,100,76,2513,3.72
P08483,Mental Health,South,Narathiwat,Sep,627691,549535,100,66,1098,4.91
P08484,Healthy School,South,Narathiwat,Sep,605192,467243,100,95,803,3.84
P08485,Food Safety,South,Narathiwat,Sep,940658,890075,100,65,326,3.54
P08486,NCD Prevention,South,Narathiwat,Sep,557160,504734,100,86,1051,4.43
P08487,Health Data,South,Narathiwat,Sep,1214555,946926,100,96,1303,3.56
P08488,Health Promotion,South,Narathiwat,Sep,1126971,875608,100,69,2279,4.39
P08489,Policy Development,South,Narathiwat,Sep,1611743,1476607,100,88,2188,4.24
P08490,Network Strengthening,South,Narathiwat,Sep,538021,507923,100,89,2823,4.75
P08491,Community Health,South,Narathiwat,Oct,1725763,1481137,100,96,601,4.87
P08492,Elderly Care,South,Narathiwat,Oct,1510509,1313834,100,70,2141,4.29
P08493,Mental Health,South,Narathiwat,Oct,689965,511098,100,90,1423,3.68
P08494,Healthy School,South,Narathiwat,Oct,561612,513416,100,68,1598,4.99
P08495,Food Safety,South,Narathiwat,Oct,1355610,1256729,100,77,910,3.59
P08496,NCD Prevention,South,Narathiwat,Oct,972365,893120,100,62,1128,4.09
P08497,Health Data,South,Narathiwat,Oct,629399,456396,100,65,2900,4.18
P08498,Health Promotion,South,Narathiwat,Oct,907228,777594,100,99,2939,4.53
P08499,Policy Development,South,Narathiwat,Oct,711928,687301,100,78,1273,4.56
P08500,Network Strengthening,South,Narathiwat,Oct,571486,493644,100,86,2621,4.7
P08501,Community Health,South,Narathiwat,Nov,926994,668350,100,65,1601,4.92
P08502,Elderly Care,South,Narathiwat,Nov,920324,695408,100,97,1940,4.6
P08503,Mental Health,South,Narathiwat,Nov,1356457,1305396,100,87,2183,4.28
P08504,Healthy School,South,Narathiwat,Nov,1874259,1599370,100,70,1340,3.97
P08505,Food Safety,South,Narathiwat,Nov,1257060,1096468,100,95,1535,3.51
P08506,NCD Prevention,South,Narathiwat,Nov,1198123,954633,100,70,188,4.23
P08507,Health Data,South,Narathiwat,Nov,652462,575246,100,62,2070,4.97
P08508,Health Promotion,South,Narathiwat,Nov,1072717,1064937,100,67,792,4.78
P08509,Policy Development,South,Narathiwat,Nov,978306,912744,100,74,671,4.49
P08510,Network Strengthening,South,Narathiwat,Nov,1809862,1643165,100,75,2172,3.57
P08511,Community Health,South,Narathiwat,Dec,1911146,1488766,100,98,329,3.56
P08512,Elderly Care,South,Narathiwat,Dec,1439594,1181481,100,73,1643,4.38
P08513,Mental Health,South,Narathiwat,Dec,791130,738391,100,95,2090,3.67
P08514,Healthy School,South,Narathiwat,Dec,652264,628332,100,100,1007,4.91
P08515,Food Safety,South,Narathiwat,Dec,715244,617660,100,99,2432,4.98
P08516,NCD Prevention,South,Narathiwat,Dec,1802322,1567205,100,64,361,3.62
P08517,Health Data,South,Narathiwat,Dec,800411,680622,100,94,2434,4.38
P08518,Health Promotion,South,Narathiwat,Dec,700716,657844,100,88,855,3.9
P08519,Policy Development,South,Narathiwat,Dec,654123,637743,100,95,2410,4.48
P08520,Network Strengthening,South,Narathiwat,Dec,1591519,1425448,100,91,707,3.79
P08521,Community Health,South,Nakhon Si Thammarat,Jan,1533802,1510996,100,83,502,4.79
P08522,Elderly Care,South,Nakhon Si Thammarat,Jan,1964053,1963856,100,77,2190,4.37
P08523,Mental Health,South,Nakhon Si Thammarat,Jan,968661,861564,100,82,2238,3.83
P08524,Healthy School,South,Nakhon Si Thammarat,Jan,1716207,1562654,100,79,2316,3.71
P08525,Food Safety,South,Nakhon Si Thammarat,Jan,1195443,1026383,100,96,2154,4.99
P08526,NCD Prevention,South,Nakhon Si Thammarat,Jan,608465,451068,100,60,1266,3.9
P08527,Health Data,South,Nakhon Si Thammarat,Jan,825307,611512,100,84,1343,4.63
P08528,Health Promotion,South,Nakhon Si Thammarat,Jan,1778179,1295187,100,100,2596,3.9
P08529,Policy Development,South,Nakhon Si Thammarat,Jan,1049545,791996,100,62,2684,4.09
P08530,Network Strengthening,South,Nakhon Si Thammarat,Jan,1884082,1707892,100,90,2234,4.75
P08531,Community Health,South,Nakhon Si Thammarat,Feb,793865,570791,100,66,1360,4.09
P08532,Elderly Care,South,Nakhon Si Thammarat,Feb,1378302,1334559,100,66,2094,4.14
P08533,Mental Health,South,Nakhon Si Thammarat,Feb,1500783,1382409,100,75,2114,3.63
P08534,Healthy School,South,Nakhon Si Thammarat,Feb,1893656,1742100,100,93,848,3.68
P08535,Food Safety,South,Nakhon Si Thammarat,Feb,1925064,1512607,100,91,369,4.75
P08536,NCD Prevention,South,Nakhon Si Thammarat,Feb,1286040,1072270,100,61,1981,4.84
P08537,Health Data,South,Nakhon Si Thammarat,Feb,1483006,1260708,100,73,1806,4.15
P08538,Health Promotion,South,Nakhon Si Thammarat,Feb,718713,698704,100,96,2076,3.61
P08539,Policy Development,South,Nakhon Si Thammarat,Feb,1048259,735644,100,87,2023,4.37
P08540,Network Strengthening,South,Nakhon Si Thammarat,Feb,811974,614943,100,91,1341,4.7
P08541,Community Health,South,Nakhon Si Thammarat,Mar,880043,653563,100,98,693,4.78
P08542,Elderly Care,South,Nakhon Si Thammarat,Mar,754741,602948,100,61,2033,4.66
P08543,Mental Health,South,Nakhon Si Thammarat,Mar,558601,502346,100,75,493,4.85
P08544,Healthy School,South,Nakhon Si Thammarat,Mar,1511949,1064844,100,67,986,4.91
P08545,Food Safety,South,Nakhon Si Thammarat,Mar,1614970,1379254,100,67,1917,4.33
P08546,NCD Prevention,South,Nakhon Si Thammarat,Mar,1073904,815870,100,97,1690,3.56
P08547,Health Data,South,Nakhon Si Thammarat,Mar,1856192,1574561,100,78,2971,4.07
P08548,Health Promotion,South,Nakhon Si Thammarat,Mar,1908198,1610267,100,91,471,4.76
P08549,Policy Development,South,Nakhon Si Thammarat,Mar,1912266,1635267,100,87,543,3.73
P08550,Network Strengthening,South,Nakhon Si Thammarat,Mar,1914712,1677613,100,94,2700,4.85
P08551,Community Health,South,Nakhon Si Thammarat,Apr,1769383,1313797,100,93,511,4.28
P08552,Elderly Care,South,Nakhon Si Thammarat,Apr,1662747,1305248,100,81,2048,4.53
P08553,Mental Health,South,Nakhon Si Thammarat,Apr,657381,467617,100,97,1905,4.23
P08554,Healthy School,South,Nakhon Si Thammarat,Apr,1203306,1123139,100,98,198,4.35
P08555,Food Safety,South,Nakhon Si Thammarat,Apr,1043167,1010927,100,94,1519,4.13
P08556,NCD Prevention,South,Nakhon Si Thammarat,Apr,1253431,959764,100,72,1464,4.13
P08557,Health Data,South,Nakhon Si Thammarat,Apr,646910,589218,100,73,2135,4.67
P08558,Health Promotion,South,Nakhon Si Thammarat,Apr,782816,590096,100,86,1599,4.69
P08559,Policy Development,South,Nakhon Si Thammarat,Apr,673821,511039,100,87,392,3.79
P08560,Network Strengthening,South,Nakhon Si Thammarat,Apr,724576,585313,100,86,1631,4.95
P08561,Community Health,South,Nakhon Si Thammarat,May,820049,613539,100,87,1742,3.53
P08562,Elderly Care,South,Nakhon Si Thammarat,May,592067,527994,100,72,386,4.72
P08563,Mental Health,South,Nakhon Si Thammarat,May,1369383,971001,100,74,361,4.34
P08564,Healthy School,South,Nakhon Si Thammarat,May,1750785,1602629,100,87,958,4.42
P08565,Food Safety,South,Nakhon Si Thammarat,May,1120612,789701,100,94,448,4.58
P08566,NCD Prevention,South,Nakhon Si Thammarat,May,1783403,1533922,100,75,2018,3.84
P08567,Health Data,South,Nakhon Si Thammarat,May,1578841,1317732,100,76,216,4.98
P08568,Health Promotion,South,Nakhon Si Thammarat,May,1212845,929120,100,79,2304,3.54
P08569,Policy Development,South,Nakhon Si Thammarat,May,927481,707889,100,70,1113,4.84
P08570,Network Strengthening,South,Nakhon Si Thammarat,May,687514,497235,100,75,2819,3.5
P08571,Community Health,South,Nakhon Si Thammarat,Jun,1655008,1270239,100,69,879,4.96
P08572,Elderly Care,South,Nakhon Si Thammarat,Jun,935688,715571,100,78,2378,4.8
P08573,Mental Health,South,Nakhon Si Thammarat,Jun,981535,688557,100,93,2128,3.52
P08574,Healthy School,South,Nakhon Si Thammarat,Jun,1204303,1122895,100,100,1561,4.15
P08575,Food Safety,South,Nakhon Si Thammarat,Jun,1947127,1816532,100,86,681,4.47
P08576,NCD Prevention,South,Nakhon Si Thammarat,Jun,1506112,1359751,100,99,1705,4.78
P08577,Health Data,South,Nakhon Si Thammarat,Jun,730843,716183,100,77,421,3.68
P08578,Health Promotion,South,Nakhon Si Thammarat,Jun,1730853,1375876,100,64,576,4.17
P08579,Policy Development,South,Nakhon Si Thammarat,Jun,579978,408454,100,86,2175,4.59
P08580,Network Strengthening,South,Nakhon Si Thammarat,Jun,1201103,875574,100,79,1216,4.77
P08581,Community Health,South,Nakhon Si Thammarat,Jul,649769,647059,100,85,2295,4.63
P08582,Elderly Care,South,Nakhon Si Thammarat,Jul,1361704,1258293,100,78,893,3.67
P08583,Mental Health,South,Nakhon Si Thammarat,Jul,926074,893867,100,83,1120,4.98
P08584,Healthy School,South,Nakhon Si Thammarat,Jul,1232915,1210293,100,96,194,4.04
P08585,Food Safety,South,Nakhon Si Thammarat,Jul,1276217,1110911,100,97,676,4.98
P08586,NCD Prevention,South,Nakhon Si Thammarat,Jul,651810,601760,100,77,386,4.58
P08587,Health Data,South,Nakhon Si Thammarat,Jul,961789,786355,100,75,488,4.62
P08588,Health Promotion,South,Nakhon Si Thammarat,Jul,1065734,902983,100,60,1673,4.83
P08589,Policy Development,South,Nakhon Si Thammarat,Jul,889827,879917,100,64,342,4.09
P08590,Network Strengthening,South,Nakhon Si Thammarat,Jul,859436,808260,100,85,1712,3.74
P08591,Community Health,South,Nakhon Si Thammarat,Aug,1131487,881988,100,66,2110,3.65
P08592,Elderly Care,South,Nakhon Si Thammarat,Aug,1719439,1360185,100,69,2845,4.89
P08593,Mental Health,South,Nakhon Si Thammarat,Aug,1123215,965955,100,96,2016,4.14
P08594,Healthy School,South,Nakhon Si Thammarat,Aug,727321,694800,100,82,2352,4.31
P08595,Food Safety,South,Nakhon Si Thammarat,Aug,574141,496195,100,97,792,3.61
P08596,NCD Prevention,South,Nakhon Si Thammarat,Aug,1234260,881830,100,62,562,4.0
P08597,Health Data,South,Nakhon Si Thammarat,Aug,1508982,1292052,100,90,2492,4.46
P08598,Health Promotion,South,Nakhon Si Thammarat,Aug,830710,593444,100,73,1582,4.51
P08599,Policy Development,South,Nakhon Si Thammarat,Aug,682156,544752,100,73,1841,4.37
P08600,Network Strengthening,South,Nakhon Si Thammarat,Aug,1504485,1382101,100,66,534,3.76
P08601,Community Health,South,Nakhon Si Thammarat,Sep,1772122,1368105,100,68,2157,4.37
P08602,Elderly Care,South,Nakhon Si Thammarat,Sep,1483814,1085166,100,72,957,4.47
P08603,Mental Health,South,Nakhon Si Thammarat,Sep,949417,717167,100,71,1562,4.28
P08604,Healthy School,South,Nakhon Si Thammarat,Sep,1403316,1186583,100,87,1557,3.61
P08605,Food Safety,South,Nakhon Si Thammarat,Sep,1484843,1448542,100,70,1918,4.7
P08606,NCD Prevention,South,Nakhon Si Thammarat,Sep,1777237,1580646,100,65,226,4.68
P08607,Health Data,South,Nakhon Si Thammarat,Sep,1515187,1289358,100,89,654,4.78
P08608,Health Promotion,South,Nakhon Si Thammarat,Sep,1496135,1483600,100,79,2052,3.81
P08609,Policy Development,South,Nakhon Si Thammarat,Sep,785812,608314,100,74,1749,4.94
P08610,Network Strengthening,South,Nakhon Si Thammarat,Sep,1796516,1293751,100,89,1303,3.88
P08611,Community Health,South,Nakhon Si Thammarat,Oct,1273364,1056269,100,85,625,3.8
P08612,Elderly Care,South,Nakhon Si Thammarat,Oct,1624024,1167135,100,70,1024,4.76
P08613,Mental Health,South,Nakhon Si Thammarat,Oct,1179106,934112,100,88,166,4.08
P08614,Healthy School,South,Nakhon Si Thammarat,Oct,1829816,1497746,100,99,2531,3.7
P08615,Food Safety,South,Nakhon Si Thammarat,Oct,1463132,1265906,100,97,443,4.53
P08616,NCD Prevention,South,Nakhon Si Thammarat,Oct,1610105,1139689,100,79,666,3.77
P08617,Health Data,South,Nakhon Si Thammarat,Oct,1685686,1234324,100,74,1497,3.6
P08618,Health Promotion,South,Nakhon Si Thammarat,Oct,1306373,1283829,100,88,156,4.92
P08619,Policy Development,South,Nakhon Si Thammarat,Oct,1794470,1515267,100,78,902,4.99
P08620,Network Strengthening,South,Nakhon Si Thammarat,Oct,1892603,1333251,100,79,993,4.0
P08621,Community Health,South,Nakhon Si Thammarat,Nov,719430,622091,100,65,1714,4.87
P08622,Elderly Care,South,Nakhon Si Thammarat,Nov,674575,665559,100,84,700,3.7
P08623,Mental Health,South,Nakhon Si Thammarat,Nov,1858407,1452789,100,90,1416,3.57
P08624,Healthy School,South,Nakhon Si Thammarat,Nov,912042,669909,100,79,602,4.21
P08625,Food Safety,South,Nakhon Si Thammarat,Nov,584613,522334,100,63,2164,3.83
P08626,NCD Prevention,South,Nakhon Si Thammarat,Nov,1213419,854099,100,89,891,4.0
P08627,Health Data,South,Nakhon Si Thammarat,Nov,1446101,1127998,100,80,710,4.25
P08628,Health Promotion,South,Nakhon Si Thammarat,Nov,572937,492058,100,100,987,3.73
P08629,Policy Development,South,Nakhon Si Thammarat,Nov,1767593,1343386,100,65,952,4.54
P08630,Network Strengthening,South,Nakhon Si Thammarat,Nov,1186920,1176249,100,97,1698,3.89
P08631,Community Health,South,Nakhon Si Thammarat,Dec,974652,831922,100,71,1103,4.16
P08632,Elderly Care,South,Nakhon Si Thammarat,Dec,859439,824922,100,67,2334,3.56
P08633,Mental Health,South,Nakhon Si Thammarat,Dec,986538,723260,100,73,1706,4.27
P08634,Healthy School,South,Nakhon Si Thammarat,Dec,1888890,1616219,100,94,2781,4.79
P08635,Food Safety,South,Nakhon Si Thammarat,Dec,847633,734992,100,85,439,3.86
P08636,NCD Prevention,South,Nakhon Si Thammarat,Dec,1962604,1899112,100,63,697,4.28
P08637,Health Data,South,Nakhon Si Thammarat,Dec,1454212,1332308,100,63,2809,3.88
P08638,Health Promotion,South,Nakhon Si Thammarat,Dec,1217225,1178501,100,91,238,3.57
P08639,Policy Development,South,Nakhon Si Thammarat,Dec,1120877,1096924,100,88,1630,3.8
P08640,Network Strengthening,South,Nakhon Si Thammarat,Dec,1813646,1487840,100,75,1381,4.02
P08641,Community Health,South,Chumphon,Jan,765182,555899,100,93,1654,4.99
P08642,Elderly Care,South,Chumphon,Jan,719994,625614,100,87,1227,4.14
P08643,Mental Health,South,Chumphon,Jan,1146074,839702,100,81,2829,4.99
P08644,Healthy School,South,Chumphon,Jan,1706173,1291933,100,66,2037,3.75
P08645,Food Safety,South,Chumphon,Jan,1667785,1648211,100,62,1513,4.14
P08646,NCD Prevention,South,Chumphon,Jan,1905518,1846049,100,62,874,3.58
P08647,Health Data,South,Chumphon,Jan,1468828,1160158,100,93,627,4.88
P08648,Health Promotion,South,Chumphon,Jan,1393535,1191953,100,84,1517,4.33
P08649,Policy Development,South,Chumphon,Jan,1914160,1643954,100,98,2938,4.84
P08650,Network Strengthening,South,Chumphon,Jan,771837,579254,100,69,1499,4.52
P08651,Community Health,South,Chumphon,Feb,1826970,1627164,100,85,2950,3.74
P08652,Elderly Care,South,Chumphon,Feb,1365772,1122832,100,82,597,4.85
P08653,Mental Health,South,Chumphon,Feb,769058,580541,100,71,2279,3.93
P08654,Healthy School,South,Chumphon,Feb,571313,483524,100,96,1437,3.89
P08655,Food Safety,South,Chumphon,Feb,1217191,889183,100,64,675,4.22
P08656,NCD Prevention,South,Chumphon,Feb,1663349,1571796,100,78,245,3.65
P08657,Health Data,South,Chumphon,Feb,1160632,1075830,100,60,1804,4.34
P08658,Health Promotion,South,Chumphon,Feb,1112051,824207,100,60,424,4.98
P08659,Policy Development,South,Chumphon,Feb,1027384,787184,100,93,2567,4.83
P08660,Network Strengthening,South,Chumphon,Feb,779723,650694,100,100,2851,4.67
P08661,Community Health,South,Chumphon,Mar,878457,638090,100,60,2256,4.58
P08662,Elderly Care,South,Chumphon,Mar,524807,455945,100,66,1434,3.63
P08663,Mental Health,South,Chumphon,Mar,1553698,1227985,100,80,1247,3.88
P08664,Healthy School,South,Chumphon,Mar,1587311,1525025,100,96,897,4.32
P08665,Food Safety,South,Chumphon,Mar,1449528,1265587,100,73,2813,4.01
P08666,NCD Prevention,South,Chumphon,Mar,1068462,940128,100,76,2234,4.14
P08667,Health Data,South,Chumphon,Mar,1398086,999933,100,67,2375,4.82
P08668,Health Promotion,South,Chumphon,Mar,1081600,785735,100,74,1129,4.53
P08669,Policy Development,South,Chumphon,Mar,818081,581087,100,94,230,4.78
P08670,Network Strengthening,South,Chumphon,Mar,979536,842833,100,93,2825,4.1
P08671,Community Health,South,Chumphon,Apr,1321747,998694,100,69,2359,4.76
P08672,Elderly Care,South,Chumphon,Apr,1124630,915770,100,98,2989,4.04
P08673,Mental Health,South,Chumphon,Apr,537594,494913,100,68,650,3.81
P08674,Healthy School,South,Chumphon,Apr,1355906,1272204,100,68,1243,4.2
P08675,Food Safety,South,Chumphon,Apr,567591,444135,100,97,1232,3.92
P08676,NCD Prevention,South,Chumphon,Apr,1743810,1541450,100,99,2168,4.7
P08677,Health Data,South,Chumphon,Apr,899591,878006,100,94,2956,4.13
P08678,Health Promotion,South,Chumphon,Apr,1730902,1336532,100,81,2609,3.73
P08679,Policy Development,South,Chumphon,Apr,824116,799312,100,85,1089,3.93
P08680,Network Strengthening,South,Chumphon,Apr,1149758,1088393,100,75,303,4.35
P08681,Community Health,South,Chumphon,May,1945226,1611011,100,80,1082,3.95
P08682,Elderly Care,South,Chumphon,May,1520561,1397864,100,72,1716,4.78
P08683,Mental Health,South,Chumphon,May,1275003,928655,100,88,2382,3.78
P08684,Healthy School,South,Chumphon,May,1098448,962209,100,95,1215,4.83
P08685,Food Safety,South,Chumphon,May,745133,717507,100,65,781,4.63
P08686,NCD Prevention,South,Chumphon,May,1986248,1583194,100,75,347,4.95
P08687,Health Data,South,Chumphon,May,1295391,1237222,100,70,2617,4.9
P08688,Health Promotion,South,Chumphon,May,961938,931002,100,68,1669,4.21
P08689,Policy Development,South,Chumphon,May,1592552,1300300,100,70,941,4.29
P08690,Network Strengthening,South,Chumphon,May,1406762,1244496,100,87,1019,4.43
P08691,Community Health,South,Chumphon,Jun,1200950,1168313,100,99,977,4.35
P08692,Elderly Care,South,Chumphon,Jun,1663598,1637662,100,83,2524,3.93
P08693,Mental Health,South,Chumphon,Jun,1829098,1396901,100,67,1731,3.73
P08694,Healthy School,South,Chumphon,Jun,597185,483279,100,87,2196,3.88
P08695,Food Safety,South,Chumphon,Jun,695482,587100,100,64,555,4.7
P08696,NCD Prevention,South,Chumphon,Jun,801025,740971,100,61,2393,4.33
P08697,Health Data,South,Chumphon,Jun,1516052,1087195,100,64,312,4.86
P08698,Health Promotion,South,Chumphon,Jun,1061869,794849,100,98,1363,4.8
P08699,Policy Development,South,Chumphon,Jun,513019,382726,100,65,1026,4.05
P08700,Network Strengthening,South,Chumphon,Jun,1742778,1477693,100,63,1142,4.7
P08701,Community Health,South,Chumphon,Jul,1605510,1320142,100,95,183,4.28
P08702,Elderly Care,South,Chumphon,Jul,1492853,1432086,100,99,673,4.95
P08703,Mental Health,South,Chumphon,Jul,1339817,1195637,100,67,2792,4.11
P08704,Healthy School,South,Chumphon,Jul,1577443,1530985,100,75,2817,4.54
P08705,Food Safety,South,Chumphon,Jul,1338141,1019788,100,62,2412,3.65
P08706,NCD Prevention,South,Chumphon,Jul,567996,435044,100,83,1994,4.72
P08707,Health Data,South,Chumphon,Jul,1408037,1155409,100,100,2828,3.64
P08708,Health Promotion,South,Chumphon,Jul,648054,513201,100,64,2363,3.76
P08709,Policy Development,South,Chumphon,Jul,1383939,1042696,100,62,1264,4.14
P08710,Network Strengthening,South,Chumphon,Jul,1964985,1626511,100,94,468,4.73
P08711,Community Health,South,Chumphon,Aug,1915333,1413932,100,81,2981,4.85
P08712,Elderly Care,South,Chumphon,Aug,1454392,1243129,100,74,830,4.23
P08713,Mental Health,South,Chumphon,Aug,1636015,1530731,100,82,2641,4.69
P08714,Healthy School,South,Chumphon,Aug,1522170,1304675,100,93,1072,3.91
P08715,Food Safety,South,Chumphon,Aug,683092,516744,100,93,1352,4.44
P08716,NCD Prevention,South,Chumphon,Aug,1715799,1240535,100,91,2326,4.56
P08717,Health Data,South,Chumphon,Aug,1719036,1259588,100,62,1116,4.49
P08718,Health Promotion,South,Chumphon,Aug,1633513,1213942,100,87,825,3.53
P08719,Policy Development,South,Chumphon,Aug,1804204,1782938,100,73,486,3.8
P08720,Network Strengthening,South,Chumphon,Aug,707822,589775,100,68,263,3.52
P08721,Community Health,South,Chumphon,Sep,1171276,1005955,100,89,284,3.51
P08722,Elderly Care,South,Chumphon,Sep,1602924,1399381,100,62,1274,4.6
P08723,Mental Health,South,Chumphon,Sep,568733,399334,100,93,408,4.93
P08724,Healthy School,South,Chumphon,Sep,900755,822078,100,90,2753,4.96
P08725,Food Safety,South,Chumphon,Sep,1539231,1218649,100,80,1815,3.83
P08726,NCD Prevention,South,Chumphon,Sep,780758,579024,100,90,1136,3.72
P08727,Health Data,South,Chumphon,Sep,1623940,1593103,100,93,709,4.82
P08728,Health Promotion,South,Chumphon,Sep,1045319,1012614,100,91,648,4.16
P08729,Policy Development,South,Chumphon,Sep,1033752,997489,100,60,1515,4.57
P08730,Network Strengthening,South,Chumphon,Sep,1681519,1245589,100,63,1412,4.01
P08731,Community Health,South,Chumphon,Oct,1438244,1061528,100,78,2148,3.99
P08732,Elderly Care,South,Chumphon,Oct,775398,568273,100,69,262,4.97
P08733,Mental Health,South,Chumphon,Oct,1421381,1013431,100,94,1428,4.7
P08734,Healthy School,South,Chumphon,Oct,1408602,1140119,100,88,1872,3.73
P08735,Food Safety,South,Chumphon,Oct,1545444,1122475,100,96,1859,4.73
P08736,NCD Prevention,South,Chumphon,Oct,1821862,1417421,100,96,1875,3.79
P08737,Health Data,South,Chumphon,Oct,1849560,1395327,100,99,1325,4.02
P08738,Health Promotion,South,Chumphon,Oct,1678800,1480647,100,97,2807,4.17
P08739,Policy Development,South,Chumphon,Oct,1330809,1276964,100,73,1786,4.97
P08740,Network Strengthening,South,Chumphon,Oct,942099,725038,100,77,2467,3.93
P08741,Community Health,South,Chumphon,Nov,1915073,1719074,100,80,368,3.66
P08742,Elderly Care,South,Chumphon,Nov,963726,785024,100,82,178,4.47
P08743,Mental Health,South,Chumphon,Nov,614993,499296,100,66,2371,3.64
P08744,Healthy School,South,Chumphon,Nov,1588291,1127380,100,68,1184,4.09
P08745,Food Safety,South,Chumphon,Nov,1944736,1680475,100,73,1460,4.21
P08746,NCD Prevention,South,Chumphon,Nov,1934766,1424737,100,61,913,4.07
P08747,Health Data,South,Chumphon,Nov,743288,670342,100,71,629,3.83
P08748,Health Promotion,South,Chumphon,Nov,1208650,1011065,100,99,1719,4.16
P08749,Policy Development,South,Chumphon,Nov,1855652,1652523,100,66,362,4.58
P08750,Network Strengthening,South,Chumphon,Nov,868369,668687,100,93,265,4.55
P08751,Community Health,South,Chumphon,Dec,1734096,1642375,100,81,735,4.7
P08752,Elderly Care,South,Chumphon,Dec,1147014,1023461,100,89,996,3.52
P08753,Mental Health,South,Chumphon,Dec,617080,485849,100,97,729,4.11
P08754,Healthy School,South,Chumphon,Dec,1128560,1056556,100,83,391,3.8
P08755,Food Safety,South,Chumphon,Dec,1458703,1249661,100,62,1278,3.74
P08756,NCD Prevention,South,Chumphon,Dec,997929,858118,100,68,1776,4.07
P08757,Health Data,South,Chumphon,Dec,1213335,988656,100,97,2412,4.09
P08758,Health Promotion,South,Chumphon,Dec,668041,568101,100,63,1143,3.85
P08759,Policy Development,South,Chumphon,Dec,526927,472479,100,88,419,3.64
P08760,Network Strengthening,South,Chumphon,Dec,1333468,1246243,100,94,1203,3.71
P08761,Community Health,South,Ranong,Jan,956510,906450,100,78,2151,4.58
P08762,Elderly Care,South,Ranong,Jan,1733788,1393753,100,91,485,4.05
P08763,Mental Health,South,Ranong,Jan,598939,556453,100,95,2571,3.69
P08764,Healthy School,South,Ranong,Jan,1430185,1022982,100,91,821,3.96
P08765,Food Safety,South,Ranong,Jan,599385,485273,100,84,963,4.61
P08766,NCD Prevention,South,Ranong,Jan,1029043,803038,100,87,1903,3.98
P08767,Health Data,South,Ranong,Jan,765254,561726,100,85,2785,4.27
P08768,Health Promotion,South,Ranong,Jan,1310136,1073876,100,75,2115,4.44
P08769,Policy Development,South,Ranong,Jan,1351476,970776,100,96,1469,3.81
P08770,Network Strengthening,South,Ranong,Jan,554930,470215,100,83,153,3.69
P08771,Community Health,South,Ranong,Feb,905966,719686,100,84,2942,3.7
P08772,Elderly Care,South,Ranong,Feb,745212,689488,100,98,1402,4.26
P08773,Mental Health,South,Ranong,Feb,1521927,1461931,100,84,1085,4.35
P08774,Healthy School,South,Ranong,Feb,924985,660732,100,88,2394,4.31
P08775,Food Safety,South,Ranong,Feb,1506653,1219894,100,80,2704,3.96
P08776,NCD Prevention,South,Ranong,Feb,995434,714549,100,92,412,4.28
P08777,Health Data,South,Ranong,Feb,599719,520664,100,63,448,4.51
P08778,Health Promotion,South,Ranong,Feb,828656,746433,100,77,2254,4.53
P08779,Policy Development,South,Ranong,Feb,1912455,1566660,100,87,1464,4.32
P08780,Network Strengthening,South,Ranong,Feb,1044995,963343,100,84,1734,3.67
P08781,Community Health,South,Ranong,Mar,1453923,1031629,100,93,2603,4.24
P08782,Elderly Care,South,Ranong,Mar,572124,414904,100,80,1792,4.05
P08783,Mental Health,South,Ranong,Mar,1921575,1603057,100,99,911,4.6
P08784,Healthy School,South,Ranong,Mar,1083444,953482,100,85,679,4.71
P08785,Food Safety,South,Ranong,Mar,1422147,1106751,100,77,2901,3.52
P08786,NCD Prevention,South,Ranong,Mar,943508,727875,100,78,2605,4.96
P08787,Health Data,South,Ranong,Mar,1539438,1463798,100,80,1003,4.88
P08788,Health Promotion,South,Ranong,Mar,1505924,1432700,100,69,1476,4.73
P08789,Policy Development,South,Ranong,Mar,1080692,924289,100,90,1569,4.46
P08790,Network Strengthening,South,Ranong,Mar,566248,454387,100,62,2265,4.39
P08791,Community Health,South,Ranong,Apr,920959,651101,100,87,1109,4.01
P08792,Elderly Care,South,Ranong,Apr,1414040,1009349,100,69,1036,4.48
P08793,Mental Health,South,Ranong,Apr,575537,469098,100,99,2405,3.89
P08794,Healthy School,South,Ranong,Apr,736173,515522,100,85,688,4.89
P08795,Food Safety,South,Ranong,Apr,785400,581381,100,60,1518,3.72
P08796,NCD Prevention,South,Ranong,Apr,1075312,895677,100,90,896,4.57
P08797,Health Data,South,Ranong,Apr,531514,385295,100,87,2317,4.41
P08798,Health Promotion,South,Ranong,Apr,1930751,1473928,100,69,1653,4.33
P08799,Policy Development,South,Ranong,Apr,798546,668935,100,79,1881,3.95
P08800,Network Strengthening,South,Ranong,Apr,1854581,1632318,100,80,745,3.82
P08801,Community Health,South,Ranong,May,1684476,1458218,100,85,926,4.12
P08802,Elderly Care,South,Ranong,May,1526975,1265682,100,80,179,3.95
P08803,Mental Health,South,Ranong,May,553084,487595,100,66,696,3.58
P08804,Healthy School,South,Ranong,May,1525763,1433941,100,89,388,4.59
P08805,Food Safety,South,Ranong,May,1268681,1047762,100,60,447,4.5
P08806,NCD Prevention,South,Ranong,May,966195,715908,100,69,1069,4.36
P08807,Health Data,South,Ranong,May,1927848,1447966,100,89,1478,4.05
P08808,Health Promotion,South,Ranong,May,1847130,1546810,100,83,841,3.93
P08809,Policy Development,South,Ranong,May,1984626,1910379,100,78,2496,3.68
P08810,Network Strengthening,South,Ranong,May,1207705,934796,100,64,1678,3.81
P08811,Community Health,South,Ranong,Jun,981977,967279,100,78,836,3.53
P08812,Elderly Care,South,Ranong,Jun,775863,728456,100,71,2680,4.59
P08813,Mental Health,South,Ranong,Jun,1315636,1281173,100,66,2827,3.88
P08814,Healthy School,South,Ranong,Jun,863970,736221,100,79,757,4.42
P08815,Food Safety,South,Ranong,Jun,1561855,1522688,100,99,1159,4.47
P08816,NCD Prevention,South,Ranong,Jun,1262116,1080733,100,99,2500,4.16
P08817,Health Data,South,Ranong,Jun,1788205,1516996,100,97,394,4.15
P08818,Health Promotion,South,Ranong,Jun,1504123,1351577,100,71,2508,4.88
P08819,Policy Development,South,Ranong,Jun,1014169,950557,100,100,2850,4.14
P08820,Network Strengthening,South,Ranong,Jun,749413,537688,100,94,386,3.75
P08821,Community Health,South,Ranong,Jul,1006237,929050,100,75,2626,3.56
P08822,Elderly Care,South,Ranong,Jul,1444514,1030313,100,85,2589,3.9
P08823,Mental Health,South,Ranong,Jul,1878371,1543479,100,60,1686,4.56
P08824,Healthy School,South,Ranong,Jul,1163714,826666,100,60,1288,3.99
P08825,Food Safety,South,Ranong,Jul,1223390,914788,100,68,778,3.88
P08826,NCD Prevention,South,Ranong,Jul,1407945,1129988,100,64,2531,4.12
P08827,Health Data,South,Ranong,Jul,1800338,1542566,100,94,702,3.98
P08828,Health Promotion,South,Ranong,Jul,1583543,1527114,100,99,1098,3.65
P08829,Policy Development,South,Ranong,Jul,1033927,947641,100,86,1941,4.89
P08830,Network Strengthening,South,Ranong,Jul,571683,540026,100,83,2517,4.65
P08831,Community Health,South,Ranong,Aug,598865,437536,100,81,2932,4.21
P08832,Elderly Care,South,Ranong,Aug,996601,814785,100,63,235,3.82
P08833,Mental Health,South,Ranong,Aug,734150,572292,100,83,428,4.6
P08834,Healthy School,South,Ranong,Aug,1629083,1603700,100,74,1842,4.49
P08835,Food Safety,South,Ranong,Aug,1023293,932265,100,72,539,4.38
P08836,NCD Prevention,South,Ranong,Aug,1170895,859699,100,75,610,3.51
P08837,Health Data,South,Ranong,Aug,1935159,1401207,100,91,1544,4.44
P08838,Health Promotion,South,Ranong,Aug,727360,680340,100,74,726,4.01
P08839,Policy Development,South,Ranong,Aug,1747617,1250138,100,71,403,4.64
P08840,Network Strengthening,South,Ranong,Aug,565885,450173,100,84,1641,4.35
P08841,Community Health,South,Ranong,Sep,1691416,1558617,100,87,2828,4.44
P08842,Elderly Care,South,Ranong,Sep,1557195,1415826,100,90,772,4.39
P08843,Mental Health,South,Ranong,Sep,1059623,893893,100,73,1189,3.79
P08844,Healthy School,South,Ranong,Sep,1117268,1070096,100,99,669,3.73
P08845,Food Safety,South,Ranong,Sep,1281385,1140548,100,67,2126,4.19
P08846,NCD Prevention,South,Ranong,Sep,1869786,1537262,100,79,280,3.53
P08847,Health Data,South,Ranong,Sep,909664,705711,100,95,2457,4.98
P08848,Health Promotion,South,Ranong,Sep,1625997,1310875,100,66,2324,4.44
P08849,Policy Development,South,Ranong,Sep,1550045,1301891,100,67,2640,3.52
P08850,Network Strengthening,South,Ranong,Sep,1380414,1161057,100,89,423,3.88
P08851,Community Health,South,Ranong,Oct,1995652,1485171,100,88,2241,4.09
P08852,Elderly Care,South,Ranong,Oct,1296891,1122157,100,61,1546,4.9
P08853,Mental Health,South,Ranong,Oct,1635024,1480435,100,71,1049,3.58
P08854,Healthy School,South,Ranong,Oct,1214857,1048954,100,84,1427,4.16
P08855,Food Safety,South,Ranong,Oct,880396,673488,100,99,2625,4.56
P08856,NCD Prevention,South,Ranong,Oct,1047646,747483,100,72,728,4.21
P08857,Health Data,South,Ranong,Oct,599056,536165,100,79,1958,4.39
P08858,Health Promotion,South,Ranong,Oct,1412727,1133475,100,70,883,4.13
P08859,Policy Development,South,Ranong,Oct,1152400,845824,100,88,2884,3.94
P08860,Network Strengthening,South,Ranong,Oct,943650,674623,100,76,1482,4.25
P08861,Community Health,South,Ranong,Nov,510938,432386,100,95,1409,4.28
P08862,Elderly Care,South,Ranong,Nov,1397185,1259014,100,75,1336,4.06
P08863,Mental Health,South,Ranong,Nov,583668,494031,100,97,654,4.2
P08864,Healthy School,South,Ranong,Nov,944336,720276,100,98,2840,4.07
P08865,Food Safety,South,Ranong,Nov,1805534,1793383,100,62,1988,4.12
P08866,NCD Prevention,South,Ranong,Nov,1892182,1331467,100,71,1501,3.95
P08867,Health Data,South,Ranong,Nov,1640695,1629463,100,74,1290,3.63
P08868,Health Promotion,South,Ranong,Nov,860094,723571,100,100,1494,4.85
P08869,Policy Development,South,Ranong,Nov,817316,638399,100,73,1426,4.11
P08870,Network Strengthening,South,Ranong,Nov,1524663,1219823,100,91,1002,4.64
P08871,Community Health,South,Ranong,Dec,879584,694959,100,96,1885,4.95
P08872,Elderly Care,South,Ranong,Dec,1192252,933840,100,88,1042,3.66
P08873,Mental Health,South,Ranong,Dec,1791204,1449181,100,95,452,4.11
P08874,Healthy School,South,Ranong,Dec,975161,783296,100,94,883,4.84
P08875,Food Safety,South,Ranong,Dec,1409436,1182912,100,98,1075,4.72
P08876,NCD Prevention,South,Ranong,Dec,500890,420879,100,64,583,4.66
P08877,Health Data,South,Ranong,Dec,1305724,1197119,100,93,1394,4.88
P08878,Health Promotion,South,Ranong,Dec,1407110,1329351,100,65,1558,4.66
P08879,Policy Development,South,Ranong,Dec,1617851,1363347,100,96,2759,3.86
P08880,Network Strengthening,South,Ranong,Dec,1550498,1250458,100,69,2488,3.94
P08881,Community Health,South,Phang Nga,Jan,613693,584741,100,100,2216,4.41
P08882,Elderly Care,South,Phang Nga,Jan,1630067,1611786,100,89,2177,4.22
P08883,Mental Health,South,Phang Nga,Jan,914562,741411,100,61,2820,4.81
P08884,Healthy School,South,Phang Nga,Jan,797735,666214,100,78,2678,3.92
P08885,Food Safety,South,Phang Nga,Jan,1927650,1915852,100,83,2997,3.62
P08886,NCD Prevention,South,Phang Nga,Jan,545156,391608,100,62,208,4.61
P08887,Health Data,South,Phang Nga,Jan,1299484,1204214,100,74,2499,3.95
P08888,Health Promotion,South,Phang Nga,Jan,1619733,1381835,100,81,515,4.87
P08889,Policy Development,South,Phang Nga,Jan,1886265,1626712,100,70,1776,4.38
P08890,Network Strengthening,South,Phang Nga,Jan,1299978,989856,100,89,1560,4.34
P08891,Community Health,South,Phang Nga,Feb,1533079,1260612,100,85,2993,4.35
P08892,Elderly Care,South,Phang Nga,Feb,1371549,1356049,100,79,1751,4.56
P08893,Mental Health,South,Phang Nga,Feb,1203391,1047553,100,88,2627,4.99
P08894,Healthy School,South,Phang Nga,Feb,1766980,1427045,100,64,2788,4.07
P08895,Food Safety,South,Phang Nga,Feb,566378,429340,100,92,2509,4.55
P08896,NCD Prevention,South,Phang Nga,Feb,814582,572946,100,76,2301,4.01
P08897,Health Data,South,Phang Nga,Feb,844071,751169,100,78,2876,4.95
P08898,Health Promotion,South,Phang Nga,Feb,1181408,902887,100,91,2359,4.12
P08899,Policy Development,South,Phang Nga,Feb,1564142,1097653,100,93,1393,4.09
P08900,Network Strengthening,South,Phang Nga,Feb,651853,597600,100,66,1338,4.22
P08901,Community Health,South,Phang Nga,Mar,800198,571798,100,87,1896,4.73
P08902,Elderly Care,South,Phang Nga,Mar,1411357,1082184,100,64,1974,3.73
P08903,Mental Health,South,Phang Nga,Mar,1879395,1837457,100,90,2862,4.62
P08904,Healthy School,South,Phang Nga,Mar,764984,623951,100,64,1429,4.2
P08905,Food Safety,South,Phang Nga,Mar,1995089,1488629,100,70,2325,3.9
P08906,NCD Prevention,South,Phang Nga,Mar,758248,568516,100,97,1076,4.9
P08907,Health Data,South,Phang Nga,Mar,1518654,1511217,100,81,2215,4.32
P08908,Health Promotion,South,Phang Nga,Mar,996497,972775,100,93,2214,3.71
P08909,Policy Development,South,Phang Nga,Mar,845208,762134,100,71,2979,4.69
P08910,Network Strengthening,South,Phang Nga,Mar,948905,937417,100,99,2854,3.5
P08911,Community Health,South,Phang Nga,Apr,1798595,1493376,100,71,511,4.89
P08912,Elderly Care,South,Phang Nga,Apr,1006160,976895,100,97,312,3.75
P08913,Mental Health,South,Phang Nga,Apr,754980,739137,100,78,929,3.58
P08914,Healthy School,South,Phang Nga,Apr,1395430,1238543,100,65,2145,4.63
P08915,Food Safety,South,Phang Nga,Apr,1893075,1335459,100,93,954,3.58
P08916,NCD Prevention,South,Phang Nga,Apr,1694761,1420825,100,73,2298,4.06
P08917,Health Data,South,Phang Nga,Apr,617093,502183,100,79,1969,4.86
P08918,Health Promotion,South,Phang Nga,Apr,613392,496816,100,98,1638,4.46
P08919,Policy Development,South,Phang Nga,Apr,874474,842620,100,68,884,4.35
P08920,Network Strengthening,South,Phang Nga,Apr,640593,581632,100,73,255,4.25
P08921,Community Health,South,Phang Nga,May,1879389,1637288,100,84,2270,4.08
P08922,Elderly Care,South,Phang Nga,May,593893,564909,100,72,2400,4.66
P08923,Mental Health,South,Phang Nga,May,656208,606239,100,84,839,4.7
P08924,Healthy School,South,Phang Nga,May,1006563,832548,100,70,2969,4.4
P08925,Food Safety,South,Phang Nga,May,1392680,1383347,100,75,1915,4.61
P08926,NCD Prevention,South,Phang Nga,May,526613,483082,100,65,2074,3.76
P08927,Health Data,South,Phang Nga,May,667739,575262,100,89,1672,4.0
P08928,Health Promotion,South,Phang Nga,May,1212266,1095827,100,96,2790,4.32
P08929,Policy Development,South,Phang Nga,May,1200253,924866,100,61,2657,3.79
P08930,Network Strengthening,South,Phang Nga,May,990932,775718,100,88,456,3.67
P08931,Community Health,South,Phang Nga,Jun,942586,663036,100,84,1607,3.68
P08932,Elderly Care,South,Phang Nga,Jun,1437411,1308193,100,64,2314,3.99
P08933,Mental Health,South,Phang Nga,Jun,1704188,1342131,100,75,708,4.78
P08934,Healthy School,South,Phang Nga,Jun,1645139,1395397,100,66,1106,3.9
P08935,Food Safety,South,Phang Nga,Jun,1641175,1234626,100,80,669,4.53
P08936,NCD Prevention,South,Phang Nga,Jun,1116813,887911,100,74,2317,4.23
P08937,Health Data,South,Phang Nga,Jun,725975,695930,100,69,1859,4.06
P08938,Health Promotion,South,Phang Nga,Jun,593484,580956,100,68,2485,4.52
P08939,Policy Development,South,Phang Nga,Jun,1235578,1034263,100,69,1162,4.18
P08940,Network Strengthening,South,Phang Nga,Jun,525124,471776,100,63,2087,3.74
P08941,Community Health,South,Phang Nga,Jul,860142,674619,100,85,900,3.57
P08942,Elderly Care,South,Phang Nga,Jul,843565,591671,100,64,2398,4.23
P08943,Mental Health,South,Phang Nga,Jul,1377488,1256326,100,65,679,4.27
P08944,Healthy School,South,Phang Nga,Jul,616282,481361,100,89,333,3.64
P08945,Food Safety,South,Phang Nga,Jul,624639,518754,100,79,2932,3.96
P08946,NCD Prevention,South,Phang Nga,Jul,1441890,1108213,100,97,1421,3.81
P08947,Health Data,South,Phang Nga,Jul,564656,533858,100,88,2362,3.74
P08948,Health Promotion,South,Phang Nga,Jul,1578526,1127672,100,95,1682,3.56
P08949,Policy Development,South,Phang Nga,Jul,1158546,973282,100,100,1987,4.27
P08950,Network Strengthening,South,Phang Nga,Jul,513942,376063,100,92,1190,4.59
P08951,Community Health,South,Phang Nga,Aug,849647,805644,100,87,1620,4.07
P08952,Elderly Care,South,Phang Nga,Aug,1269022,1014484,100,86,2912,4.74
P08953,Mental Health,South,Phang Nga,Aug,1047152,758648,100,99,2758,4.41
P08954,Healthy School,South,Phang Nga,Aug,1849365,1565776,100,88,852,3.86
P08955,Food Safety,South,Phang Nga,Aug,1285036,1262988,100,73,2985,4.35
P08956,NCD Prevention,South,Phang Nga,Aug,933409,665275,100,69,864,4.66
P08957,Health Data,South,Phang Nga,Aug,1235534,1160212,100,64,2197,4.35
P08958,Health Promotion,South,Phang Nga,Aug,1485859,1400831,100,76,2198,4.99
P08959,Policy Development,South,Phang Nga,Aug,777533,611321,100,94,2047,4.08
P08960,Network Strengthening,South,Phang Nga,Aug,1876373,1596149,100,93,240,4.96
P08961,Community Health,South,Phang Nga,Sep,1391157,1203935,100,62,2159,4.81
P08962,Elderly Care,South,Phang Nga,Sep,920376,820948,100,80,2631,3.94
P08963,Mental Health,South,Phang Nga,Sep,1281276,1075188,100,88,2668,4.39
P08964,Healthy School,South,Phang Nga,Sep,1651447,1496656,100,84,1461,4.08
P08965,Food Safety,South,Phang Nga,Sep,1440570,1024873,100,78,637,3.52
P08966,NCD Prevention,South,Phang Nga,Sep,933904,712004,100,89,1685,3.71
P08967,Health Data,South,Phang Nga,Sep,1012621,997027,100,75,1916,4.11
P08968,Health Promotion,South,Phang Nga,Sep,796230,606623,100,63,2115,4.34
P08969,Policy Development,South,Phang Nga,Sep,914523,767302,100,81,2982,4.9
P08970,Network Strengthening,South,Phang Nga,Sep,722851,614939,100,83,1448,4.81
P08971,Community Health,South,Phang Nga,Oct,1188746,1055547,100,74,1550,4.28
P08972,Elderly Care,South,Phang Nga,Oct,1669565,1519889,100,71,2974,4.14
P08973,Mental Health,South,Phang Nga,Oct,1432583,1365779,100,79,2604,4.37
P08974,Healthy School,South,Phang Nga,Oct,1085929,964810,100,94,1034,4.62
P08975,Food Safety,South,Phang Nga,Oct,733125,677733,100,76,175,4.9
P08976,NCD Prevention,South,Phang Nga,Oct,725711,680177,100,65,2591,4.56
P08977,Health Data,South,Phang Nga,Oct,1935826,1892198,100,69,2331,3.68
P08978,Health Promotion,South,Phang Nga,Oct,1253131,1136394,100,94,1003,3.52
P08979,Policy Development,South,Phang Nga,Oct,534669,528168,100,78,2668,4.62
P08980,Network Strengthening,South,Phang Nga,Oct,1629955,1419282,100,100,1721,4.74
P08981,Community Health,South,Phang Nga,Nov,918283,703491,100,84,437,4.2
P08982,Elderly Care,South,Phang Nga,Nov,621824,594357,100,88,929,4.85
P08983,Mental Health,South,Phang Nga,Nov,1277262,897555,100,80,537,4.06
P08984,Healthy School,South,Phang Nga,Nov,1088533,983784,100,77,2368,3.56
P08985,Food Safety,South,Phang Nga,Nov,637959,453391,100,76,2182,4.78
P08986,NCD Prevention,South,Phang Nga,Nov,1250533,989495,100,77,240,4.77
P08987,Health Data,South,Phang Nga,Nov,708856,686031,100,72,1781,3.78
P08988,Health Promotion,South,Phang Nga,Nov,1449763,1160208,100,71,2558,4.41
P08989,Policy Development,South,Phang Nga,Nov,1968632,1796877,100,84,430,4.25
P08990,Network Strengthening,South,Phang Nga,Nov,1864892,1856818,100,73,992,4.64
P08991,Community Health,South,Phang Nga,Dec,1357730,1068597,100,74,1920,3.69
P08992,Elderly Care,South,Phang Nga,Dec,1321813,1123193,100,92,1562,4.33
P08993,Mental Health,South,Phang Nga,Dec,1002502,933196,100,82,584,3.88
P08994,Healthy School,South,Phang Nga,Dec,1337158,1196550,100,65,1928,4.25
P08995,Food Safety,South,Phang Nga,Dec,1000026,950554,100,95,2828,4.32
P08996,NCD Prevention,South,Phang Nga,Dec,1219759,1080567,100,69,2633,3.57
P08997,Health Data,South,Phang Nga,Dec,1649184,1380214,100,62,2657,4.17
P08998,Health Promotion,South,Phang Nga,Dec,828992,618793,100,67,2797,3.75
P08999,Policy Development,South,Phang Nga,Dec,1878112,1452540,100,81,817,4.89
P09000,Network Strengthening,South,Phang Nga,Dec,665177,601774,100,87,2851,3.77
P09001,Community Health,South,Phatthalung,Jan,1982258,1410082,100,62,1070,4.61
P09002,Elderly Care,South,Phatthalung,Jan,624225,620424,100,77,1242,4.04
P09003,Mental Health,South,Phatthalung,Jan,1874875,1796456,100,97,1407,4.88
P09004,Healthy School,South,Phatthalung,Jan,699181,653382,100,77,2133,4.87
P09005,Food Safety,South,Phatthalung,Jan,1456923,1352985,100,81,2126,3.81
P09006,NCD Prevention,South,Phatthalung,Jan,728881,570056,100,77,2404,4.94
P09007,Health Data,South,Phatthalung,Jan,1415194,1024464,100,76,293,3.74
P09008,Health Promotion,South,Phatthalung,Jan,1768895,1586175,100,82,2987,4.43
P09009,Policy Development,South,Phatthalung,Jan,1453209,1306121,100,87,2542,3.57
P09010,Network Strengthening,South,Phatthalung,Jan,1258783,1180020,100,63,2162,3.69
P09011,Community Health,South,Phatthalung,Feb,563017,472969,100,70,622,3.51
P09012,Elderly Care,South,Phatthalung,Feb,1402070,1008943,100,97,721,4.14
P09013,Mental Health,South,Phatthalung,Feb,1760288,1710920,100,76,1647,3.98
P09014,Healthy School,South,Phatthalung,Feb,1360566,1299867,100,100,1267,4.16
P09015,Food Safety,South,Phatthalung,Feb,502486,386600,100,95,1450,3.92
P09016,NCD Prevention,South,Phatthalung,Feb,1024509,911792,100,83,1124,4.54
P09017,Health Data,South,Phatthalung,Feb,1477669,1377137,100,93,2065,4.23
P09018,Health Promotion,South,Phatthalung,Feb,720152,668874,100,79,1686,4.52
P09019,Policy Development,South,Phatthalung,Feb,1947728,1820769,100,95,1948,4.06
P09020,Network Strengthening,South,Phatthalung,Feb,573997,520135,100,75,1398,4.94
P09021,Community Health,South,Phatthalung,Mar,635918,561506,100,83,350,4.48
P09022,Elderly Care,South,Phatthalung,Mar,918692,792493,100,97,612,4.58
P09023,Mental Health,South,Phatthalung,Mar,1745403,1232267,100,87,2713,4.62
P09024,Healthy School,South,Phatthalung,Mar,941283,856275,100,92,2800,4.66
P09025,Food Safety,South,Phatthalung,Mar,565706,517441,100,98,992,3.55
P09026,NCD Prevention,South,Phatthalung,Mar,1986964,1903610,100,76,2035,4.41
P09027,Health Data,South,Phatthalung,Mar,1994922,1927191,100,74,2616,4.83
P09028,Health Promotion,South,Phatthalung,Mar,1549649,1128758,100,71,906,3.72
P09029,Policy Development,South,Phatthalung,Mar,1297423,1132748,100,78,2868,3.54
P09030,Network Strengthening,South,Phatthalung,Mar,1397485,1330450,100,90,1581,3.69
P09031,Community Health,South,Phatthalung,Apr,1991386,1986733,100,74,1540,4.2
P09032,Elderly Care,South,Phatthalung,Apr,1601549,1269257,100,100,1676,4.67
P09033,Mental Health,South,Phatthalung,Apr,892922,723554,100,60,2927,4.67
P09034,Healthy School,South,Phatthalung,Apr,856411,823842,100,65,2922,4.15
P09035,Food Safety,South,Phatthalung,Apr,1749306,1716976,100,75,1024,4.28
P09036,NCD Prevention,South,Phatthalung,Apr,1976748,1919592,100,79,1380,4.89
P09037,Health Data,South,Phatthalung,Apr,606416,493059,100,66,275,4.8
P09038,Health Promotion,South,Phatthalung,Apr,597687,511097,100,89,1261,4.74
P09039,Policy Development,South,Phatthalung,Apr,1718105,1686751,100,91,726,4.55
P09040,Network Strengthening,South,Phatthalung,Apr,1788022,1613838,100,84,689,3.8
P09041,Community Health,South,Phatthalung,May,1730215,1225421,100,86,1286,4.09
P09042,Elderly Care,South,Phatthalung,May,652841,492628,100,68,1347,3.7
P09043,Mental Health,South,Phatthalung,May,1120385,907974,100,65,784,4.15
P09044,Healthy School,South,Phatthalung,May,1566092,1500096,100,61,1662,4.45
P09045,Food Safety,South,Phatthalung,May,869753,647730,100,73,665,3.64
P09046,NCD Prevention,South,Phatthalung,May,661437,621340,100,89,873,3.62
P09047,Health Data,South,Phatthalung,May,788991,658142,100,80,2290,3.92
P09048,Health Promotion,South,Phatthalung,May,1482959,1156066,100,89,407,3.7
P09049,Policy Development,South,Phatthalung,May,817176,813054,100,72,1741,4.47
P09050,Network Strengthening,South,Phatthalung,May,1300128,1055714,100,67,865,4.46
P09051,Community Health,South,Phatthalung,Jun,1641744,1151092,100,96,2506,3.73
P09052,Elderly Care,South,Phatthalung,Jun,1885330,1521706,100,86,1913,4.41
P09053,Mental Health,South,Phatthalung,Jun,1142504,905336,100,83,738,4.46
P09054,Healthy School,South,Phatthalung,Jun,1169589,963164,100,74,2779,4.48
P09055,Food Safety,South,Phatthalung,Jun,1129045,945593,100,61,1769,4.4
P09056,NCD Prevention,South,Phatthalung,Jun,872584,735859,100,97,1700,4.41
P09057,Health Data,South,Phatthalung,Jun,1307361,929601,100,63,1308,4.56
P09058,Health Promotion,South,Phatthalung,Jun,1015936,910447,100,95,685,4.48
P09059,Policy Development,South,Phatthalung,Jun,931872,841448,100,69,970,3.59
P09060,Network Strengthening,South,Phatthalung,Jun,949954,678636,100,63,701,3.85
P09061,Community Health,South,Phatthalung,Jul,1013140,738778,100,99,2136,4.53
P09062,Elderly Care,South,Phatthalung,Jul,966657,878061,100,97,1038,3.83
P09063,Mental Health,South,Phatthalung,Jul,741362,585693,100,65,2259,4.44
P09064,Healthy School,South,Phatthalung,Jul,1649763,1296187,100,90,1968,3.99
P09065,Food Safety,South,Phatthalung,Jul,1196165,919445,100,66,537,4.55
P09066,NCD Prevention,South,Phatthalung,Jul,746332,609448,100,69,2827,4.01
P09067,Health Data,South,Phatthalung,Jul,740853,581745,100,70,2893,4.33
P09068,Health Promotion,South,Phatthalung,Jul,934587,855852,100,65,1412,3.63
P09069,Policy Development,South,Phatthalung,Jul,568533,423157,100,94,2825,4.06
P09070,Network Strengthening,South,Phatthalung,Jul,1868255,1509212,100,68,2591,4.5
P09071,Community Health,South,Phatthalung,Aug,1764883,1469528,100,68,2736,4.64
P09072,Elderly Care,South,Phatthalung,Aug,1503005,1220181,100,96,858,4.43
P09073,Mental Health,South,Phatthalung,Aug,1604000,1413336,100,62,405,3.83
P09074,Healthy School,South,Phatthalung,Aug,1074776,846171,100,98,691,4.86
P09075,Food Safety,South,Phatthalung,Aug,1857880,1325254,100,99,1962,3.73
P09076,NCD Prevention,South,Phatthalung,Aug,928920,847773,100,87,2070,4.57
P09077,Health Data,South,Phatthalung,Aug,1976404,1900623,100,80,1576,4.7
P09078,Health Promotion,South,Phatthalung,Aug,1337987,1236548,100,93,1206,3.63
P09079,Policy Development,South,Phatthalung,Aug,645129,560109,100,82,1832,4.43
P09080,Network Strengthening,South,Phatthalung,Aug,1097913,957484,100,92,2528,3.78
P09081,Community Health,South,Phatthalung,Sep,1661780,1419987,100,94,351,4.98
P09082,Elderly Care,South,Phatthalung,Sep,599921,485890,100,98,2028,3.56
P09083,Mental Health,South,Phatthalung,Sep,854839,741179,100,76,2383,4.47
P09084,Healthy School,South,Phatthalung,Sep,1563997,1279169,100,74,320,3.72
P09085,Food Safety,South,Phatthalung,Sep,658497,592992,100,79,2384,4.51
P09086,NCD Prevention,South,Phatthalung,Sep,1898535,1696855,100,96,2600,4.27
P09087,Health Data,South,Phatthalung,Sep,1056021,762147,100,83,418,3.68
P09088,Health Promotion,South,Phatthalung,Sep,1817027,1724336,100,97,1673,4.55
P09089,Policy Development,South,Phatthalung,Sep,1600439,1289992,100,86,1772,3.51
P09090,Network Strengthening,South,Phatthalung,Sep,1514428,1085297,100,95,744,4.41
P09091,Community Health,South,Phatthalung,Oct,1964028,1467393,100,81,1565,4.66
P09092,Elderly Care,South,Phatthalung,Oct,1271262,1263328,100,93,262,3.75
P09093,Mental Health,South,Phatthalung,Oct,931391,720355,100,86,2109,4.42
P09094,Healthy School,South,Phatthalung,Oct,712282,707237,100,90,1216,3.78
P09095,Food Safety,South,Phatthalung,Oct,1385333,1186180,100,100,2699,3.84
P09096,NCD Prevention,South,Phatthalung,Oct,1536086,1535377,100,97,2563,4.09
P09097,Health Data,South,Phatthalung,Oct,1097855,1075378,100,83,2646,4.64
P09098,Health Promotion,South,Phatthalung,Oct,1508196,1222465,100,61,1323,4.02
P09099,Policy Development,South,Phatthalung,Oct,1264561,1191681,100,61,1928,4.84
P09100,Network Strengthening,South,Phatthalung,Oct,1227714,1224164,100,96,1392,4.64
P09101,Community Health,South,Phatthalung,Nov,1999443,1435746,100,92,153,4.74
P09102,Elderly Care,South,Phatthalung,Nov,739126,618381,100,87,2491,4.74
P09103,Mental Health,South,Phatthalung,Nov,1623502,1487737,100,76,886,4.54
P09104,Healthy School,South,Phatthalung,Nov,1644245,1341471,100,76,1705,4.35
P09105,Food Safety,South,Phatthalung,Nov,1831949,1560500,100,85,1109,4.65
P09106,NCD Prevention,South,Phatthalung,Nov,652086,502021,100,100,2338,4.61
P09107,Health Data,South,Phatthalung,Nov,1548456,1429345,100,94,2112,4.13
P09108,Health Promotion,South,Phatthalung,Nov,1642540,1369053,100,65,1590,4.3
P09109,Policy Development,South,Phatthalung,Nov,946498,804097,100,98,1022,3.89
P09110,Network Strengthening,South,Phatthalung,Nov,1047828,1040758,100,80,606,3.54
P09111,Community Health,South,Phatthalung,Dec,1413690,1065168,100,82,2240,4.88
P09112,Elderly Care,South,Phatthalung,Dec,1206991,975643,100,61,2258,4.15
P09113,Mental Health,South,Phatthalung,Dec,1802976,1466604,100,97,2118,4.78
P09114,Healthy School,South,Phatthalung,Dec,1367670,1171433,100,98,1810,4.36
P09115,Food Safety,South,Phatthalung,Dec,984662,736402,100,73,1744,4.85
P09116,NCD Prevention,South,Phatthalung,Dec,1877609,1446967,100,83,1097,4.96
P09117,Health Data,South,Phatthalung,Dec,1083979,885033,100,98,274,3.79
P09118,Health Promotion,South,Phatthalung,Dec,1894585,1580460,100,97,283,4.43
P09119,Policy Development,South,Phatthalung,Dec,1171821,1116856,100,81,1713,4.18
P09120,Network Strengthening,South,Phatthalung,Dec,1778554,1624913,100,83,1107,4.25
